Workbook

Sheet Coefs
E1: ROOTS | G1: DRY MATTER | I1: WEEDS | K1: PRODUCT ENERGY | N1: RESIDUE ENERGY | O1: HARVEST INDEX | P1: RESIDUES INDICES | T1: NUTRIENTS IN EDIBLE PART | AI1: HARVESTED PRODUCT | AM1: RESIDUE | AR1: Density | AS1: Root C | BA1: 2
A2: Code | B2: Name_biomass | C2: Equiv | D2: Category | E2: BG_Biomass_kgDM_ha | F2: Root_Shoot_ratio | G2: Product_kgDM_kgFM | H2: Residue_kgDM_kgFM | I2: Conventional_kgDM_ha | J2: Organic_kgDM_ha | K2: GE_product_edible_portion_MJ_kgFM | L2: GE_product_residue_MJ_kgFM | M2: GE_product_MJ_kgFM | N2: GE_residue_MJ_kg | O2: kg_product_kg_aerial_biomass | P2: kg_residue_kg_aerial_biomass_FM | Q2: kg_residue_kg_product_FM | R2: Carcass_to_LW | S2: Edible_portion | T2: N_kgN_kgFM | U2: Lipids_g_kgFM | V2: Carbohydrates_g_kgFM | W2: Calcium_mg_kgFM | X2: VitaminA_microg_kgFM | Y2: Edible_kgDM_kgFM | Z2: Edible_kgC_kgFM | AA2: Edible_N_kgFM | AB2: Edible_kgP_kgFM | AC2: Edible_K_kgFM | AD2: NonEdible_kgDM_kgFM | AE2: NonEdible_kgC_kgFM | AF2: NonEdible_kgN_kgFM | AG2: NonEdible_kgP_kgFM | AH2: NonEdible_kgK_kgFM | AI2: Product_kgN_kgDM | AJ2: Product_kgP_kgDM | AK2: Product_kgK_kgDM | AL2: Product_kgC_kgDM | AM2: Residue_kgN_kgDM | AN2: Residue_kgP_kgDM | AO2: Residue_kgK_kgDM | AP2: Residue_kgC_kgDM | AQ2: Residue_humified_kgC_kgC | AR2: MgDM_m3 | AS2: Root_kgC_kgDM | AT2: Root_humified_kgC_kgC | AU2: Root_mass_kgC_kgDM | AV2: Rhizodeposits_mass_kgC_kgDM | AW2: Residue_C_N | AX2: Root_kgN_kgDM | AY2: GE_Roots_MJ_kgDM | AZ2: Rhizodeposits_N_kgN_kgRootN | BA2: Fiber_g_kgFM | BB2: SFA_g_kgFM | BC2: MUFA_g_kgFM | BD2: PUFA_g_kgFM | BE2: PUFA_n3_g_kgFM | BF2: Iron_mg_kgFM | BG2: Zinc_mg_kgFM | BH2: Magnesium_mg_kgFM | BI2: Cadmium_microg_kgFM | BJ2: VitaminB12_microg_kgFM | BK2: VitaminD_microg_kgFM | BL2: Folate_microg_kgFM | BM2: VitaminC_mg_kgFM | BN2: VitaminE_mg_kgFM | BO2: Flavonoids_mg_kgFM | BP2: Carotenoids_mg_kgFM
A3: 75 | B3: Oats | C3: Wheat | D3: Cereals, other | E3: 3393.3333 | F3: 0.40240406 | G3: 0.86733333 | H3: 0.907 | I3: 232.075 | J3: 873.33823 | M3: 15.176 | N3: 15.93853 | O3: 0.41217502 | P3: 0.58782498 | Q3: 1.4261538 | S3: =VLOOKUP($B3,Conversores_Dieta!$B$4:$J$164,Coefs!S$292,0) -> 1 | T3: =AI3*G3 -> 0.013414756 | U3: =VLOOKUP($B3,Conversores_Dieta!$B$4:$J$164,Coefs!U$292,0) -> 71 | V3: =VLOOKUP($B3,Conversores_Dieta!$B$4:$J$164,Coefs!V$292,0) -> 598 | W3: =VLOOKUP($B3,Conversores_Dieta!$B$4:$J$164,Coefs!W$292,0) -> 796 | X3: =VLOOKUP($B3,Conversores_Dieta!$B$4:$J$164,Coefs!X$292,0) -> 0 | AI3: 0.015466667 | AJ3: 0.0036666667 | AK3: 0.004 | AL3: 0.46 | AM3: 0.007 | AN3: 0.00076335878 | AO3: 0.011995638 | AP3: 0.47206667 | AQ3: 0.11534667 | AS3: 0.76065 | AT3: =$AT$228 -> 0.17824592 | AU3: 0.461 | AV3: 0.29965 | AX3: =AI3*O3+P3*AM3 -> 0.010489748 | AY3: 17.5728 | AZ3: 0.7 | BA3: 106 | BB3: 12 | BC3: 22 | BD3: 25 | BE3: 0 | BF3: 47.2 | BG3: 39.7 | BH3: 1770 | BI3: 33.4 | BJ3: 0 | BK3: 0 | BL3: 560 | BM3: 0 | BN3: 7 | BO3: 200 | BP3: 3
A4: 44 | B4: Barley | C4: Wheat | D4: Barley | E4: 1543.9523 | F4: 0.21011179 | G4: 0.885 | H4: 0.864 | I4: 232.075 | J4: 873.33823 | M4: 15.626 | N4: 15.182899 | O4: 0.45373031 | P4: 0.54626969 | Q4: 1.2039524 | S4: =VLOOKUP(C4,$B$3:$X$358,MATCH(S$2,$B$2:$X$2,0),0) -> 1 | T4: =AI4*G4 -> 0.016480821 | U4: =VLOOKUP($C4,$B$3:$X$358,MATCH(U$2,$B$2:$X$2,0),0)*$G4/VLOOKUP($C4,$B$3:$X$358,MATCH($G$2,$B$2:$X$2,0),0) -> 12.081911 | V4: =VLOOKUP($C4,$B$3:$X$358,MATCH(V$2,$B$2:$X$2,0),0)*$G4/VLOOKUP($C4,$B$3:$X$358,MATCH($G$2,$B$2:$X$2,0),0) -> 805.46075 | W4: =VLOOKUP($C4,$B$3:$X$358,MATCH(W$2,$B$2:$X$2,0),0)*$G4/VLOOKUP($C4,$B$3:$X$358,MATCH($G$2,$B$2:$X$2,0),0) -> 151.02389 | X4: =VLOOKUP($C4,$B$3:$X$358,MATCH(X$2,$B$2:$X$2,0),0)*$G4/VLOOKUP($C4,$B$3:$X$358,MATCH($G$2,$B$2:$X$2,0),0) -> 0 | AI4: 0.018622397 | AJ4: 0.0037872787 | AK4: 0.0044569366 | AL4: 0.46 | AM4: 0.007 | AN4: 0.00076335878 | AO4: 0.011995638 | AP4: 0.4467 | AQ4: 0.11534667 | AS4: 0.8085 | AT4: =$AT$228 -> 0.17824592 | AU4: 0.49 | AV4: 0.3185 | AX4: =AI4*O4+P4*AM4 -> 0.012273434 | AY4: 17.5728 | AZ4: 0.7 | BA4: 148 | BB4: 3 | BC4: 2 | BD4: 7 | BE4: 0 | BF4: 60 | BG4: 33 | BH4: 910 | BI4: 33.4 | BJ4: 0 | BK4: 0 | BL4: 500 | BM4: 100 | BN4: 2 | BO4: 600 | BP4: 5
A5: 27 | B5: Rice | D5: Rice | F5: 0.22 | G5: 0.864 | H5: 0.91 | I5: 232.075 | J5: 873.33823 | M5: 15.176 | N5: 15.991248 | O5: 0.45454545 | P5: 0.54545455 | Q5: 1.2 | S5: =VLOOKUP($B5,Conversores_Dieta!$B$4:$J$164,Coefs!S$292,0) -> 1 | T5: =AI5*G5 -> 0.011889908 | U5: =VLOOKUP($B5,Conversores_Dieta!$B$4:$J$164,Coefs!U$292,0) -> 9 | V5: =VLOOKUP($B5,Conversores_Dieta!$B$4:$J$164,Coefs!V$292,0) -> 860 | W5: =VLOOKUP($B5,Conversores_Dieta!$B$4:$J$164,Coefs!W$292,0) -> 100 | X5: =VLOOKUP($B5,Conversores_Dieta!$B$4:$J$164,Coefs!X$292,0) -> 0 | AI5: 0.013761468 | AJ5: 0.001146789 | AK5: 0.0013761468 | AL5: 0.46 | AM5: 0.007 | AN5: 0.00076335878 | AO5: 0.011995638 | AP5: 0.40053571 | AQ5: 0.11534667 | AS5: 0.51315 | AT5: =$AT$228 -> 0.17824592 | AU5: 0.311 | AV5: 0.20215 | AX5: =AI5*O5+P5*AM5 -> 0.010073394 | AY5: 17.5728 | AZ5: 0.7 | BA5: 18.5 | BB5: 2.1 | BC5: 2.3 | BD5: 3.2 | BE5: 0 | BF5: 5 | BG5: 2 | BH5: 130 | BI5: 33.4 | BJ5: 0 | BK5: 0 | BL5: 200 | BM5: 0 | BN5: 3 | BO5: 300 | BP5: 0
A6: 79 | B6: Millet | C6: Maize | D6: Cereals, other | F6: 0.25 | G6: 0.8805 | H6: 0.9 | I6: 232.075 | J6: 873.33823 | M6: 15.1238 | N6: 15.81552 | O6: 0.45 | P6: 0.55 | Q6: 1.2222222 | S6: =VLOOKUP(C6,$B$3:$X$358,MATCH(S$2,$B$2:$X$2,0),0) -> 1 | T6: =AI6*G6 -> 0.013579852 | U6: =VLOOKUP($C6,$B$3:$X$358,MATCH(U$2,$B$2:$X$2,0),0)*$G6/VLOOKUP($C6,$B$3:$X$358,MATCH($G$2,$B$2:$X$2,0),0) -> 27.579466 | V6: =VLOOKUP($C6,$B$3:$X$358,MATCH(V$2,$B$2:$X$2,0),0)*$G6/VLOOKUP($C6,$B$3:$X$358,MATCH($G$2,$B$2:$X$2,0),0) -> 776.3109 | W6: =VLOOKUP($C6,$B$3:$X$358,MATCH(W$2,$B$2:$X$2,0),0)*$G6/VLOOKUP($C6,$B$3:$X$358,MATCH($G$2,$B$2:$X$2,0),0) -> 122.57541 | X6: =VLOOKUP($C6,$B$3:$X$358,MATCH(X$2,$B$2:$X$2,0),0)*$G6/VLOOKUP($C6,$B$3:$X$358,MATCH($G$2,$B$2:$X$2,0),0) -> 0 | AI6: 0.015422887 | AJ6: 0.0032554604 | AK6: 0.00383284 | AL6: 0.46 | AM6: 0.007 | AN6: 0.00076335878 | AO6: 0.011995638 | AP6: 0.42792857 | AQ6: 0.11534667 | AS6: 0.7392 | AT6: =$AT$228 -> 0.17824592 | AU6: 0.448 | AV6: 0.2912 | AX6: =AI6*O6+P6*AM6 -> 0.010790299 | AY6: 17.5728 | AZ6: 0.7 | BA6: =BA8 -> 70 | BB6: =BB8 -> 6.1 | BC6: =BC8 -> 9.8 | BD6: =BD8 -> 17.5 | BE6: =BE8 -> 0 | BF6: =BF8 -> 39 | BG6: =BG8 -> 30 | BH6: =BH8 -> 1300 | ... BP6: =BP8 -> 3
A7: 71 | B7: Rye | D7: Cereals, other | F7: 0.14 | G7: 0.876 | H7: 0.924 | I7: 232.075 | J7: 873.33823 | M7: 14.137 | N7: 16.237267 | O7: 0.43478261 | P7: 0.56521739 | Q7: 1.3 | S7: =VLOOKUP($B7,Conversores_Dieta!$B$4:$J$164,Coefs!S$292,0) -> 1 | T7: =AI7*G7 -> 0.013670314 | U7: =VLOOKUP($B7,Conversores_Dieta!$B$4:$J$164,Coefs!U$292,0) -> 19.3 | V7: =VLOOKUP($B7,Conversores_Dieta!$B$4:$J$164,Coefs!V$292,0) -> 597 | W7: =VLOOKUP($B7,Conversores_Dieta!$B$4:$J$164,Coefs!W$292,0) -> 270 | X7: =VLOOKUP($B7,Conversores_Dieta!$B$4:$J$164,Coefs!X$292,0) -> 0 | AI7: 0.015605381 | AJ7: 0.0033632287 | AK7: 0.0044843049 | AL7: 0.46 | AM7: 0.005 | AN7: 0.00076335878 | AO7: 0.011995638 | AP7: 0.47424 | AQ7: 0.11534667 | AS7: 0.6996 | AT7: =$AT$228 -> 0.17824592 | AU7: 0.424 | AV7: 0.2756 | AX7: =AI7*O7+P7*AM7 -> 0.0096110353 | AY7: 17.5728 | AZ7: 0.7 | BA7: 146 | BB7: 2.9 | BC7: 3 | BD7: 11 | BE7: 0 | BF7: 26.7 | BG7: 37.3 | BH7: 1210 | BI7: 33.4 | BJ7: 0 | BK7: 0 | BL7: 600 | BM7: 0 | BN7: 18.7 | BO7: 300 | BP7: 3.5
A8: 83 | B8: Sorghum | C8: Maize | D8: Cereals, other | F8: 0.086206897 | G8: 0.865 | H8: 0.87 | I8: 232.075 | J8: 873.33823 | M8: 15.98288 | N8: 15.288336 | O8: 0.37234493 | P8: 0.62765507 | Q8: 1.6856818 | S8: =VLOOKUP(C8,$B$3:$X$358,MATCH(S$2,$B$2:$X$2,0),0) -> 1 | T8: 0.01616 | U8: =VLOOKUP($C8,$B$3:$X$358,MATCH(U$2,$B$2:$X$2,0),0)*$G8/VLOOKUP($C8,$B$3:$X$358,MATCH($G$2,$B$2:$X$2,0),0) -> 27.093968 | V8: =VLOOKUP($C8,$B$3:$X$358,MATCH(V$2,$B$2:$X$2,0),0)*$G8/VLOOKUP($C8,$B$3:$X$358,MATCH($G$2,$B$2:$X$2,0),0) -> 762.64501 | W8: =VLOOKUP($C8,$B$3:$X$358,MATCH(W$2,$B$2:$X$2,0),0)*$G8/VLOOKUP($C8,$B$3:$X$358,MATCH($G$2,$B$2:$X$2,0),0) -> 120.41763 | X8: =VLOOKUP($C8,$B$3:$X$358,MATCH(X$2,$B$2:$X$2,0),0)*$G8/VLOOKUP($C8,$B$3:$X$358,MATCH($G$2,$B$2:$X$2,0),0) -> 0 | AI8: =T8/G8 -> 0.018682081 | AJ8: 0.0034482759 | AK8: 0.0040229885 | AL8: 0.46 | AM8: 0.007 | AN8: 0.00076335878 | AO8: 0.011995638 | AP8: 0.45564 | AQ8: 0.11534667 | AS8: 0.7656 | AT8: =$AT$228 -> 0.17824592 | AU8: 0.464 | AV8: 0.3016 | AX8: =AI8*O8+P8*AM8 -> 0.011349764 | AY8: 17.5728 | AZ8: 0.7 | BA8: 70 | BB8: 6.1 | BC8: 9.8 | BD8: 17.5 | BE8: 0 | BF8: 39 | BG8: 30 | BH8: 1300 | BI8: 33.4 | BJ8: 0 | BK8: 0 | BL8: 384 | BM8: 0 | BN8: 8.1 | BO8: 900 | BP8: 3
A9: 15 | B9: Wheat | D9: Wheat | E9: 2028.6684 | F9: 0.20340943 | G9: 0.879 | H9: 0.8665 | I9: 232.075 | J9: 873.33823 | M9: 15.226831 | N9: 15.226831 | O9: 0.42347951 | P9: 0.57652049 | Q9: 1.3613893 | S9: =VLOOKUP($B9,Conversores_Dieta!$B$4:$J$164,Coefs!S$292,0) -> 1 | T9: =AI9*G9 -> 0.018951324 | U9: =VLOOKUP($B9,Conversores_Dieta!$B$4:$J$164,Coefs!U$292,0) -> 12 | V9: =VLOOKUP($B9,Conversores_Dieta!$B$4:$J$164,Coefs!V$292,0) -> 800 | W9: =VLOOKUP($B9,Conversores_Dieta!$B$4:$J$164,Coefs!W$292,0) -> 150 | X9: =VLOOKUP($B9,Conversores_Dieta!$B$4:$J$164,Coefs!X$292,0) -> 0 | AI9: 0.021560096 | AJ9: 0.003514448 | AK9: 0.0040126526 | AL9: 0.46 | AM9: 0.00592 | AN9: 0.00076335878 | AO9: 0.011995638 | AP9: 0.4579975 | AQ9: 0.11534667 | AS9: 0.7656 | AT9: =$AT$228 -> 0.17824592 | AU9: 0.464 | AV9: 0.3016 | AX9: =AI9*O9+P9*AM9 -> 0.01254326 | AY9: 17.5728 | AZ9: 0.7 | BA9: 10 | BB9: 3.7 | BC9: 2.7 | BD9: 11 | BE9: 0 | BF9: 33 | BG9: 41 | BH9: 1470 | BI9: 33.4 | BJ9: 0 | BK9: 0 | BL9: 490 | BM9: 0 | BN9: 14 | BO9: 325 | BP9: 5.5
A10: 56 | B10: Maize | D10: Maize | E10: 4615.7778 | F10: 0.24305481 | G10: 0.862 | H10: 0.881 | I10: 232.075 | J10: 873.33823 | M10: 14.4384 | N10: 15.481637 | O10: 0.51510322 | P10: 0.48489678 | Q10: 0.94135849 | S10: =VLOOKUP($B10,Conversores_Dieta!$B$4:$J$164,Coefs!S$292,0) -> 1 | T10: =AI10*G10 -> 0.01248 | U10: =VLOOKUP($B10,Conversores_Dieta!$B$4:$J$164,Coefs!U$292,0) -> 27 | V10: =VLOOKUP($B10,Conversores_Dieta!$B$4:$J$164,Coefs!V$292,0) -> 760 | W10: =VLOOKUP($B10,Conversores_Dieta!$B$4:$J$164,Coefs!W$292,0) -> 120 | X10: =VLOOKUP($B10,Conversores_Dieta!$B$4:$J$164,Coefs!X$292,0) -> 0 | AI10: 0.014477958 | AJ10: 0.003062645 | AK10: 0.0036426914 | AL10: 0.44 | AM10: 0.00592 | AN10: 0.00076335878 | AO10: 0.011995638 | AP10: 0.43383889 | AQ10: 0.11534667 | AS10: 0.6798 | AT10: =$AT$228 -> 0.17824592 | AU10: 0.412 | AV10: 0.2678 | AX10: =AI10*O10+P10*AM10 -> 0.010328232 | AY10: 17.5728 | AZ10: 0.7 | BA10: 27 | BB10: 1.3 | BC10: 2.4 | BD10: 4.2 | BE10: 0 | BF10: 7 | BG10: 3 | BH10: 300 | BI10: 33.4 | BJ10: 0 | BK10: 0 | BL10: 300 | BM10: 60 | BN10: 4 | BO10: 600 | BP10: 37.5
B11: Winter cereals, other | C11: Wheat | D11: Cereals, other | F11: =AVERAGE(F3:F4,F7,F9) -> 0.23898132 | G11: 0.87258333 | H11: 0.890375 | I11: 232.075 | J11: 873.33823 | M11: 14.911096 | N11: 15.646382 | O11: 0.45 | P11: 0.55 | Q11: 1.2222222 | S11: =VLOOKUP(C11,$B$3:$X$358,MATCH(S$2,$B$2:$X$2,0),0) -> 1 | T11: =AI11*G11 -> 0.016023208 | U11: =VLOOKUP($C11,$B$3:$X$358,MATCH(U$2,$B$2:$X$2,0),0)*$G11/VLOOKUP($C11,$B$3:$X$358,MATCH($G$2,$B$2:$X$2,0),0) -> 11.9124 | V11: =VLOOKUP($C11,$B$3:$X$358,MATCH(V$2,$B$2:$X$2,0),0)*$G11/VLOOKUP($C11,$B$3:$X$358,MATCH($G$2,$B$2:$X$2,0),0) -> 794.16003 | W11: =VLOOKUP($C11,$B$3:$X$358,MATCH(W$2,$B$2:$X$2,0),0)*$G11/VLOOKUP($C11,$B$3:$X$358,MATCH($G$2,$B$2:$X$2,0),0) -> 148.90501 | X11: =VLOOKUP($C11,$B$3:$X$358,MATCH(X$2,$B$2:$X$2,0),0)*$G11/VLOOKUP($C11,$B$3:$X$358,MATCH($G$2,$B$2:$X$2,0),0) -> 0 | AI11: 0.018362955 | AJ11: 0.0036561311 | AK11: 0.0041565297 | AL11: 0.46 | AM11: 0.00592 | AN11: 0.00076335878 | AO11: 0.011995638 | AP11: 0.45761311 | AQ11: 0.11534667 | AS11: 0.721765 | AT11: =$AT$228 -> 0.17824592 | AU11: 0.43743333 | AV11: 0.28433167 | AX11: =AI11*O11+P11*AM11 -> 0.01151933 | AY11: 17.5728 | AZ11: 0.7 | BA11: 133.3 | BB11: 7.9 | BC11: 12.4 | BD11: 18 | BE11: 0 | BF11: 40 | BG11: 36.7 | BH11: 1296.7 | BI11: 33.4 | BJ11: 0 | BK11: 0 | BL11: 530 | BM11: 0 | BN11: 7.7 | BO11: 550 | BP11: 3
B12: Summer cereals, other | C12: Maize | D12: Cereals, other | F12: =AVERAGE(F5:F6,F8,F10) -> 0.19981543 | G12: 0.8635 | H12: 0.8755 | I12: 232.075 | J12: 873.33823 | M12: 15.21064 | N12: 15.384986 | O12: 0.45 | P12: 0.55 | Q12: 1.2222222 | S12: =VLOOKUP(C12,$B$3:$X$358,MATCH(S$2,$B$2:$X$2,0),0) -> 1 | T12: =AI12*G12 -> 0.013317663 | U12: =VLOOKUP($C12,$B$3:$X$358,MATCH(U$2,$B$2:$X$2,0),0)*$G12/VLOOKUP($C12,$B$3:$X$358,MATCH($G$2,$B$2:$X$2,0),0) -> 27.046984 | V12: =VLOOKUP($C12,$B$3:$X$358,MATCH(V$2,$B$2:$X$2,0),0)*$G12/VLOOKUP($C12,$B$3:$X$358,MATCH($G$2,$B$2:$X$2,0),0) -> 761.32251 | W12: =VLOOKUP($C12,$B$3:$X$358,MATCH(W$2,$B$2:$X$2,0),0)*$G12/VLOOKUP($C12,$B$3:$X$358,MATCH($G$2,$B$2:$X$2,0),0) -> 120.20882 | X12: =VLOOKUP($C12,$B$3:$X$358,MATCH(X$2,$B$2:$X$2,0),0)*$G12/VLOOKUP($C12,$B$3:$X$358,MATCH($G$2,$B$2:$X$2,0),0) -> 0 | AI12: 0.015422887 | AJ12: 0.0032554604 | AK12: 0.00383284 | AL12: 0.455 | AM12: 0.00592 | AN12: 0.00076335878 | AO12: 0.011995638 | AP12: 0.42792857 | AQ12: 0.11534667 | AS12: 0.69278 | AT12: =$AT$228 -> 0.17824592 | AU12: 0.41986667 | AV12: 0.27291333 | AX12: =AI12*O12+P12*AM12 -> 0.010196299 | AY12: 17.5728 | AZ12: 0.7 | BA12: 50 | BB12: 1.7 | BC12: 2.4 | BD12: 3.7 | BE12: 0 | BF12: 6 | BG12: 16 | BH12: 715 | BI12: 33.4 | BJ12: 0 | BK12: 0 | BL12: 250 | BM12: 60 | BN12: 5 | BO12: 800 | BP12: 2.5
A13: 97 | B13: Triticale | C13: Wheat | D13: Cereals, other | F13: =$F$11 -> 0.23898132 | G13: =$G$11 -> 0.87258333 | H13: =$H$11 -> 0.890375 | I13: =$I$11 -> 232.075 | J13: =$J$11 -> 873.33823 | M13: =$M$11 -> 14.911096 | N13: =$N$11 -> 15.646382 | O13: =$O$11 -> 0.45 | P13: =$P$11 -> 0.55 | Q13: =$Q$11 -> 1.2222222 | S13: =VLOOKUP(C13,$B$3:$X$358,MATCH(S$2,$B$2:$X$2,0),0) -> 1 | T13: =AI13*G13 -> 0.016023208 | U13: =VLOOKUP($C13,$B$3:$X$358,MATCH(U$2,$B$2:$X$2,0),0)*$G13/VLOOKUP($C13,$B$3:$X$358,MATCH($G$2,$B$2:$X$2,0),0) -> 11.9124 | V13: =VLOOKUP($C13,$B$3:$X$358,MATCH(V$2,$B$2:$X$2,0),0)*$G13/VLOOKUP($C13,$B$3:$X$358,MATCH($G$2,$B$2:$X$2,0),0) -> 794.16003 | W13: =VLOOKUP($C13,$B$3:$X$358,MATCH(W$2,$B$2:$X$2,0),0)*$G13/VLOOKUP($C13,$B$3:$X$358,MATCH($G$2,$B$2:$X$2,0),0) -> 148.90501 | X13: =VLOOKUP($C13,$B$3:$X$358,MATCH(X$2,$B$2:$X$2,0),0)*$G13/VLOOKUP($C13,$B$3:$X$358,MATCH($G$2,$B$2:$X$2,0),0) -> 0 | AI13: =$AI$11 -> 0.018362955 | AJ13: =$AJ$11 -> 0.0036561311 | AK13: =$AK$11 -> 0.0041565297 | AL13: =$AL$11 -> 0.46 | AM13: 0.00592 | AN13: =$AN$11 -> 0.00076335878 | AO13: =$AO$11 -> 0.011995638 | AP13: =$AP$11 -> 0.45761311 | AQ13: =$AQ$11 -> 0.11534667 | AS13: =$AS$11 -> 0.721765 | AT13: =$AT$228 -> 0.17824592 | AU13: =$AU$11 -> 0.43743333 | AV13: =$AV$11 -> 0.28433167 | AX13: =AI13*O13+P13*AM13 -> 0.01151933 | AY13: =$AY$11 -> 17.5728 | AZ13: 0.7 | BA13: 105 | BB13: 3 | BC13: 2 | BD13: 8 | BE13: 0 | BF13: 26 | BG13: 25 | BH13: 1100 | BI13: 33.4 | BJ13: 0 | BK13: 0 | BL13: 740 | BM13: 0 | BN13: 9 | BO13: 250 | BP13: 3.5
A14: 101 | B14: Canary grass | C14: Wheat | D14: Cereals, other | F14: =$F$11 -> 0.23898132 | G14: =$G$11 -> 0.87258333 | H14: =$H$11 -> 0.890375 | I14: =$I$11 -> 232.075 | J14: =$J$11 -> 873.33823 | M14: =$M$11 -> 14.911096 | N14: =$N$11 -> 15.646382 | O14: =$O$11 -> 0.45 | P14: =$P$11 -> 0.55 | Q14: =$Q$11 -> 1.2222222 | S14: =VLOOKUP(C14,$B$3:$X$358,MATCH(S$2,$B$2:$X$2,0),0) -> 1 | T14: =AI14*G14 -> 0.016023208 | U14: =VLOOKUP($C14,$B$3:$X$358,MATCH(U$2,$B$2:$X$2,0),0)*$G14/VLOOKUP($C14,$B$3:$X$358,MATCH($G$2,$B$2:$X$2,0),0) -> 11.9124 | V14: =VLOOKUP($C14,$B$3:$X$358,MATCH(V$2,$B$2:$X$2,0),0)*$G14/VLOOKUP($C14,$B$3:$X$358,MATCH($G$2,$B$2:$X$2,0),0) -> 794.16003 | W14: =VLOOKUP($C14,$B$3:$X$358,MATCH(W$2,$B$2:$X$2,0),0)*$G14/VLOOKUP($C14,$B$3:$X$358,MATCH($G$2,$B$2:$X$2,0),0) -> 148.90501 | X14: =VLOOKUP($C14,$B$3:$X$358,MATCH(X$2,$B$2:$X$2,0),0)*$G14/VLOOKUP($C14,$B$3:$X$358,MATCH($G$2,$B$2:$X$2,0),0) -> 0 | AI14: =$AI$11 -> 0.018362955 | AJ14: =$AJ$11 -> 0.0036561311 | AK14: =$AK$11 -> 0.0041565297 | AL14: =$AL$11 -> 0.46 | AM14: 0.00592 | AN14: =$AN$11 -> 0.00076335878 | AO14: =$AO$11 -> 0.011995638 | AP14: =$AP$11 -> 0.45761311 | AQ14: =$AQ$11 -> 0.11534667 | AS14: =$AS$11 -> 0.721765 | AT14: =$AT$228 -> 0.17824592 | AU14: =$AU$11 -> 0.43743333 | AV14: =$AV$11 -> 0.28433167 | AX14: =AI14*O14+P14*AM14 -> 0.01151933 | AY14: =$AY$11 -> 17.5728 | AZ14: 0.7 | BA14: 130 | BB14: 7.1 | BC14: 12 | BD14: 32.9 | BE14: 0 | BF14: 0 | BG14: 30 | BH14: 1200 | BI14: 33.4 | BJ14: 0 | BK14: 0 | BL14: 550 | BM14: 0 | BN14: 6 | BO14: 300 | BP14: 3
A15: 108 | B15: Cereals nes | C15: Wheat | D15: Cereals, other | F15: =$F$11 -> 0.23898132 | G15: =$G$11 -> 0.87258333 | H15: =$H$11 -> 0.890375 | I15: =$I$11 -> 232.075 | J15: =$J$11 -> 873.33823 | M15: =$M$11 -> 14.911096 | N15: =$N$11 -> 15.646382 | O15: =$O$11 -> 0.45 | P15: =$P$11 -> 0.55 | Q15: =$Q$11 -> 1.2222222 | S15: =VLOOKUP(C15,$B$3:$X$358,MATCH(S$2,$B$2:$X$2,0),0) -> 1 | T15: =AI15*G15 -> 0.016023208 | U15: =VLOOKUP($C15,$B$3:$X$358,MATCH(U$2,$B$2:$X$2,0),0)*$G15/VLOOKUP($C15,$B$3:$X$358,MATCH($G$2,$B$2:$X$2,0),0) -> 11.9124 | V15: =VLOOKUP($C15,$B$3:$X$358,MATCH(V$2,$B$2:$X$2,0),0)*$G15/VLOOKUP($C15,$B$3:$X$358,MATCH($G$2,$B$2:$X$2,0),0) -> 794.16003 | W15: =VLOOKUP($C15,$B$3:$X$358,MATCH(W$2,$B$2:$X$2,0),0)*$G15/VLOOKUP($C15,$B$3:$X$358,MATCH($G$2,$B$2:$X$2,0),0) -> 148.90501 | X15: =VLOOKUP($C15,$B$3:$X$358,MATCH(X$2,$B$2:$X$2,0),0)*$G15/VLOOKUP($C15,$B$3:$X$358,MATCH($G$2,$B$2:$X$2,0),0) -> 0 | AI15: =$AI$11 -> 0.018362955 | AJ15: =$AJ$11 -> 0.0036561311 | AK15: =$AK$11 -> 0.0041565297 | AL15: =$AL$11 -> 0.46 | AM15: 0.00592 | AN15: =$AN$11 -> 0.00076335878 | AO15: =$AO$11 -> 0.011995638 | AP15: =$AP$11 -> 0.45761311 | AQ15: =$AQ$11 -> 0.11534667 | AS15: =$AS$11 -> 0.721765 | AT15: =$AT$228 -> 0.17824592 | AU15: =$AU$11 -> 0.43743333 | AV15: =$AV$11 -> 0.28433167 | AX15: =AI15*O15+P15*AM15 -> 0.01151933 | AY15: =$AY$11 -> 17.5728 | AZ15: 0.7 | BA15: 94.4 | BB15: 4.2 | BC15: 5.3 | BD15: 10.2 | BE15: 0 | BF15: 31.1 | BG15: 26.7 | BH15: 1036.5 | BI15: 33.4 | BJ15: 0 | BK15: 0 | BL15: 441.7 | BM15: 0 | BN15: 7.2 | BO15: 800 | BP15: 4
A16: 103 | B16: Grain, mixed | C16: Wheat | D16: Cereals, other | F16: =$F$11 -> 0.23898132 | G16: =$G$11 -> 0.87258333 | H16: =$H$11 -> 0.890375 | I16: =$I$11 -> 232.075 | J16: =$J$11 -> 873.33823 | M16: =$M$11 -> 14.911096 | N16: =$N$11 -> 15.646382 | O16: =$O$11 -> 0.45 | P16: =$P$11 -> 0.55 | Q16: =$Q$11 -> 1.2222222 | S16: =VLOOKUP(C16,$B$3:$X$358,MATCH(S$2,$B$2:$X$2,0),0) -> 1 | T16: =AI16*G16 -> 0.016023208 | U16: =VLOOKUP($C16,$B$3:$X$358,MATCH(U$2,$B$2:$X$2,0),0)*$G16/VLOOKUP($C16,$B$3:$X$358,MATCH($G$2,$B$2:$X$2,0),0) -> 11.9124 | V16: =VLOOKUP($C16,$B$3:$X$358,MATCH(V$2,$B$2:$X$2,0),0)*$G16/VLOOKUP($C16,$B$3:$X$358,MATCH($G$2,$B$2:$X$2,0),0) -> 794.16003 | W16: =VLOOKUP($C16,$B$3:$X$358,MATCH(W$2,$B$2:$X$2,0),0)*$G16/VLOOKUP($C16,$B$3:$X$358,MATCH($G$2,$B$2:$X$2,0),0) -> 148.90501 | X16: =VLOOKUP($C16,$B$3:$X$358,MATCH(X$2,$B$2:$X$2,0),0)*$G16/VLOOKUP($C16,$B$3:$X$358,MATCH($G$2,$B$2:$X$2,0),0) -> 0 | AI16: =$AI$11 -> 0.018362955 | AJ16: =$AJ$11 -> 0.0036561311 | AK16: =$AK$11 -> 0.0041565297 | AL16: =$AL$11 -> 0.46 | AM16: 0.00592 | AN16: =$AN$11 -> 0.00076335878 | AO16: =$AO$11 -> 0.011995638 | AP16: =$AP$11 -> 0.45761311 | AQ16: =$AQ$11 -> 0.11534667 | AS16: =$AS$11 -> 0.721765 | AT16: =$AT$228 -> 0.17824592 | AU16: =$AU$11 -> 0.43743333 | AV16: =$AV$11 -> 0.28433167 | AX16: =AI16*O16+P16*AM16 -> 0.01151933 | AY16: =$AY$11 -> 17.5728 | AZ16: 0.7 | BA16: 94.4 | BB16: 4.2 | BC16: 5.3 | BD16: 10.2 | BE16: 0 | BF16: 31.1 | BG16: 26.7 | BH16: 1036.5 | BI16: 33.4 | BJ16: 0 | BK16: 0 | BL16: 441.7 | BM16: 0 | BN16: 7.2 | BO16: 800 | BP16: 4
A17: OLD | B17: Oats old | C17: Oats | D17: Cereals, old | F17: 0.5553176 | G17: 0.86733333 | H17: 0.907 | I17: 232.075 | J17: 873.33823 | M17: 15.176 | N17: 15.93853 | O17: 0.33 | P17: 0.67 | Q17: 2.030303 | S17: =VLOOKUP(C17,$B$3:$X$358,MATCH(S$2,$B$2:$X$2,0),0) -> 1 | T17: =AI17*G17 -> 0.013414756 | U17: =VLOOKUP($C17,$B$3:$X$358,MATCH(U$2,$B$2:$X$2,0),0)*$G17/VLOOKUP($C17,$B$3:$X$358,MATCH($G$2,$B$2:$X$2,0),0) -> 71 | V17: =VLOOKUP($C17,$B$3:$X$358,MATCH(V$2,$B$2:$X$2,0),0)*$G17/VLOOKUP($C17,$B$3:$X$358,MATCH($G$2,$B$2:$X$2,0),0) -> 598 | W17: =VLOOKUP($C17,$B$3:$X$358,MATCH(W$2,$B$2:$X$2,0),0)*$G17/VLOOKUP($C17,$B$3:$X$358,MATCH($G$2,$B$2:$X$2,0),0) -> 796 | X17: =VLOOKUP($C17,$B$3:$X$358,MATCH(X$2,$B$2:$X$2,0),0)*$G17/VLOOKUP($C17,$B$3:$X$358,MATCH($G$2,$B$2:$X$2,0),0) -> 0 | AI17: 0.015466667 | AJ17: 0.0036666667 | AK17: 0.004 | AL17: 0.46 | AM17: =AM3 -> 0.007 | AN17: 0.00076335878 | AO17: 0.011995638 | AP17: 0.47206667 | AQ17: 0.11534667 | AS17: 0.76065 | AT17: =$AT$228 -> 0.17824592 | AU17: 0.461 | AV17: 0.29965 | AX17: =AI17*O17+P17*AM17 -> 0.009794 | AY17: 17.5728 | AZ17: 0.7 | BA17: =BA3 -> 106 | BB17: =BB3 -> 12 | BC17: =BC3 -> 22 | BD17: =BD3 -> 25 | BE17: =BE3 -> 0 | BF17: =BF3 -> 47.2 | BG17: =BG3 -> 39.7 | BH17: =BH3 -> 1770 | ... BP17: =BP3 -> 3
A18: OLD | B18: Barley old | C18: Wheat | D18: Cereals, old | F18: 0.28995426 | G18: 0.885 | H18: 0.864 | I18: 232.075 | J18: 873.33823 | M18: 15.626 | N18: 15.182899 | O18: 0.34679004 | P18: 0.65320996 | Q18: 1.8835892 | S18: =VLOOKUP(C18,$B$3:$X$358,MATCH(S$2,$B$2:$X$2,0),0) -> 1 | T18: =AI18*G18 -> 0.016480821 | U18: =VLOOKUP($C18,$B$3:$X$358,MATCH(U$2,$B$2:$X$2,0),0)*$G18/VLOOKUP($C18,$B$3:$X$358,MATCH($G$2,$B$2:$X$2,0),0) -> 12.081911 | V18: =VLOOKUP($C18,$B$3:$X$358,MATCH(V$2,$B$2:$X$2,0),0)*$G18/VLOOKUP($C18,$B$3:$X$358,MATCH($G$2,$B$2:$X$2,0),0) -> 805.46075 | W18: =VLOOKUP($C18,$B$3:$X$358,MATCH(W$2,$B$2:$X$2,0),0)*$G18/VLOOKUP($C18,$B$3:$X$358,MATCH($G$2,$B$2:$X$2,0),0) -> 151.02389 | X18: =VLOOKUP($C18,$B$3:$X$358,MATCH(X$2,$B$2:$X$2,0),0)*$G18/VLOOKUP($C18,$B$3:$X$358,MATCH($G$2,$B$2:$X$2,0),0) -> 0 | AI18: 0.018622397 | AJ18: 0.0037872787 | AK18: 0.0044569366 | AL18: 0.46 | AM18: =AM4 -> 0.007 | AN18: 0.00076335878 | AO18: 0.011995638 | AP18: 0.4467 | AQ18: 0.11534667 | AS18: 0.8085 | AT18: =$AT$228 -> 0.17824592 | AU18: 0.49 | AV18: 0.3185 | AX18: =AI18*O18+P18*AM18 -> 0.011030531 | AY18: 17.5728 | AZ18: 0.7 | BA18: =BA4 -> 148 | BB18: =BB4 -> 3 | BC18: =BC4 -> 2 | BD18: =BD4 -> 7 | BE18: =BE4 -> 0 | BF18: =BF4 -> 60 | BG18: =BG4 -> 33 | BH18: =BH4 -> 910 | ... BP18: =BP4 -> 5
A19: OLD | B19: Rice old | C19: Rice | D19: Cereals, old | F19: 0.3036 | G19: 0.864 | H19: 0.91 | I19: 232.075 | J19: 873.33823 | M19: 15.176 | N19: 15.991248 | O19: 0.3 | P19: 0.7 | Q19: 2.3333333 | S19: =VLOOKUP(C19,$B$3:$X$358,MATCH(S$2,$B$2:$X$2,0),0) -> 1 | T19: =AI19*G19 -> 0.011889908 | U19: =VLOOKUP($C19,$B$3:$X$358,MATCH(U$2,$B$2:$X$2,0),0)*$G19/VLOOKUP($C19,$B$3:$X$358,MATCH($G$2,$B$2:$X$2,0),0) -> 9 | V19: =VLOOKUP($C19,$B$3:$X$358,MATCH(V$2,$B$2:$X$2,0),0)*$G19/VLOOKUP($C19,$B$3:$X$358,MATCH($G$2,$B$2:$X$2,0),0) -> 860 | W19: =VLOOKUP($C19,$B$3:$X$358,MATCH(W$2,$B$2:$X$2,0),0)*$G19/VLOOKUP($C19,$B$3:$X$358,MATCH($G$2,$B$2:$X$2,0),0) -> 100 | X19: =VLOOKUP($C19,$B$3:$X$358,MATCH(X$2,$B$2:$X$2,0),0)*$G19/VLOOKUP($C19,$B$3:$X$358,MATCH($G$2,$B$2:$X$2,0),0) -> 0 | AI19: 0.013761468 | AJ19: 0.001146789 | AK19: 0.0013761468 | AL19: 0.46 | AM19: =AM5 -> 0.007 | AN19: 0.00076335878 | AO19: 0.011995638 | AP19: 0.40053571 | AQ19: 0.11534667 | AS19: 0.51315 | AT19: =$AT$228 -> 0.17824592 | AU19: 0.311 | AV19: 0.20215 | AX19: =AI19*O19+P19*AM19 -> 0.0090284404 | AY19: 17.5728 | AZ19: 0.7 | BA19: =BA5 -> 18.5 | BB19: =BB5 -> 2.1 | BC19: =BC5 -> 2.3 | BD19: =BD5 -> 3.2 | BE19: =BE5 -> 0 | BF19: =BF5 -> 5 | BG19: =BG5 -> 2 | BH19: =BH5 -> 130 | ... BP19: =BP5 -> 0
A20: OLD | B20: Wheat old | C20: Wheat | D20: Cereals, old | E20: 3972 | F20: 0.28070502 | G20: 0.879 | H20: 0.8665 | I20: 232.075 | J20: 873.33823 | M20: 15.226831 | N20: 15.226831 | O20: 0.28333333 | P20: 0.71666667 | Q20: 2.5294118 | S20: =VLOOKUP(C20,$B$3:$X$358,MATCH(S$2,$B$2:$X$2,0),0) -> 1 | T20: =AI20*G20 -> 0.018458825 | U20: =VLOOKUP($C20,$B$3:$X$358,MATCH(U$2,$B$2:$X$2,0),0)*$G20/VLOOKUP($C20,$B$3:$X$358,MATCH($G$2,$B$2:$X$2,0),0) -> 12 | V20: =VLOOKUP($C20,$B$3:$X$358,MATCH(V$2,$B$2:$X$2,0),0)*$G20/VLOOKUP($C20,$B$3:$X$358,MATCH($G$2,$B$2:$X$2,0),0) -> 800 | W20: =VLOOKUP($C20,$B$3:$X$358,MATCH(W$2,$B$2:$X$2,0),0)*$G20/VLOOKUP($C20,$B$3:$X$358,MATCH($G$2,$B$2:$X$2,0),0) -> 150 | X20: =VLOOKUP($C20,$B$3:$X$358,MATCH(X$2,$B$2:$X$2,0),0)*$G20/VLOOKUP($C20,$B$3:$X$358,MATCH($G$2,$B$2:$X$2,0),0) -> 0 | AI20: 0.020999801 | AJ20: 0.003514448 | AK20: 0.0040126526 | AL20: 0.46 | AM20: =AM9 -> 0.00592 | AN20: 0.00076335878 | AO20: 0.011995638 | AP20: 0.4579975 | AQ20: 0.11534667 | AS20: 0.7656 | AT20: =$AT$228 -> 0.17824592 | AU20: 0.464 | AV20: 0.3016 | AX20: =AI20*O20+P20*AM20 -> 0.01019261 | AY20: 17.5728 | AZ20: 0.7 | BA20: =BA9 -> 10 | BB20: =BB6 -> 6.1 | BC20: =BC6 -> 9.8 | BD20: =BD6 -> 17.5 | BE20: =BE6 -> 0 | BF20: =BF6 -> 39 | BG20: =BG6 -> 30 | BH20: =BH6 -> 1300 | BI20: =BI6 -> 33.4 | ... BP20: =BP6 -> 3
A21: OLD | B21: Maize old | C21: Maize | D21: Cereals, old | F21: 0.33541564 | G21: 0.862 | H21: 0.881 | I21: 232.075 | J21: 873.33823 | M21: 14.4384 | N21: 15.481637 | O21: 0.45 | P21: 0.55 | Q21: 1.2222222 | S21: =VLOOKUP(C21,$B$3:$X$358,MATCH(S$2,$B$2:$X$2,0),0) -> 1 | T21: =AI21*G21 -> 0.01248 | U21: =VLOOKUP($C21,$B$3:$X$358,MATCH(U$2,$B$2:$X$2,0),0)*$G21/VLOOKUP($C21,$B$3:$X$358,MATCH($G$2,$B$2:$X$2,0),0) -> 27 | V21: =VLOOKUP($C21,$B$3:$X$358,MATCH(V$2,$B$2:$X$2,0),0)*$G21/VLOOKUP($C21,$B$3:$X$358,MATCH($G$2,$B$2:$X$2,0),0) -> 760 | W21: =VLOOKUP($C21,$B$3:$X$358,MATCH(W$2,$B$2:$X$2,0),0)*$G21/VLOOKUP($C21,$B$3:$X$358,MATCH($G$2,$B$2:$X$2,0),0) -> 120 | X21: =VLOOKUP($C21,$B$3:$X$358,MATCH(X$2,$B$2:$X$2,0),0)*$G21/VLOOKUP($C21,$B$3:$X$358,MATCH($G$2,$B$2:$X$2,0),0) -> 0 | AI21: 0.014477958 | AJ21: 0.003062645 | AK21: 0.0036426914 | AL21: 0.44 | AM21: =AM10 -> 0.00592 | AN21: 0.00076335878 | AO21: 0.011995638 | AP21: 0.43383889 | AQ21: 0.11534667 | AS21: 0.6798 | AT21: =$AT$228 -> 0.17824592 | AU21: 0.412 | AV21: 0.2678 | AX21: =AI21*O21+P21*AM21 -> 0.0097710812 | AY21: 17.5728 | AZ21: 0.7 | BA21: =BA10 -> 27 | BB21: =BB7 -> 2.9 | BC21: =BC7 -> 3 | BD21: =BD7 -> 11 | BE21: =BE7 -> 0 | BF21: =BF7 -> 26.7 | BG21: =BG7 -> 37.3 | BH21: =BH7 -> 1210 | BI21: =BI7 -> 33.4 | ... BP21: =BP7 -> 3.5
B22: Straw | D22: Cereal residues | G22: =H12 -> 0.8755 | AI22: =AM11 -> 0.00592 | AJ22: =AN11 -> 0.00076335878 | AK22: =AO11 -> 0.011995638 | AX22: =AI22*O22+P22*AM22 -> 0 | AZ22: 0.7
B23: Other crop residues | D23: Other residues | G23: =H33 -> 0.89966667 | AI23: =AM33 -> 0.008 | AJ23: =AN33 -> 0.00077777778 | AK23: =AO33 -> 0.015 | AX23: =AI23*O23+P23*AM23 -> 0 | AZ23: 0.7
A24: 242 | B24: Groundnuts, with shell | D24: Oilseeds | F24: 0.07 | G24: 0.91616667 | H24: 0.89966667 | I24: 232.075 | J24: 873.33823 | M24: 15.809662 | N24: 15.809662 | O24: 0.330033 | P24: 0.669967 | Q24: 2.03 | S24: 0.7 | T24: =VLOOKUP($B24,Conversores_Dieta!$B$4:$J$164,Coefs!T$292,0) -> 0.0432 | U24: =VLOOKUP($B24,Conversores_Dieta!$B$4:$J$164,Coefs!U$292,0) -> 490 | V24: =VLOOKUP($B24,Conversores_Dieta!$B$4:$J$164,Coefs!V$292,0) -> 85 | W24: =VLOOKUP($B24,Conversores_Dieta!$B$4:$J$164,Coefs!W$292,0) -> 610 | X24: =VLOOKUP($B24,Conversores_Dieta!$B$4:$J$164,Coefs!X$292,0) -> 0 | AI24: =T24/G24 -> 0.047152993 | AJ24: 0.0049991946 | AK24: 0.012371095 | AL24: 0.6 | AM24: 0.016 | AN24: 0.00077777778 | AO24: 0.015 | AP24: 0.43749765 | AQ24: 0.11534667 | AS24: 0.74707045 | AT24: =$AT$228 -> 0.17824592 | AU24: 0.45276997 | AV24: 0.29430048 | AX24: =AI24*O24+P24*AM24 -> 0.026281516 | AY24: 17.5728 | AZ24: 0.7 | BA24: 81 | BB24: 67.5 | BC24: 231.4 | BD24: 131.9 | BE24: 0.4 | BF24: 25 | BG24: 35 | BH24: 2100 | BI24: 36.2 | BJ24: 0 | BK24: 0 | BL24: 1100 | BM24: 0 | BN24: 109.4 | BO24: 2 | BP24: 0.5
A25: 191 | B25: Chickpea | D25: Legumes | F25: 0.08 | G25: 0.944 | H25: 0.893 | I25: 232.075 | J25: 873.33823 | M25: 15.762 | N25: 15.69251 | O25: 0.37037037 | P25: 0.62962963 | Q25: 1.7 | S25: =VLOOKUP($B25,Conversores_Dieta!$B$4:$J$164,Coefs!S$292,0) -> 1 | T25: =VLOOKUP($B25,Conversores_Dieta!$B$4:$J$164,Coefs!T$292,0) -> 0.03104 | U25: =VLOOKUP($B25,Conversores_Dieta!$B$4:$J$164,Coefs!U$292,0) -> 50 | V25: =VLOOKUP($B25,Conversores_Dieta!$B$4:$J$164,Coefs!V$292,0) -> 550 | W25: =VLOOKUP($B25,Conversores_Dieta!$B$4:$J$164,Coefs!W$292,0) -> 1450 | X25: =VLOOKUP($B25,Conversores_Dieta!$B$4:$J$164,Coefs!X$292,0) -> 320 | AI25: =T25/G25 -> 0.032881356 | AJ25: 0.0049991946 | AK25: 0.012371095 | AL25: 0.46 | AM25: 0.0092 | AN25: 0.00077777778 | AO25: 0.015 | AP25: 0.44 | AQ25: 0.11534667 | AS25: 0.6971831 | AT25: =$AT$228 -> 0.17824592 | AU25: 0.42253521 | AV25: 0.27464789 | AX25: =AI25*O25+P25*AM25 -> 0.017970873 | AY25: 17.5728 | AZ25: 0.7 | BA25: 149.7 | BB25: 4.3 | BC25: 18 | BD25: 28.1 | BE25: 0 | BF25: 68 | BG25: 20 | BH25: 1220 | BI25: 4.39 | BJ25: 0 | BK25: 0 | BL25: 1850 | BM25: 41 | BN25: 31 | BO25: 225 | BP25: 1.5
A26: 236 | B26: Soyabeans | C26: Beans | D26: Oilseeds | E26: 3330.8333 | F26: 0.38854428 | G26: 0.86 | H26: 0.88566667 | I26: 232.075 | J26: 873.33823 | M26: 18.197 | N26: 15.563643 | O26: 0.349316 | P26: 0.650684 | Q26: 1.8627375 | S26: =VLOOKUP(C26,$B$3:$X$358,MATCH(S$2,$B$2:$X$2,0),0) -> 1 | T26: 0.0608 | U26: =VLOOKUP($C26,$B$3:$X$358,MATCH(U$2,$B$2:$X$2,0),0)*$G26/VLOOKUP($C26,$B$3:$X$358,MATCH($G$2,$B$2:$X$2,0),0) -> 12.24822 | V26: =VLOOKUP($C26,$B$3:$X$358,MATCH(V$2,$B$2:$X$2,0),0)*$G26/VLOOKUP($C26,$B$3:$X$358,MATCH($G$2,$B$2:$X$2,0),0) -> 459.30824 | W26: =VLOOKUP($C26,$B$3:$X$358,MATCH(W$2,$B$2:$X$2,0),0)*$G26/VLOOKUP($C26,$B$3:$X$358,MATCH($G$2,$B$2:$X$2,0),0) -> 113.73347 | X26: =VLOOKUP($C26,$B$3:$X$358,MATCH(X$2,$B$2:$X$2,0),0)*$G26/VLOOKUP($C26,$B$3:$X$358,MATCH($G$2,$B$2:$X$2,0),0) -> 0 | AI26: =T26/G26 -> 0.070697674 | AJ26: 0.0062291435 | AK26: 0.0189099 | AL26: 0.52 | AM26: 0.008 | AN26: 0.00077777778 | AO26: 0.015 | AP26: 0.43116667 | AQ26: 0.11534667 | AS26: 0.766425 | AT26: =$AT$228 -> 0.17824592 | AU26: 0.4645 | AV26: 0.301925 | AX26: =AI26*O26+P26*AM26 -> 0.029901301 | AY26: 17.5728 | AZ26: 0.7 | BA26: 42 | BB26: 7.9 | BC26: 13 | BD26: 32 | BE26: 13.5 | BF26: 35.5 | BG26: 9.9 | BH26: 650 | BI26: 4.49 | BJ26: 0 | BK26: 0 | BL26: 1650 | BM26: 290 | BN26: 1 | BO26: 1000 | BP26: 15
A27: 201 | B27: Lentils | D27: Legumes | F27: 0.2879694 | G27: 0.8965 | H27: 0.928 | I27: 232.075 | J27: 873.33823 | M27: 15.356 | N27: 16.307558 | O27: 0.32467532 | P27: 0.67532468 | Q27: 2.08 | S27: =VLOOKUP($B27,Conversores_Dieta!$B$4:$J$164,Coefs!S$292,0) -> 1 | T27: =VLOOKUP($B27,Conversores_Dieta!$B$4:$J$164,Coefs!T$292,0) -> 0.03808 | U27: =VLOOKUP($B27,Conversores_Dieta!$B$4:$J$164,Coefs!U$292,0) -> 18 | V27: =VLOOKUP($B27,Conversores_Dieta!$B$4:$J$164,Coefs!V$292,0) -> 540 | W27: =VLOOKUP($B27,Conversores_Dieta!$B$4:$J$164,Coefs!W$292,0) -> 560 | X27: =VLOOKUP($B27,Conversores_Dieta!$B$4:$J$164,Coefs!X$292,0) -> 100 | AI27: =T27/G27 -> 0.042476297 | AJ27: 0.0046590909 | AK27: 0.010454545 | AL27: 0.46 | AM27: 0.0127 | AN27: 0.00077777778 | AO27: 0.015 | AP27: 0.415 | AQ27: 0.11534667 | AS27: 0.69899666 | AT27: =$AT$228 -> 0.17824592 | AU27: 0.42363434 | AV27: 0.27536232 | AX27: =AI27*O27+P27*AM27 -> 0.022367629 | AY27: 17.5728 | AZ27: 0.7 | BA27: 97 | BB27: 1.7 | BC27: 2.2 | BD27: 5.5 | BE27: 0 | BF27: 68.7 | BG27: 39 | BH27: 743.2 | BI27: 4.39 | BJ27: 0 | BK27: 0 | BL27: 1171 | BM27: 17 | BN27: 9 | BO27: 275 | BP27: 0.8
A28: 210 | B28: Lupin | C28: Lentils | D28: Legumes | F28: 0.2879694 | G28: 0.91616667 | H28: 0.89966667 | I28: 232.075 | J28: 873.33823 | M28: 15.809662 | N28: 15.809662 | O28: 0.3003003 | P28: 0.6996997 | Q28: 2.33 | S28: =VLOOKUP(C28,$B$3:$X$358,MATCH(S$2,$B$2:$X$2,0),0) -> 1 | T28: =VLOOKUP($C28,$B$3:$X$358,MATCH(T$2,$B$2:$X$2,0),0)*$G28/VLOOKUP($C28,$B$3:$X$358,MATCH($G$2,$B$2:$X$2,0),0) -> 0.038915367 | U28: =VLOOKUP($C28,$B$3:$X$358,MATCH(U$2,$B$2:$X$2,0),0)*$G28/VLOOKUP($C28,$B$3:$X$358,MATCH($G$2,$B$2:$X$2,0),0) -> 18.394869 | V28: =VLOOKUP($C28,$B$3:$X$358,MATCH(V$2,$B$2:$X$2,0),0)*$G28/VLOOKUP($C28,$B$3:$X$358,MATCH($G$2,$B$2:$X$2,0),0) -> 551.84607 | W28: =VLOOKUP($C28,$B$3:$X$358,MATCH(W$2,$B$2:$X$2,0),0)*$G28/VLOOKUP($C28,$B$3:$X$358,MATCH($G$2,$B$2:$X$2,0),0) -> 572.28481 | X28: =VLOOKUP($C28,$B$3:$X$358,MATCH(X$2,$B$2:$X$2,0),0)*$G28/VLOOKUP($C28,$B$3:$X$358,MATCH($G$2,$B$2:$X$2,0),0) -> 102.19372 | AI28: 0.053450937 | AJ28: 0.0038588754 | AK28: 0.0093715546 | AL28: 0.47444444 | AM28: 0.008 | AN28: 0.00077777778 | AO28: 0.015 | AP28: 0.477 | AQ28: 0.11534667 | AS28: 0.80355 | AT28: =$AT$228 -> 0.17824592 | AU28: 0.487 | AV28: 0.31655 | AX28: =AI28*O28+P28*AM28 -> 0.02164893 | AY28: 17.5728 | AZ28: 0.7 | BA28: 165 | BB28: 4 | BC28: 22 | BD28: 24 | BE28: 0 | BF28: 43.6 | BG28: 47.5 | BH28: 1980 | BI28: 4.39 | BJ28: 0 | BK28: 0 | BL28: 3550 | BM28: 0 | BN28: 6 | BO28: 375 | BP28: 3
A29: 187 | B29: Pea | D29: Legumes | F29: 0.08 | G29: 0.91616667 | H29: 0.89966667 | I29: 232.075 | J29: 873.33823 | M29: 15.385 | N29: 15.809662 | O29: 0.36832077 | P29: 0.63167923 | Q29: 1.7150247 | S29: =VLOOKUP($B29,Conversores_Dieta!$B$4:$J$164,Coefs!S$292,0) -> 1 | T29: =VLOOKUP($B29,Conversores_Dieta!$B$4:$J$164,Coefs!T$292,0) -> 0.03456 | U29: =VLOOKUP($B29,Conversores_Dieta!$B$4:$J$164,Coefs!U$292,0) -> 23 | V29: =VLOOKUP($B29,Conversores_Dieta!$B$4:$J$164,Coefs!V$292,0) -> 560 | W29: =VLOOKUP($B29,Conversores_Dieta!$B$4:$J$164,Coefs!W$292,0) -> 720 | X29: =VLOOKUP($B29,Conversores_Dieta!$B$4:$J$164,Coefs!X$292,0) -> 420 | AI29: 0.037412032 | AJ29: 0.0045402951 | AK29: 0.011918275 | AL29: 0.46 | AM29: 0.008 | AN29: 0.00077777778 | AO29: 0.015 | AP29: 0.457 | AQ29: 0.11534667 | AS29: 0.73213837 | AT29: =$AT$228 -> 0.17824592 | AU29: 0.44372023 | AV29: 0.28841815 | AX29: =AI29*O29+P29*AM29 -> 0.018833062 | AY29: 17.5728 | AZ29: 0.7 | BA29: 167 | BB29: 1.5 | BC29: 1.3 | BD29: 0.5 | BE29: 0 | BF29: 15 | BG29: 35 | BH29: 1230 | BI29: 4.49 | BJ29: 0 | BK29: 0 | BL29: 780 | BM29: 180 | BN29: 1 | BO29: 175 | BP29: 4.5
A30: 181 | B30: Fava bean | D30: Legumes | F30: 0.60333333 | G30: 0.91533333 | H30: 0.886 | I30: 232.075 | J30: 873.33823 | M30: 15.809662 | N30: 15.809662 | O30: 0.39024422 | P30: 0.60975578 | Q30: 1.5624979 | S30: =VLOOKUP($B30,Conversores_Dieta!$B$4:$J$164,Coefs!S$292,0) -> 1 | T30: =VLOOKUP($B30,Conversores_Dieta!$B$4:$J$164,Coefs!T$292,0) -> 0.0368 | U30: =VLOOKUP($B30,Conversores_Dieta!$B$4:$J$164,Coefs!U$292,0) -> 20 | V30: =VLOOKUP($B30,Conversores_Dieta!$B$4:$J$164,Coefs!V$292,0) -> 560 | W30: =VLOOKUP($B30,Conversores_Dieta!$B$4:$J$164,Coefs!W$292,0) -> 1150 | X30: =VLOOKUP($B30,Conversores_Dieta!$B$4:$J$164,Coefs!X$292,0) -> 420 | AI30: 0.044200913 | AJ30: 0.0057077626 | AK30: 0.013127854 | AL30: 0.46 | AM30: 0.008 | AN30: 0.0015 | AO30: 0.015 | AP30: 0.43749765 | AQ30: 0.11534667 | AS30: 0.72602959 | AT30: =$AT$228 -> 0.17824592 | AU30: 0.44001793 | AV30: 0.28601166 | AX30: =AI30*O30+P30*AM30 -> 0.022127197 | AY30: 17.843863 | AZ30: 0.7 | BA30: 42 | BB30: 0.5 | BC30: 0.4 | BD30: 2 | BE30: 0 | BF30: 17 | BG30: 7 | BH30: 280 | BI30: 4.39 | BJ30: 0 | BK30: 0 | BL30: 780 | BM30: 240 | BN30: 0 | BO30: 175 | BP30: 2
A31: 205 | B31: Vetch | C31: Lentils | D31: Legumes | F31: 0.2879694 | G31: 0.9 | H31: 0.911 | I31: 232.075 | J31: 873.33823 | M31: 18.751433 | N31: 16.008821 | O31: 0.44576523 | P31: 0.55423477 | Q31: 1.2433333 | S31: =VLOOKUP(C31,$B$3:$X$358,MATCH(S$2,$B$2:$X$2,0),0) -> 1 | T31: =VLOOKUP($C31,$B$3:$X$358,MATCH(T$2,$B$2:$X$2,0),0)*$G31/VLOOKUP($C31,$B$3:$X$358,MATCH($G$2,$B$2:$X$2,0),0) -> 0.038228667 | U31: =VLOOKUP($C31,$B$3:$X$358,MATCH(U$2,$B$2:$X$2,0),0)*$G31/VLOOKUP($C31,$B$3:$X$358,MATCH($G$2,$B$2:$X$2,0),0) -> 18.070273 | V31: =VLOOKUP($C31,$B$3:$X$358,MATCH(V$2,$B$2:$X$2,0),0)*$G31/VLOOKUP($C31,$B$3:$X$358,MATCH($G$2,$B$2:$X$2,0),0) -> 542.1082 | W31: =VLOOKUP($C31,$B$3:$X$358,MATCH(W$2,$B$2:$X$2,0),0)*$G31/VLOOKUP($C31,$B$3:$X$358,MATCH($G$2,$B$2:$X$2,0),0) -> 562.18628 | X31: =VLOOKUP($C31,$B$3:$X$358,MATCH(X$2,$B$2:$X$2,0),0)*$G31/VLOOKUP($C31,$B$3:$X$358,MATCH($G$2,$B$2:$X$2,0),0) -> 100.39041 | AI31: 0.037333333 | AJ31: 0.005 | AK31: 0.010444444 | AL31: 0.44 | AM31: 0.008 | AN31: 0.00077777778 | AO31: 0.015 | AP31: 0.43876948 | AQ31: 0.11534667 | AS31: 0.77385 | AT31: =$AT$228 -> 0.17824592 | AU31: 0.469 | AV31: 0.30485 | AX31: =AI31*O31+P31*AM31 -> 0.02107578 | AY31: 17.5728 | AZ31: 0.7 | BA31: 130 | BB31: 0 | BC31: 0 | BD31: 0 | BE31: 0 | BF31: 0 | BG31: 25 | BH31: 740 | BI31: 4.49 | BJ31: 0 | BK31: 0 | BL31: 0 | BM31: 0 | BN31: 0 | BO31: 300 | BP31: 2.5
A32: 176 | B32: Beans | D32: Legumes | F32: 0.2879694 | G32: 0.983 | H32: 0.871 | I32: 232.075 | J32: 873.33823 | M32: 15.809662 | N32: 15.809662 | O32: 0.36832077 | P32: 0.63167923 | Q32: 1.7150247 | S32: =VLOOKUP($B32,Conversores_Dieta!$B$4:$J$164,Coefs!S$292,0) -> 1 | T32: =VLOOKUP($B32,Conversores_Dieta!$B$4:$J$164,Coefs!T$292,0) -> 0.0304 | U32: =VLOOKUP($B32,Conversores_Dieta!$B$4:$J$164,Coefs!U$292,0) -> 14 | V32: =VLOOKUP($B32,Conversores_Dieta!$B$4:$J$164,Coefs!V$292,0) -> 525 | W32: =VLOOKUP($B32,Conversores_Dieta!$B$4:$J$164,Coefs!W$292,0) -> 130 | X32: =VLOOKUP($B32,Conversores_Dieta!$B$4:$J$164,Coefs!X$292,0) -> 0 | AI32: =T32/G32 -> 0.030925738 | AJ32: 0.0049991946 | AK32: 0.012371095 | AL32: 0.46 | AM32: 0.008 | AN32: 0.0014 | AO32: 0.0114 | AP32: 0.43635 | AQ32: 0.11534667 | AS32: 0.75735 | AT32: =$AT$228 -> 0.17824592 | AU32: 0.459 | AV32: 0.29835 | AX32: =AI32*O32+P32*AM32 -> 0.016444025 | AY32: 18.151162 | AZ32: 0.7 | BA32: 44 | BB32: 2.8 | BC32: 1 | BD32: 7 | BE32: 0 | BF32: 51.9 | BG32: 23 | BH32: 390 | BI32: 4.49 | BJ32: 0 | BK32: 0 | BL32: 3080 | BM32: 0 | BN32: 0.5 | BO32: 200 | BP32: 2
A33: 211 | B33: Pulses nes | C33: Pea | D33: Legumes | F33: 0.2879694 | G33: 0.91616667 | H33: 0.89966667 | I33: 232.075 | J33: 873.33823 | M33: 15.809662 | N33: 15.809662 | O33: 0.36832077 | P33: 0.63167923 | Q33: 1.7150247 | S33: =VLOOKUP(C33,$B$3:$X$358,MATCH(S$2,$B$2:$X$2,0),0) -> 1 | T33: =VLOOKUP($C33,$B$3:$X$358,MATCH(T$2,$B$2:$X$2,0),0)*$G33/VLOOKUP($C33,$B$3:$X$358,MATCH($G$2,$B$2:$X$2,0),0) -> 0.03456 | U33: =VLOOKUP($C33,$B$3:$X$358,MATCH(U$2,$B$2:$X$2,0),0)*$G33/VLOOKUP($C33,$B$3:$X$358,MATCH($G$2,$B$2:$X$2,0),0) -> 23 | V33: =VLOOKUP($C33,$B$3:$X$358,MATCH(V$2,$B$2:$X$2,0),0)*$G33/VLOOKUP($C33,$B$3:$X$358,MATCH($G$2,$B$2:$X$2,0),0) -> 560 | W33: =VLOOKUP($C33,$B$3:$X$358,MATCH(W$2,$B$2:$X$2,0),0)*$G33/VLOOKUP($C33,$B$3:$X$358,MATCH($G$2,$B$2:$X$2,0),0) -> 720 | X33: =VLOOKUP($C33,$B$3:$X$358,MATCH(X$2,$B$2:$X$2,0),0)*$G33/VLOOKUP($C33,$B$3:$X$358,MATCH($G$2,$B$2:$X$2,0),0) -> 420 | AI33: 0.047042641 | AJ33: 0.0049991946 | AK33: 0.012371095 | AL33: 0.47444444 | AM33: 0.008 | AN33: 0.00077777778 | AO33: 0.015 | AP33: 0.43749765 | AQ33: 0.11534667 | AS33: 0.74707045 | AT33: =$AT$228 -> 0.17824592 | AU33: 0.45276997 | AV33: 0.29430048 | AX33: =AI33*O33+P33*AM33 -> 0.022380216 | AY33: 17.5728 | AZ33: 0.7 | BA33: 85.8 | BB33: 3.3 | BC33: 10.9 | BD33: 16.6 | BE33: 0 | BF33: 62.3 | BG33: 28.1 | BH33: 941.9 | BI33: 4.49 | BJ33: 0 | BK33: 0 | BL33: 2607.8 | BM33: 74.5 | BN33: 11.6 | BO33: 300 | BP33: 3.3
B34: Tigernuts | D34: Roots and tubers | F34: 0.041176471 | G34: 0.30033333 | H34: 0.25 | I34: 232.075 | J34: 873.33823 | K34: 3.939 | L34: 4.261404 | M34: 4.966349 | N34: 3.51456 | O34: 0.5 | P34: 0.5 | Q34: 1 | S34: =VLOOKUP($B34,Conversores_Dieta!$B$4:$J$164,Coefs!S$292,0) -> 1 | T34: =VLOOKUP($B34,Conversores_Dieta!$B$4:$J$164,Coefs!T$292,0) -> 0.00976 | U34: =VLOOKUP($B34,Conversores_Dieta!$B$4:$J$164,Coefs!U$292,0) -> 237 | V34: =VLOOKUP($B34,Conversores_Dieta!$B$4:$J$164,Coefs!V$292,0) -> 425 | W34: =VLOOKUP($B34,Conversores_Dieta!$B$4:$J$164,Coefs!W$292,0) -> 700 | X34: =VLOOKUP($B34,Conversores_Dieta!$B$4:$J$164,Coefs!X$292,0) -> 0 | AI34: 0.0087991128 | AJ34: 0.0016558783 | AK34: 0.013525658 | AL34: 0.42 | AM34: 0.019 | AP34: 0.43689436 | AQ34: 0.11534667 | AS34: 0.72602959 | AT34: =$AT$228 -> 0.17824592 | AU34: 0.44001793 | AV34: 0.28601166 | AX34: =AI34*O34+P34*AM34 -> 0.013899556 | AY34: 14.05824 | AZ34: 0.7 | BA34: =BA38 -> 0 | BB34: =BB38 -> 0 | BC34: =BC38 -> 0 | BD34: =BD38 -> 0 | BE34: =BE38 -> 0.3 | BF34: =BF38 -> 6 | BG34: =BG38 -> 4 | BH34: =BH38 -> 350 | ... BP34: =BP38 -> 15
A35: 122 | B35: Sweet potato | D35: Roots and tubers | F35: 0.041176471 | G35: 0.258 | H35: 0.25 | I35: 232.075 | J35: 873.33823 | K35: 4.165 | L35: 4.5337824 | M35: 4.2424443 | N35: 3.51456 | O35: 0.53000069 | P35: 0.46999931 | Q35: 0.88679 | S35: =VLOOKUP($B35,Conversores_Dieta!$B$4:$J$164,Coefs!S$292,0) -> 0.79 | T35: =VLOOKUP($B35,Conversores_Dieta!$B$4:$J$164,Coefs!T$292,0) -> 0.00192 | U35: =VLOOKUP($B35,Conversores_Dieta!$B$4:$J$164,Coefs!U$292,0) -> 6 | V35: =VLOOKUP($B35,Conversores_Dieta!$B$4:$J$164,Coefs!V$292,0) -> 215 | W35: =VLOOKUP($B35,Conversores_Dieta!$B$4:$J$164,Coefs!W$292,0) -> 220 | X35: =VLOOKUP($B35,Conversores_Dieta!$B$4:$J$164,Coefs!X$292,0) -> 6670 | AI35: 0.006 | AJ35: 0.0015909091 | AK35: 0.0073863636 | AL35: 0.41 | AM35: 0.019 | AN35: 0 | AO35: 0 | AP35: 0.43689436 | AQ35: 0.11534667 | AS35: 0.72602959 | AT35: =$AT$228 -> 0.17824592 | AU35: 0.44001793 | AV35: 0.28601166 | AX35: =AI35*O35+P35*AM35 -> 0.012109991 | AY35: 14.05824 | AZ35: 0.7 | BA35: 29 | BB35: 0 | BC35: 0 | BD35: 1.3 | BE35: 0.5 | BF35: 7 | BG35: 3 | BH35: 130 | BI35: 21.7 | BJ35: 0 | BK35: 0 | BL35: 520 | BM35: 250 | BN35: 40 | BO35: 175 | BP35: 10
A36: 116 | B36: Potato | D36: Roots and tubers | F36: 0.041176471 | G36: 0.227 | H36: 0.2 | I36: 232.075 | J36: 873.33823 | K36: 3.713 | L36: 3.9890256 | M36: 3.7406026 | N36: 3.51456 | O36: 0.58823529 | P36: 0.41176471 | Q36: 0.7 | S36: =VLOOKUP($B36,Conversores_Dieta!$B$4:$J$164,Coefs!S$292,0) -> 0.9 | T36: =VLOOKUP($B36,Conversores_Dieta!$B$4:$J$164,Coefs!T$292,0) -> 0.004 | U36: =VLOOKUP($B36,Conversores_Dieta!$B$4:$J$164,Coefs!U$292,0) -> 2 | V36: =VLOOKUP($B36,Conversores_Dieta!$B$4:$J$164,Coefs!V$292,0) -> 180 | W36: =VLOOKUP($B36,Conversores_Dieta!$B$4:$J$164,Coefs!W$292,0) -> 90 | X36: =VLOOKUP($B36,Conversores_Dieta!$B$4:$J$164,Coefs!X$292,0) -> 0 | AI36: 0.016 | AJ36: 0.002247191 | AK36: 0.024719101 | AL36: 0.41 | AM36: 0.019 | AP36: 0.4305 | AQ36: 0.11534667 | AS36: 0.72602959 | AT36: =$AT$228 -> 0.17824592 | AU36: 0.44001793 | AV36: 0.28601166 | AX36: =AI36*O36+P36*AM36 -> 0.017235294 | AY36: 17.5728 | AZ36: 0.7 | BA36: 17 | BB36: 0.3 | BC36: 0 | BD36: 1.1 | BE36: 0.5 | BF36: 7 | BG36: 4 | BH36: 200 | BI36: 21.7 | BJ36: 0 | BK36: 0 | BL36: 160 | BM36: 190 | BN36: 0.6 | BO36: 150 | BP36: 7.5
B37: Cassava | C37: Potato | D37: Roots and tubers | F37: 0.041176471 | G37: 0.416 | H37: 0.3 | I37: 232.075 | J37: 873.33823 | K37: 3.939 | L37: 4.261404 | M37: 6.916 | N37: 3.51456 | O37: 0.53941199 | P37: 0.46058801 | Q37: 0.86226333 | S37: =VLOOKUP(C37,$B$3:$X$358,MATCH(S$2,$B$2:$X$2,0),0) -> 0.9 | T37: 0.00144 | U37: =VLOOKUP($C37,$B$3:$X$358,MATCH(U$2,$B$2:$X$2,0),0)*$G37/VLOOKUP($C37,$B$3:$X$358,MATCH($G$2,$B$2:$X$2,0),0) -> 3.6651982 | V37: =VLOOKUP($C37,$B$3:$X$358,MATCH(V$2,$B$2:$X$2,0),0)*$G37/VLOOKUP($C37,$B$3:$X$358,MATCH($G$2,$B$2:$X$2,0),0) -> 329.86784 | W37: =VLOOKUP($C37,$B$3:$X$358,MATCH(W$2,$B$2:$X$2,0),0)*$G37/VLOOKUP($C37,$B$3:$X$358,MATCH($G$2,$B$2:$X$2,0),0) -> 164.93392 | X37: =VLOOKUP($C37,$B$3:$X$358,MATCH(X$2,$B$2:$X$2,0),0)*$G37/VLOOKUP($C37,$B$3:$X$358,MATCH($G$2,$B$2:$X$2,0),0) -> 0 | AI37: =T37/G37 -> 0.0034615385 | AJ37: 0.0011295347 | AK37: 0.0084715102 | AL37: 0.44 | AM37: 0.019 | AP37: 0.43689436 | AQ37: 0.11534667 | AS37: 0.72602959 | AT37: =$AT$228 -> 0.17824592 | AU37: 0.44001793 | AV37: 0.28601166 | AX37: =AI37*O37+P37*AM37 -> 0.010618367 | AY37: 11.7152 | AZ37: 0.7 | BA37: =BA38 -> 0 | BB37: =BB38 -> 0 | BC37: =BC38 -> 0 | BD37: =BD38 -> 0 | BE37: =BE38 -> 0.3 | BF37: =BF38 -> 6 | BG37: =BG38 -> 4 | BH37: =BH38 -> 350 | ... BP37: =BP38 -> 15
A38: 149 | B38: Roots, other | C38: Potato | D38: Roots and tubers | F38: 0.041176471 | G38: 0.30033333 | H38: 0.25 | I38: 232.075 | J38: 873.33823 | K38: 3.939 | L38: 4.261404 | M38: 4.966349 | N38: 3.51456 | O38: 0.53941199 | P38: 0.46058801 | Q38: 0.86226333 | S38: =VLOOKUP(C38,$B$3:$X$358,MATCH(S$2,$B$2:$X$2,0),0) -> 0.9 | T38: =VLOOKUP($C38,$B$3:$X$358,MATCH(T$2,$B$2:$X$2,0),0)*$G38/VLOOKUP($C38,$B$3:$X$358,MATCH($G$2,$B$2:$X$2,0),0) -> 0.0052922173 | U38: =VLOOKUP($C38,$B$3:$X$358,MATCH(U$2,$B$2:$X$2,0),0)*$G38/VLOOKUP($C38,$B$3:$X$358,MATCH($G$2,$B$2:$X$2,0),0) -> 2.6461087 | V38: =VLOOKUP($C38,$B$3:$X$358,MATCH(V$2,$B$2:$X$2,0),0)*$G38/VLOOKUP($C38,$B$3:$X$358,MATCH($G$2,$B$2:$X$2,0),0) -> 238.14978 | W38: =VLOOKUP($C38,$B$3:$X$358,MATCH(W$2,$B$2:$X$2,0),0)*$G38/VLOOKUP($C38,$B$3:$X$358,MATCH($G$2,$B$2:$X$2,0),0) -> 119.07489 | X38: =VLOOKUP($C38,$B$3:$X$358,MATCH(X$2,$B$2:$X$2,0),0)*$G38/VLOOKUP($C38,$B$3:$X$358,MATCH($G$2,$B$2:$X$2,0),0) -> 0 | AI38: 0.0087991128 | AJ38: 0.0016558783 | AK38: 0.013525658 | AL38: 0.42 | AM38: 0.019 | AP38: 0.4305 | AQ38: 0.11534667 | AS38: 0.72602959 | AT38: =$AT$228 -> 0.17824592 | AU38: 0.44001793 | AV38: 0.28601166 | AX38: =AI38*O38+P38*AM38 -> 0.013497519 | AY38: 14.05824 | AZ38: 0.7 | BA38: 0 | BB38: 0 | BC38: 0 | BD38: 0 | BE38: 0.3 | BF38: 6 | BG38: 4 | BH38: 350 | BI38: 14.1 | BJ38: 0 | BK38: 0 | BL38: 0 | BM38: 40 | BN38: 0 | BO38: 150 | BP38: 15
B39: Roots, dry equivalent | C39: Potato | F39: 0.041176471 | G39: 1 | H39: 1 | I39: 232.075 | J39: 873.33823 | K39: 3.939 | L39: 4.261404 | M39: 16.536123 | N39: 14.05824 | O39: 0.53941199 | P39: 0.46058801 | Q39: 0.86226333 | S39: =VLOOKUP(C39,$B$3:$X$358,MATCH(S$2,$B$2:$X$2,0),0) -> 0.9 | T39: =VLOOKUP($C39,$B$3:$X$358,MATCH(T$2,$B$2:$X$2,0),0)*$G39/VLOOKUP($C39,$B$3:$X$358,MATCH($G$2,$B$2:$X$2,0),0) -> 0.017621145 | U39: =VLOOKUP($C39,$B$3:$X$358,MATCH(U$2,$B$2:$X$2,0),0)*$G39/VLOOKUP($C39,$B$3:$X$358,MATCH($G$2,$B$2:$X$2,0),0) -> 8.8105727 | V39: =VLOOKUP($C39,$B$3:$X$358,MATCH(V$2,$B$2:$X$2,0),0)*$G39/VLOOKUP($C39,$B$3:$X$358,MATCH($G$2,$B$2:$X$2,0),0) -> 792.95154 | W39: =VLOOKUP($C39,$B$3:$X$358,MATCH(W$2,$B$2:$X$2,0),0)*$G39/VLOOKUP($C39,$B$3:$X$358,MATCH($G$2,$B$2:$X$2,0),0) -> 396.47577 | X39: =VLOOKUP($C39,$B$3:$X$358,MATCH(X$2,$B$2:$X$2,0),0)*$G39/VLOOKUP($C39,$B$3:$X$358,MATCH($G$2,$B$2:$X$2,0),0) -> 0 | AI39: =T39/G39 -> 0.017621145 | AM39: 0.019 | AN39: 0 | AO39: 0 | AP39: 0.4305 | AQ39: 0.11534667 | AS39: 0.72602959 | AT39: =$AT$228 -> 0.17824592 | AU39: 0.44001793 | AV39: 0.28601166 | AX39: =AI39*O39+P39*AM39 -> 0.018256229 | AY39: 14.05824 | AZ39: 0.7
A40: 407 | B40: Leek | D40: Vegetables | F40: 0.15 | G40: 0.129 | H40: 0.205 | I40: 212 | J40: 1634.2638 | K40: 1.891 | L40: 2.2668912 | M40: 2.0225619 | N40: 3.602424 | O40: 1 | P40: 0 | Q40: 0 | S40: =VLOOKUP($B40,Conversores_Dieta!$B$4:$J$164,Coefs!S$292,0) -> 0.65 | T40: =VLOOKUP($B40,Conversores_Dieta!$B$4:$J$164,Coefs!T$292,0) -> 0.0032 | U40: =VLOOKUP($B40,Conversores_Dieta!$B$4:$J$164,Coefs!U$292,0) -> 4 | V40: =VLOOKUP($B40,Conversores_Dieta!$B$4:$J$164,Coefs!V$292,0) -> 75 | W40: =VLOOKUP($B40,Conversores_Dieta!$B$4:$J$164,Coefs!W$292,0) -> 600 | X40: =VLOOKUP($B40,Conversores_Dieta!$B$4:$J$164,Coefs!X$292,0) -> 1230 | AI40: =T40/G40 -> 0.024806202 | AL40: 0.41 | AM40: 0.029 | AP40: 0.341 | AQ40: 0.11534667 | AS40: 0.72602959 | AT40: =$AT$228 -> 0.17824592 | AU40: 0.44001793 | AV40: 0.28601166 | AX40: =AI40*O40+P40*AM40 -> 0.024806202 | AY40: 17.5728 | AZ40: 0.7 | BA40: 28 | BB40: 0 | BC40: 0 | BD40: 2 | BE40: 1 | BF40: 9 | BG40: 2 | BH40: 110 | BI40: 7.27 | BJ40: 0 | BK40: 0 | BL40: 960 | BM40: 180 | BN40: 7.3 | BO40: 150 | BP40: 0.3
A41: 403 | B41: Onion | D41: Vegetables | F41: 0.15 | G41: 0.061 | H41: 0.1985 | I41: 212 | J41: 1634.2638 | M41: 0.995 | N41: 3.4882008 | O41: 0.61960975 | P41: 0.38039025 | Q41: 0.61391908 | S41: =VLOOKUP($B41,Conversores_Dieta!$B$4:$J$164,Coefs!S$292,0) -> 1 | T41: =VLOOKUP($B41,Conversores_Dieta!$B$4:$J$164,Coefs!T$292,0) -> 0.00224 | U41: =VLOOKUP($B41,Conversores_Dieta!$B$4:$J$164,Coefs!U$292,0) -> 2 | V41: =VLOOKUP($B41,Conversores_Dieta!$B$4:$J$164,Coefs!V$292,0) -> 35 | W41: =VLOOKUP($B41,Conversores_Dieta!$B$4:$J$164,Coefs!W$292,0) -> 1140 | X41: =VLOOKUP($B41,Conversores_Dieta!$B$4:$J$164,Coefs!X$292,0) -> 0 | AI41: =T41/G41 -> 0.036721311 | AL41: 0.41 | AM41: 0.024 | AP41: 0.294 | AQ41: 0.11534667 | AS41: 0.72602959 | AT41: =$AT$228 -> 0.17824592 | AU41: 0.44001793 | AV41: 0.28601166 | AX41: =AI41*O41+P41*AM41 -> 0.031882249 | AY41: 17.5728 | AZ41: 0.7 | BA41: 18 | BB41: 0 | BC41: 0 | BD41: 0 | BE41: 0.1 | BF41: 2.7 | BG41: 2.6 | BH41: 42 | BI41: 12.7 | BJ41: 0 | BK41: 0 | BL41: 70 | BM41: 69 | BN41: 4.5 | BO41: 450 | BP41: 0
A42: 406 | B42: Garlic | D42: Vegetables | F42: 0.15 | G42: 0.297 | H42: 0.3 | I42: 212 | J42: 1634.2638 | K42: 5.246 | L42: 5.2191216 | M42: 5.2395492 | N42: 5.27184 | O42: 1 | P42: =Q42/(1+Q42) -> 0.090909091 | Q42: 0.1 | S42: =VLOOKUP($B42,Conversores_Dieta!$B$4:$J$164,Coefs!S$292,0) -> 0.76 | T42: =VLOOKUP($B42,Conversores_Dieta!$B$4:$J$164,Coefs!T$292,0) -> 0.00848 | U42: =VLOOKUP($B42,Conversores_Dieta!$B$4:$J$164,Coefs!U$292,0) -> 3 | V42: =VLOOKUP($B42,Conversores_Dieta!$B$4:$J$164,Coefs!V$292,0) -> 230 | W42: =VLOOKUP($B42,Conversores_Dieta!$B$4:$J$164,Coefs!W$292,0) -> 114 | X42: =VLOOKUP($B42,Conversores_Dieta!$B$4:$J$164,Coefs!X$292,0) -> 0 | AI42: =T42/G42 -> 0.028552189 | AL42: 0.41 | AM42: 0.026125 | AP42: 0.35967 | AQ42: 0.11534667 | AS42: 0.72602959 | AT42: =$AT$228 -> 0.17824592 | AU42: 0.44001793 | AV42: 0.28601166 | AX42: =AI42*O42+P42*AM42 -> 0.030927189 | AY42: 17.5728 | AZ42: 0.7 | BA42: 12 | BB42: 0.5 | BC42: 0.3 | BD42: 1 | BE42: 1 | BF42: 12 | BG42: 11 | BH42: 241 | BI42: 7.27 | BJ42: 0 | BK42: 0 | BL42: 48 | BM42: 140 | BN42: 1 | BO42: 75 | BP42: 0
B43: Celery | D43: Vegetables | F43: 0.15 | G43: 0.046 | H43: 0.099 | I43: 212 | J43: 1634.2638 | K43: 0.598 | L43: 0.8083488 | M43: 0.67162208 | N43: 1.7397072 | O43: 0.86124402 | P43: 0.13875598 | Q43: 0.16111111 | S43: =VLOOKUP($B43,Conversores_Dieta!$B$4:$J$164,Coefs!S$292,0) -> 0.65 | T43: =VLOOKUP($B43,Conversores_Dieta!$B$4:$J$164,Coefs!T$292,0) -> 0.00208 | U43: =VLOOKUP($B43,Conversores_Dieta!$B$4:$J$164,Coefs!U$292,0) -> 2 | V43: =VLOOKUP($B43,Conversores_Dieta!$B$4:$J$164,Coefs!V$292,0) -> 13 | W43: =VLOOKUP($B43,Conversores_Dieta!$B$4:$J$164,Coefs!W$292,0) -> 550 | X43: =VLOOKUP($B43,Conversores_Dieta!$B$4:$J$164,Coefs!X$292,0) -> 950 | AI43: =T43/G43 -> 0.045217391 | AL43: 0.41 | AM43: 0.026125 | AP43: 0.35967 | AQ43: 0.11534667 | AS43: 0.72602959 | AT43: =$AT$228 -> 0.17824592 | AU43: 0.44001793 | AV43: 0.28601166 | AX43: =AI43*O43+P43*AM43 -> 0.042568208 | AY43: 17.5728 | AZ43: 0.7 | BA43: 20 | BB43: 0 | BC43: 0 | BD43: 0 | BE43: 0.1 | BF43: 5 | BG43: 1 | BH43: 140 | BI43: 7.27 | BJ43: 0 | BK43: 0 | BL43: 180 | BM43: 80 | BN43: 2 | BO43: 55 | BP43: 2
A44: 367 | B44: Asparagus | D44: Vegetables | F44: 0.15 | G44: 0.053 | H44: 0.3 | I44: 212 | J44: 1634.2638 | K44: 0.808 | L44: 0.9313584 | M44: 0.85734336 | N44: 5.27184 | O44: 0.21786492 | P44: 0.78213508 | Q44: 3.59 | S44: =VLOOKUP($B44,Conversores_Dieta!$B$4:$J$164,Coefs!S$292,0) -> 0.6 | T44: =VLOOKUP($B44,Conversores_Dieta!$B$4:$J$164,Coefs!T$292,0) -> 0.00432 | U44: =VLOOKUP($B44,Conversores_Dieta!$B$4:$J$164,Coefs!U$292,0) -> 0 | V44: =VLOOKUP($B44,Conversores_Dieta!$B$4:$J$164,Coefs!V$292,0) -> 11 | W44: =VLOOKUP($B44,Conversores_Dieta!$B$4:$J$164,Coefs!W$292,0) -> 220 | X44: =VLOOKUP($B44,Conversores_Dieta!$B$4:$J$164,Coefs!X$292,0) -> 530 | AI44: =T44/G44 -> 0.081509434 | AL44: 0.41 | AM44: 0.026125 | AP44: 0.35967 | AQ44: 0.11534667 | AS44: 0.72602959 | AT44: =$AT$228 -> 0.17824592 | AU44: 0.44001793 | AV44: 0.28601166 | AX44: =AI44*O44+P44*AM44 -> 0.038191325 | AY44: 17.5728 | AZ44: 0.7 | BA44: 17 | BB44: 1 | BC44: 1 | BD44: 2 | BE44: 0 | BF44: 13 | BG44: 5.1 | BH44: 125 | BI44: 7.27 | BJ44: 0 | BK44: 0 | BL44: 1130 | BM44: 216 | BN44: 20 | BO44: 150 | BP44: 0.5
B45: Beet | D45: Vegetables | F45: 0.15 | G45: 0.108 | H45: 0.121 | I45: 212 | J45: 1634.2638 | K45: 1.387 | L45: 1.8978624 | M45: 1.4789552 | N45: 2.1263088 | O45: 0.51282051 | P45: 0.48717949 | Q45: 0.95 | S45: =VLOOKUP($B45,Conversores_Dieta!$B$4:$J$164,Coefs!S$292,0) -> 0.82 | T45: =VLOOKUP($B45,Conversores_Dieta!$B$4:$J$164,Coefs!T$292,0) -> 0.00208 | U45: =VLOOKUP($B45,Conversores_Dieta!$B$4:$J$164,Coefs!U$292,0) -> 0 | V45: =VLOOKUP($B45,Conversores_Dieta!$B$4:$J$164,Coefs!V$292,0) -> 64 | W45: =VLOOKUP($B45,Conversores_Dieta!$B$4:$J$164,Coefs!W$292,0) -> 230 | X45: =VLOOKUP($B45,Conversores_Dieta!$B$4:$J$164,Coefs!X$292,0) -> 0 | AI45: =T45/G45 -> 0.019259259 | AL45: 0.41 | AM45: 0.029 | AP45: 0.28 | AQ45: 0.11534667 | AS45: 0.72602959 | AT45: =$AT$228 -> 0.17824592 | AU45: 0.44001793 | AV45: 0.28601166 | AX45: =AI45*O45+P45*AM45 -> 0.024004748 | AY45: 17.5728 | AZ45: 0.7 | BA45: 25 | BB45: 0 | BC45: 0 | BD45: 0 | BE45: 0.1 | BF45: 8 | BG45: 3.5 | BH45: 225 | BI45: 7.27 | BJ45: 0 | BK45: 0 | BL45: 900 | BM45: 49 | BN45: 0.4 | BO45: 200 | BP45: 0.4
B46: Chard | D46: Vegetables | F46: 0.15 | G46: 0.125 | H46: 0.185 | I46: 212 | J46: 1634.2638 | K46: 1.381 | L46: 2.1966 | M46: 1.62568 | N46: 3.250968 | O46: 0.90819348 | P46: 0.091806515 | Q46: 0.10108696 | S46: =VLOOKUP($B46,Conversores_Dieta!$B$4:$J$164,Coefs!S$292,0) -> 0.7 | T46: =VLOOKUP($B46,Conversores_Dieta!$B$4:$J$164,Coefs!T$292,0) -> 0.0032 | U46: =VLOOKUP($B46,Conversores_Dieta!$B$4:$J$164,Coefs!U$292,0) -> 4 | V46: =VLOOKUP($B46,Conversores_Dieta!$B$4:$J$164,Coefs!V$292,0) -> 45 | W46: =VLOOKUP($B46,Conversores_Dieta!$B$4:$J$164,Coefs!W$292,0) -> 1130 | X46: =VLOOKUP($B46,Conversores_Dieta!$B$4:$J$164,Coefs!X$292,0) -> 1830 | AI46: =T46/G46 -> 0.0256 | AL46: 0.41 | AM46: 0.026125 | AP46: 0.35967 | AQ46: 0.11534667 | AS46: 0.72602959 | AT46: =$AT$228 -> 0.17824592 | AU46: 0.44001793 | AV46: 0.28601166 | AX46: =AI46*O46+P46*AM46 -> 0.025648198 | AY46: 17.5728 | AZ46: 0.7 | BA46: 10 | BB46: 0 | BC46: 0 | BD46: 0 | BE46: 0.4 | BF46: 23 | BG46: 2 | BH46: 810 | BI46: 7.27 | BJ46: 0 | BK46: 0 | BL46: 220 | BM46: 350 | BN46: 0.3 | BO46: 100 | BP46: 40
B47: Borage | D47: Vegetables | F47: 0.15 | G47: 0.065 | H47: 0.17397079 | I47: 212 | J47: 1634.2638 | K47: 1.214 | L47: 1.142232 | M47: 1.1996464 | N47: 3.0571538 | O47: 0.86124402 | P47: 0.13875598 | Q47: 0.16111111 | S47: =VLOOKUP($B47,Conversores_Dieta!$B$4:$J$164,Coefs!S$292,0) -> 0.8 | T47: =VLOOKUP($B47,Conversores_Dieta!$B$4:$J$164,Coefs!T$292,0) -> 0.00288 | U47: =VLOOKUP($B47,Conversores_Dieta!$B$4:$J$164,Coefs!U$292,0) -> 7 | V47: =VLOOKUP($B47,Conversores_Dieta!$B$4:$J$164,Coefs!V$292,0) -> 31 | W47: =VLOOKUP($B47,Conversores_Dieta!$B$4:$J$164,Coefs!W$292,0) -> 930 | X47: =VLOOKUP($B47,Conversores_Dieta!$B$4:$J$164,Coefs!X$292,0) -> 2100 | AI47: =T47/G47 -> 0.044307692 | AL47: 0.41 | AM47: 0.026125 | AP47: 0.35967 | AQ47: 0.11534667 | AS47: 0.72602959 | AT47: =$AT$228 -> 0.17824592 | AU47: 0.44001793 | AV47: 0.28601166 | AX47: =AI47*O47+P47*AM47 -> 0.041784735 | AY47: 17.5728 | AZ47: 0.7 | BA47: 27 | BB47: 1.7 | BC47: 2.1 | BD47: 1.1 | BE47: 1.5 | BF47: 33 | BG47: 2 | BH47: 520 | BI47: 7.27 | BJ47: 0 | BK47: 130 | BL47: 130 | BM47: 350 | BN47: 0 | BO47: 225 | BP47: 0.6
A48: 358 | B48: Cabbage, Broccoli | D48: Vegetables | F48: 0.15 | G48: 0.103 | H48: 0.17666667 | I48: 212 | J48: 1634.2638 | K48: 1.454 | L48: 1.8099984 | M48: 1.5429996 | N48: 3.104528 | O48: 0.44829191 | P48: 0.55170809 | Q48: 1.2306894 | S48: =VLOOKUP($B48,Conversores_Dieta!$B$4:$J$164,Coefs!S$292,0) -> 0.85 | T48: =VLOOKUP($B48,Conversores_Dieta!$B$4:$J$164,Coefs!T$292,0) -> 0.00688 | U48: =VLOOKUP($B48,Conversores_Dieta!$B$4:$J$164,Coefs!U$292,0) -> 9 | V48: =VLOOKUP($B48,Conversores_Dieta!$B$4:$J$164,Coefs!V$292,0) -> 25.4 | W48: =VLOOKUP($B48,Conversores_Dieta!$B$4:$J$164,Coefs!W$292,0) -> 2120 | X48: =VLOOKUP($B48,Conversores_Dieta!$B$4:$J$164,Coefs!X$292,0) -> 8666 | AI48: =T48/G48 -> 0.066796117 | AL48: 0.41 | AM48: 0.028 | AP48: 0.38666667 | AQ48: 0.11534667 | AS48: 0.72602959 | AT48: =$AT$228 -> 0.17824592 | AU48: 0.44001793 | AV48: 0.28601166 | AX48: =AI48*O48+P48*AM48 -> 0.045391985 | AY48: 17.5728 | AZ48: 0.7 | BA48: 31 | BB48: 1 | BC48: 0 | BD48: 3 | BE48: 0 | BF48: 6 | BG48: 4 | BH48: 60 | BI48: 7.27 | BJ48: 0 | BK48: 0 | BL48: 780 | BM48: 490 | BN48: 2 | BO48: 325 | BP48: 4
A49: 393 | B49: Cauliflower | D49: Vegetables | F49: 0.15 | G49: 0.076 | H49: 0.21 | I49: 212 | J49: 1634.2638 | K49: 1.111 | L49: 1.3355328 | M49: 1.1559066 | N49: 3.690288 | O49: 0.6514658 | P49: 0.3485342 | Q49: 0.535 | S49: =VLOOKUP($B49,Conversores_Dieta!$B$4:$J$164,Coefs!S$292,0) -> 0.8 | T49: =VLOOKUP($B49,Conversores_Dieta!$B$4:$J$164,Coefs!T$292,0) -> 0.00352 | U49: =VLOOKUP($B49,Conversores_Dieta!$B$4:$J$164,Coefs!U$292,0) -> 2 | V49: =VLOOKUP($B49,Conversores_Dieta!$B$4:$J$164,Coefs!V$292,0) -> 31 | W49: =VLOOKUP($B49,Conversores_Dieta!$B$4:$J$164,Coefs!W$292,0) -> 220 | X49: =VLOOKUP($B49,Conversores_Dieta!$B$4:$J$164,Coefs!X$292,0) -> 0 | AI49: =T49/G49 -> 0.046315789 | AL49: 0.41 | AM49: 0.026125 | AP49: 0.35967 | AQ49: 0.11534667 | AS49: 0.72602959 | AT49: =$AT$228 -> 0.17824592 | AU49: 0.44001793 | AV49: 0.28601166 | AX49: =AI49*O49+P49*AM49 -> 0.039278609 | AY49: 17.5728 | AZ49: 0.7 | BA49: 23 | BB49: 0 | BC49: 0 | BD49: 1.4 | BE49: 0.2 | BF49: 5 | BG49: 6 | BH49: 120 | BI49: 7.27 | BJ49: 0 | BK49: 0 | BL49: 640 | BM49: 470 | BN49: 1.2 | BO49: 35 | BP49: 4
B50: Turnip | D50: Vegetables | F50: 0.15 | G50: 0.089 | H50: 0.2 | I50: 212 | J50: 1634.2638 | K50: 1.151 | L50: 1.5639792 | M50: 1.2625044 | N50: 3.51456 | O50: 0.53000069 | P50: 0.46999931 | Q50: 0.88679 | S50: =VLOOKUP($B50,Conversores_Dieta!$B$4:$J$164,Coefs!S$292,0) -> 0.73 | T50: =VLOOKUP($B50,Conversores_Dieta!$B$4:$J$164,Coefs!T$292,0) -> 0.00128 | U50: =VLOOKUP($B50,Conversores_Dieta!$B$4:$J$164,Coefs!U$292,0) -> 3 | V50: =VLOOKUP($B50,Conversores_Dieta!$B$4:$J$164,Coefs!V$292,0) -> 50 | W50: =VLOOKUP($B50,Conversores_Dieta!$B$4:$J$164,Coefs!W$292,0) -> 590 | X50: =VLOOKUP($B50,Conversores_Dieta!$B$4:$J$164,Coefs!X$292,0) -> 0 | AI50: =T50/G50 -> 0.014382022 | AL50: 0.41 | AM50: 0.031 | AP50: 0.309 | AQ50: 0.11534667 | AS50: 0.72602959 | AT50: =$AT$228 -> 0.17824592 | AU50: 0.44001793 | AV50: 0.28601166 | AX50: =AI50*O50+P50*AM50 -> 0.02219246 | AY50: 17.5728 | AZ50: 0.7 | BA50: 20 | BB50: 0 | BC50: 0 | BD50: 1 | BE50: 0.3 | BF50: 3 | BG50: 1 | BH50: 80 | BI50: 7.27 | BJ50: 0 | BK50: 0 | BL50: 160 | BM50: 200 | BN50: 0 | BO50: 0 | BP50: 1.5
A51: 401 | B51: Chili pepper | D51: Vegetables | F51: 0.15 | G51: 0.105 | H51: 0.3 | I51: 212 | J51: 1634.2638 | K51: 2.031 | L51: 2.9522304 | M51: 1.5 | N51: 5.27184 | O51: 0.300003 | P51: 0.699997 | Q51: 2.3333 | S51: =VLOOKUP($B51,Conversores_Dieta!$B$4:$J$164,Coefs!S$292,0) -> 0.95 | T51: =VLOOKUP($B51,Conversores_Dieta!$B$4:$J$164,Coefs!T$292,0) -> 0.002992 | U51: =VLOOKUP($B51,Conversores_Dieta!$B$4:$J$164,Coefs!U$292,0) -> 11 | V51: =VLOOKUP($B51,Conversores_Dieta!$B$4:$J$164,Coefs!V$292,0) -> 67 | W51: =VLOOKUP($B51,Conversores_Dieta!$B$4:$J$164,Coefs!W$292,0) -> 140 | X51: =VLOOKUP($B51,Conversores_Dieta!$B$4:$J$164,Coefs!X$292,0) -> 953.3 | AI51: =T51/G51 -> 0.028495238 | AL51: 0.41 | AM51: 0.026125 | AP51: 0.35967 | AQ51: 0.11534667 | AS51: 0.72602959 | AT51: =$AT$228 -> 0.17824592 | AU51: 0.44001793 | AV51: 0.28601166 | AX51: =AI51*O51+P51*AM51 -> 0.026836079 | AY51: 17.5728 | AZ51: 0.7 | BA51: 19 | BB51: 1 | BC51: 0 | BD51: 2 | BE51: 0.2 | BF51: 10 | BG51: 3 | BH51: 210 | BI51: 7.27 | BJ51: 0 | BK51: 0 | BL51: 230 | BM51: 2250 | BN51: 8 | BO51: 250 | BP51: =BP53 -> 110
A52: 689 | B52: Chili pepper and peppers, dry | D52: Vegetables | F52: =F51 -> 0.15 | G52: 0.9 | H52: =H51 -> 0.3 | I52: =I51 -> 212 | J52: =J51 -> 1634.2638 | K52: =K51*$G52/$G51 -> 17.408571 | L52: =L51*$G52/$G51 -> 25.304832 | M52: =M51*$G52/$G51 -> 12.857143 | N52: =N51 -> 5.27184 | O52: =1-P52 -> 0.7860286 | P52: =Q52/(1+Q52) -> 0.2139714 | Q52: =Q51/(G52/G51) -> 0.27221833 | S52: =VLOOKUP($B52,Conversores_Dieta!$B$4:$J$164,Coefs!S$292,0) -> 1 | T52: =VLOOKUP($B52,Conversores_Dieta!$B$4:$J$164,Coefs!T$292,0) -> 0.02368 | U52: =VLOOKUP($B52,Conversores_Dieta!$B$4:$J$164,Coefs!U$292,0) -> 130 | V52: =VLOOKUP($B52,Conversores_Dieta!$B$4:$J$164,Coefs!V$292,0) -> 349 | W52: =VLOOKUP($B52,Conversores_Dieta!$B$4:$J$164,Coefs!W$292,0) -> 1800 | X52: =VLOOKUP($B52,Conversores_Dieta!$B$4:$J$164,Coefs!X$292,0) -> 60420 | AI52: =T52/G52 -> 0.026311111 | AL52: =AL51 -> 0.41 | AM52: =AM51 -> 0.026125 | AP52: =AP51 -> 0.35967 | AQ52: =AQ51 -> 0.11534667 | AS52: =AS51 -> 0.72602959 | AT52: =$AT$228 -> 0.17824592 | AU52: =AU51 -> 0.44001793 | AV52: =AV51 -> 0.28601166 | AX52: =AI52*O52+P52*AM52 -> 0.026271289 | AY52: =AY51 -> 17.5728 | AZ52: 0.7 | BA52: 19 | BB52: 1.1 | BC52: 0 | BD52: 2 | BE52: 1.5 | BF52: 10.3 | BG52: 3 | BH52: 210 | BI52: 90.1 | BJ52: 0 | BK52: 0 | BL52: 230 | BM52: 2250 | BN52: 8 | BO52: 250 | BP52: =BP53 -> 110
B53: Pepper | D53: Vegetables | F53: 0.15 | G53: 0.087 | H53: 0.3 | I53: 212 | J53: 1634.2638 | M53: 5.27184 | N53: 5.27184 | O53: 0.57903538 | P53: 0.42096462 | Q53: 0.72701018 | S53: =VLOOKUP($B53,Conversores_Dieta!$B$4:$J$164,Coefs!S$292,0) -> 0.81 | T53: =VLOOKUP($B53,Conversores_Dieta!$B$4:$J$164,Coefs!T$292,0) -> 0.00144 | U53: =VLOOKUP($B53,Conversores_Dieta!$B$4:$J$164,Coefs!U$292,0) -> 2 | V53: =VLOOKUP($B53,Conversores_Dieta!$B$4:$J$164,Coefs!V$292,0) -> 37 | W53: =VLOOKUP($B53,Conversores_Dieta!$B$4:$J$164,Coefs!W$292,0) -> 120 | X53: =VLOOKUP($B53,Conversores_Dieta!$B$4:$J$164,Coefs!X$292,0) -> 340 | AI53: =T53/G53 -> 0.016551724 | AL53: 0.41 | AM53: 0.026125 | AP53: 0.3927 | AQ53: 0.11534667 | AS53: 0.72602959 | AT53: =$AT$228 -> 0.17824592 | AU53: 0.44001793 | AV53: 0.28601166 | AX53: =AI53*O53+P53*AM53 -> 0.020581735 | AY53: 17.5728 | AZ53: 0.7 | BA53: 18 | BB53: 1.4 | BC53: 0.4 | BD53: 2.6 | BE53: 0.3 | BF53: 4 | BG53: 1 | BH53: 80 | BI53: 7.27 | BJ53: 0 | BK53: 0 | BL53: 230 | BM53: 1520 | BN53: 8.6 | BO53: 125 | BP53: 110
B54: Endive | D54: Vegetables | F54: 0.15 | G54: 0.064 | H54: 0.17397079 | I54: 212 | J54: 1634.2638 | K54: 0.972 | L54: 1.1246592 | M54: 1.0269573 | N54: 3.0571538 | O54: 0.66666667 | P54: 0.33333333 | Q54: 0.5 | S54: =VLOOKUP($B54,Conversores_Dieta!$B$4:$J$164,Coefs!S$292,0) -> 0.64 | T54: =VLOOKUP($B54,Conversores_Dieta!$B$4:$J$164,Coefs!T$292,0) -> 0.0024 | U54: =VLOOKUP($B54,Conversores_Dieta!$B$4:$J$164,Coefs!U$292,0) -> 3 | V54: =VLOOKUP($B54,Conversores_Dieta!$B$4:$J$164,Coefs!V$292,0) -> 30 | W54: =VLOOKUP($B54,Conversores_Dieta!$B$4:$J$164,Coefs!W$292,0) -> 670 | X54: =VLOOKUP($B54,Conversores_Dieta!$B$4:$J$164,Coefs!X$292,0) -> 730 | AI54: =T54/G54 -> 0.0375 | AL54: 0.41 | AM54: 0.026125 | AP54: 0.35967 | AQ54: 0.11534667 | AS54: 0.72602959 | AT54: =$AT$228 -> 0.17824592 | AU54: 0.44001793 | AV54: 0.28601166 | AX54: =AI54*O54+P54*AM54 -> 0.033708333 | AY54: 17.5728 | AZ54: 0.7 | BA54: 19 | BB54: 0.4 | BC54: 0.2 | BD54: 1.3 | BE54: 0.3 | BF54: 6 | BG54: 3 | BH54: 80 | BI54: 7.27 | BJ54: 0 | BK54: 0 | BL54: 1150 | BM54: 100 | BN54: 10 | BO54: 75 | BP54: 1
A55: 459 | B55: Chicory roots | C55: Potato | D55: Roots and tubers | F55: 0.15 | G55: 0.09547479 | H55: 0.17397079 | I55: 212 | J55: 1634.2638 | M55: 0.825 | N55: 3.0571538 | O55: 0.78009205 | P55: 0.21990795 | Q55: 0.2819 | S55: =VLOOKUP(C55,$B$3:$X$358,MATCH(S$2,$B$2:$X$2,0),0) -> 0.9 | T55: =VLOOKUP($C55,$B$3:$X$358,MATCH(T$2,$B$2:$X$2,0),0)*$G55/VLOOKUP($C55,$B$3:$X$358,MATCH($G$2,$B$2:$X$2,0),0) -> 0.0016823752 | U55: =VLOOKUP($C55,$B$3:$X$358,MATCH(U$2,$B$2:$X$2,0),0)*$G55/VLOOKUP($C55,$B$3:$X$358,MATCH($G$2,$B$2:$X$2,0),0) -> 0.84118758 | V55: =VLOOKUP($C55,$B$3:$X$358,MATCH(V$2,$B$2:$X$2,0),0)*$G55/VLOOKUP($C55,$B$3:$X$358,MATCH($G$2,$B$2:$X$2,0),0) -> 75.706882 | W55: =VLOOKUP($C55,$B$3:$X$358,MATCH(W$2,$B$2:$X$2,0),0)*$G55/VLOOKUP($C55,$B$3:$X$358,MATCH($G$2,$B$2:$X$2,0),0) -> 37.853441 | X55: =VLOOKUP($C55,$B$3:$X$358,MATCH(X$2,$B$2:$X$2,0),0)*$G55/VLOOKUP($C55,$B$3:$X$358,MATCH($G$2,$B$2:$X$2,0),0) -> 0 | AI55: =T55/G55 -> 0.017621145 | AL55: 0.41 | AM55: 0.026125 | AP55: 0.35967 | AQ55: 0.11534667 | AS55: 0.72602959 | AT55: =$AT$228 -> 0.17824592 | AU55: 0.44001793 | AV55: 0.28601166 | AX55: =AI55*O55+P55*AM55 -> 0.019491211 | AY55: 17.5728 | AZ55: 0.7 | BA55: =BA$79 -> 28.7 | BB55: =BB$79 -> 0.7 | BC55: =BC$79 -> 0.3 | BD55: =BD$79 -> 1.3 | BE55: =BE$79 -> 0.4 | BF55: =BF$79 -> 10.1 | BG55: =BG$79 -> 4 | BH55: =BH$79 -> 253.7 | ... BP55: =BP$79 -> 60
B56: Belgian endive | C56: Lettuce | D56: Vegetables | F56: 0.15 | G56: 0.066 | H56: 0.17397079 | I56: 212 | J56: 1634.2638 | K56: 1.0506 | L56: 1.1598048 | M56: 1.0713489 | N56: 3.0571538 | O56: 0.78009205 | P56: 0.21990795 | Q56: 0.2819 | S56: =VLOOKUP(C56,$B$3:$X$358,MATCH(S$2,$B$2:$X$2,0),0) -> 0.74 | T56: =VLOOKUP($C56,$B$3:$X$358,MATCH(T$2,$B$2:$X$2,0),0)*$G56/VLOOKUP($C56,$B$3:$X$358,MATCH($G$2,$B$2:$X$2,0),0) -> 0.0033702128 | U56: =VLOOKUP($C56,$B$3:$X$358,MATCH(U$2,$B$2:$X$2,0),0)*$G56/VLOOKUP($C56,$B$3:$X$358,MATCH($G$2,$B$2:$X$2,0),0) -> 4.212766 | V56: =VLOOKUP($C56,$B$3:$X$358,MATCH(V$2,$B$2:$X$2,0),0)*$G56/VLOOKUP($C56,$B$3:$X$358,MATCH($G$2,$B$2:$X$2,0),0) -> 19.659574 | W56: =VLOOKUP($C56,$B$3:$X$358,MATCH(W$2,$B$2:$X$2,0),0)*$G56/VLOOKUP($C56,$B$3:$X$358,MATCH($G$2,$B$2:$X$2,0),0) -> 561.70213 | X56: =VLOOKUP($C56,$B$3:$X$358,MATCH(X$2,$B$2:$X$2,0),0)*$G56/VLOOKUP($C56,$B$3:$X$358,MATCH($G$2,$B$2:$X$2,0),0) -> 407.23404 | AI56: =T56/G56 -> 0.05106383 | AL56: 0.41 | AM56: 0.026125 | AP56: 0.35967 | AQ56: 0.11534667 | AS56: 0.72602959 | AT56: =$AT$228 -> 0.17824592 | AU56: 0.44001793 | AV56: 0.28601166 | AX56: =AI56*O56+P56*AM56 -> 0.045579583 | AY56: 17.5728 | AZ56: 0.7 | BA56: =BA$79 -> 28.7 | BB56: =BB$79 -> 0.7 | BC56: =BC$79 -> 0.3 | BD56: =BD$79 -> 1.3 | BE56: =BE$79 -> 0.4 | BF56: =BF$79 -> 10.1 | BG56: =BG$79 -> 4 | BH56: =BH$79 -> 253.7 | ... BP56: =BP$79 -> 60
A57: 567 | B57: Watermelon | D57: Vegetables | F57: 0.15 | G57: 0.057 | H57: 0.2 | I57: 212 | J57: 1634.2638 | K57: 0.857 | L57: 0.9489312 | M57: 0.90112698 | N57: 3.51456 | O57: 0.90909091 | P57: 0.090909091 | Q57: 0.1 | S57: =VLOOKUP($B57,Conversores_Dieta!$B$4:$J$164,Coefs!S$292,0) -> 0.52 | T57: =VLOOKUP($B57,Conversores_Dieta!$B$4:$J$164,Coefs!T$292,0) -> 0.00064 | U57: =VLOOKUP($B57,Conversores_Dieta!$B$4:$J$164,Coefs!U$292,0) -> 0 | V57: =VLOOKUP($B57,Conversores_Dieta!$B$4:$J$164,Coefs!V$292,0) -> 45 | W57: =VLOOKUP($B57,Conversores_Dieta!$B$4:$J$164,Coefs!W$292,0) -> 230 | X57: =VLOOKUP($B57,Conversores_Dieta!$B$4:$J$164,Coefs!X$292,0) -> 330 | AI57: =T57/G57 -> 0.01122807 | AL57: 0.41 | AM57: 0.026125 | AP57: 0.3764 | AQ57: 0.11534667 | AS57: 0.72602959 | AT57: =$AT$228 -> 0.17824592 | AU57: 0.44001793 | AV57: 0.28601166 | AX57: =AI57*O57+P57*AM57 -> 0.012582337 | AY57: 17.5728 | AZ57: 0.7 | BA57: 5 | BB57: 1 | BC57: 0 | BD57: 1 | BE57: 0.2 | BF57: 3 | BG57: 1 | BH57: 110 | BI57: 7.27 | BJ57: 0 | BK57: 0 | BL57: 30 | BM57: 50 | BN57: 1 | BO57: 0 | BP57: 12.5
A58: 568 | B58: Melon | D58: Vegetables | F58: 0.15 | G58: 0.076 | H58: 0.2 | I58: 212 | J58: 1634.2638 | K58: 1.158 | L58: 1.3355328 | M58: 1.2290131 | N58: 3.51456 | O58: 0.7518797 | P58: 0.2481203 | Q58: 0.33 | S58: =VLOOKUP($B58,Conversores_Dieta!$B$4:$J$164,Coefs!S$292,0) -> 0.6 | T58: =VLOOKUP($B58,Conversores_Dieta!$B$4:$J$164,Coefs!T$292,0) -> 0.00096 | U58: =VLOOKUP($B58,Conversores_Dieta!$B$4:$J$164,Coefs!U$292,0) -> 0 | V58: =VLOOKUP($B58,Conversores_Dieta!$B$4:$J$164,Coefs!V$292,0) -> 60 | W58: =VLOOKUP($B58,Conversores_Dieta!$B$4:$J$164,Coefs!W$292,0) -> 140 | X58: =VLOOKUP($B58,Conversores_Dieta!$B$4:$J$164,Coefs!X$292,0) -> 30 | AI58: =T58/G58 -> 0.012631579 | AL58: 0.41 | AM58: 0.026125 | AP58: 0.355 | AQ58: 0.11534667 | AS58: 0.72602959 | AT58: =$AT$228 -> 0.17824592 | AU58: 0.44001793 | AV58: 0.28601166 | AX58: =AI58*O58+P58*AM58 -> 0.015979571 | AY58: 17.5728 | AZ58: 0.7 | BA58: 10 | BB58: 0.3 | BC58: 0.1 | BD58: 0.2 | BE58: 0.2 | BF58: 4 | BG58: 1 | BH58: 170 | BI58: 7.27 | BJ58: 0 | BK58: 0 | BL58: 300 | BM58: 250 | BN58: 1 | BO58: 40 | BP58: 4
B59: cultivar for pickled cucumber, gherkins | C59: Cucumber | D59: Vegetables | F59: 0.15 | G59: 0.033 | H59: 0.2 | I59: 212 | J59: 1634.2638 | M59: 3.51456 | N59: 3.51456 | O59: 0.8 | P59: 0.2 | Q59: 0.25 | S59: =VLOOKUP(C59,$B$3:$X$358,MATCH(S$2,$B$2:$X$2,0),0) -> 0.77 | T59: =VLOOKUP($C59,$B$3:$X$358,MATCH(T$2,$B$2:$X$2,0),0)*$G59/VLOOKUP($C59,$B$3:$X$358,MATCH($G$2,$B$2:$X$2,0),0) -> 0.00112 | U59: =VLOOKUP($C59,$B$3:$X$358,MATCH(U$2,$B$2:$X$2,0),0)*$G59/VLOOKUP($C59,$B$3:$X$358,MATCH($G$2,$B$2:$X$2,0),0) -> 2 | V59: =VLOOKUP($C59,$B$3:$X$358,MATCH(V$2,$B$2:$X$2,0),0)*$G59/VLOOKUP($C59,$B$3:$X$358,MATCH($G$2,$B$2:$X$2,0),0) -> 19 | W59: =VLOOKUP($C59,$B$3:$X$358,MATCH(W$2,$B$2:$X$2,0),0)*$G59/VLOOKUP($C59,$B$3:$X$358,MATCH($G$2,$B$2:$X$2,0),0) -> 170 | X59: =VLOOKUP($C59,$B$3:$X$358,MATCH(X$2,$B$2:$X$2,0),0)*$G59/VLOOKUP($C59,$B$3:$X$358,MATCH($G$2,$B$2:$X$2,0),0) -> 20 | AI59: =T59/G59 -> 0.033939394 | AL59: 0.41 | AM59: 0.026125 | AP59: 0.35967 | AQ59: 0.11534667 | AS59: 0.72602959 | AT59: =$AT$228 -> 0.17824592 | AU59: 0.44001793 | AV59: 0.28601166 | AX59: =AI59*O59+P59*AM59 -> 0.032376515 | AY59: 17.5728 | AZ59: 0.7 | BA59: =BA60 -> 8 | BB59: =BB60 -> 0 | BC59: =BC60 -> 0 | BD59: =BD60 -> 0 | BE59: =BE60 -> 0.2 | BF59: =BF60 -> 3 | BG59: =BG60 -> 1 | BH59: =BH60 -> 120 | ... BP59: =BP60 -> 0.8
A60: 397 | B60: Cucumber | D60: Vegetables | F60: 0.15 | G60: 0.033 | H60: 0.1782202 | I60: 212 | J60: 1634.2638 | K60: 0.562 | L60: 0.5799024 | M60: 0.56611755 | N60: 3.1318279 | O60: 0.8 | P60: 0.2 | Q60: 0.25 | S60: =VLOOKUP($B60,Conversores_Dieta!$B$4:$J$164,Coefs!S$292,0) -> 0.77 | T60: =VLOOKUP($B60,Conversores_Dieta!$B$4:$J$164,Coefs!T$292,0) -> 0.00112 | U60: =VLOOKUP($B60,Conversores_Dieta!$B$4:$J$164,Coefs!U$292,0) -> 2 | V60: =VLOOKUP($B60,Conversores_Dieta!$B$4:$J$164,Coefs!V$292,0) -> 19 | W60: =VLOOKUP($B60,Conversores_Dieta!$B$4:$J$164,Coefs!W$292,0) -> 170 | X60: =VLOOKUP($B60,Conversores_Dieta!$B$4:$J$164,Coefs!X$292,0) -> 20 | AI60: =T60/G60 -> 0.033939394 | AL60: 0.41 | AM60: 0.026125 | AP60: 0.3381 | AQ60: 0.11534667 | AS60: 0.72602959 | AT60: =$AT$228 -> 0.17824592 | AU60: 0.44001793 | AV60: 0.28601166 | AX60: =AI60*O60+P60*AM60 -> 0.032376515 | AY60: 17.5728 | AZ60: 0.7 | BA60: 8 | BB60: 0 | BC60: 0 | BD60: 0 | BE60: 0.2 | BF60: 3 | BG60: 1 | BH60: 120 | BI60: 7.27 | BJ60: 0 | BK60: 0 | BL60: 130 | BM60: 50 | BN60: 0.9 | BO60: 150 | BP60: 0.8
A61: 394 | B61: Squash, pumpkin | D61: Vegetables | F61: 0.15 | G61: 0.108 | H61: 0.3 | I61: 212 | J61: 1634.2638 | K61: 0.613 | L61: 1.8978624 | M61: 1.0370046 | N61: 5.27184 | O61: 0.88 | P61: 0.12 | Q61: 0.13636364 | S61: =VLOOKUP($B61,Conversores_Dieta!$B$4:$J$164,Coefs!S$292,0) -> 0.67 | T61: =VLOOKUP($B61,Conversores_Dieta!$B$4:$J$164,Coefs!T$292,0) -> 0.00112 | U61: =VLOOKUP($B61,Conversores_Dieta!$B$4:$J$164,Coefs!U$292,0) -> 2 | V61: =VLOOKUP($B61,Conversores_Dieta!$B$4:$J$164,Coefs!V$292,0) -> 22 | W61: =VLOOKUP($B61,Conversores_Dieta!$B$4:$J$164,Coefs!W$292,0) -> 290 | X61: =VLOOKUP($B61,Conversores_Dieta!$B$4:$J$164,Coefs!X$292,0) -> 750 | AI61: =T61/G61 -> 0.01037037 | AL61: 0.41 | AM61: 0.026125 | AP61: 0.35967 | AQ61: 0.11534667 | AS61: 0.72602959 | AT61: =$AT$228 -> 0.17824592 | AU61: 0.44001793 | AV61: 0.28601166 | AX61: =AI61*O61+P61*AM61 -> 0.012260926 | AY61: 17.5728 | AZ61: 0.7 | BA61: 24 | BB61: 2.6 | BC61: 0.7 | BD61: 0 | BE61: 0.1 | BF61: 4 | BG61: 2 | BH61: 100 | BI61: 7.27 | BJ61: 0 | BK61: 0 | BL61: 250 | BM61: 120 | BN61: 1 | BO61: 15 | BP61: 25
B62: Zucchini | D62: Vegetables | F62: 0.15 | G62: 0.035 | H62: 0.1782202 | I62: 212 | J62: 1634.2638 | K62: 0.59 | L62: 0.615048 | M62: 0.5975144 | N62: 3.1318279 | O62: 0.8 | P62: 0.2 | Q62: 0.25 | S62: =VLOOKUP($B62,Conversores_Dieta!$B$4:$J$164,Coefs!S$292,0) -> 0.7 | T62: =VLOOKUP($B62,Conversores_Dieta!$B$4:$J$164,Coefs!T$292,0) -> 0.00096 | U62: =VLOOKUP($B62,Conversores_Dieta!$B$4:$J$164,Coefs!U$292,0) -> 2 | V62: =VLOOKUP($B62,Conversores_Dieta!$B$4:$J$164,Coefs!V$292,0) -> 22 | W62: =VLOOKUP($B62,Conversores_Dieta!$B$4:$J$164,Coefs!W$292,0) -> 240 | X62: =VLOOKUP($B62,Conversores_Dieta!$B$4:$J$164,Coefs!X$292,0) -> 45 | AI62: =T62/G62 -> 0.027428571 | AL62: 0.41 | AM62: 0.026125 | AP62: 0.3388 | AQ62: 0.11534667 | AS62: 0.72602959 | AT62: =$AT$228 -> 0.17824592 | AU62: 0.44001793 | AV62: 0.28601166 | AX62: =AI62*O62+P62*AM62 -> 0.027167857 | AY62: 17.5728 | AZ62: 0.7 | BA62: 10 | BB62: 0.4 | BC62: 0.2 | BD62: 0.9 | BE62: 0.1 | BF62: 4 | BG62: 3 | BH62: 180 | BI62: 7.27 | BJ62: 0 | BK62: 0 | BL62: 500 | BM62: 200 | BN62: 0 | BO62: 0 | BP62: 0
B63: Artichoke thistle | D63: Vegetables | F63: 0.15 | G63: 0.061 | H63: 0.17397079 | I63: 212 | J63: 1634.2638 | K63: 0.995 | L63: 1.0719408 | M63: 1.0103882 | N63: 3.0571538 | O63: 0.78009205 | P63: 0.21990795 | Q63: 0.2819 | S63: =VLOOKUP($B63,Conversores_Dieta!$B$4:$J$164,Coefs!S$292,0) -> 0.8 | T63: =VLOOKUP($B63,Conversores_Dieta!$B$4:$J$164,Coefs!T$292,0) -> 0.00224 | U63: =VLOOKUP($B63,Conversores_Dieta!$B$4:$J$164,Coefs!U$292,0) -> 2 | V63: =VLOOKUP($B63,Conversores_Dieta!$B$4:$J$164,Coefs!V$292,0) -> 35 | W63: =VLOOKUP($B63,Conversores_Dieta!$B$4:$J$164,Coefs!W$292,0) -> 1140 | X63: =VLOOKUP($B63,Conversores_Dieta!$B$4:$J$164,Coefs!X$292,0) -> 0 | AI63: =T63/G63 -> 0.036721311 | AL63: 0.41 | AM63: 0.026125 | AP63: 0.35967 | AQ63: 0.11534667 | AS63: 0.72602959 | AT63: =$AT$228 -> 0.17824592 | AU63: 0.44001793 | AV63: 0.28601166 | AX63: =AI63*O63+P63*AM63 -> 0.034391098 | AY63: 17.5728 | AZ63: 0.7 | BA63: 50 | BB63: 0 | BC63: 0 | BD63: 0 | BE63: 1 | BF63: 15 | BG63: 3.5 | BH63: 550 | BI63: 7.27 | BJ63: 0 | BK63: 0 | BL63: 340 | BM63: 10 | BN63: 9 | BO63: 350 | BP63: 0.2
A64: 366 | B64: Artichoke | D64: Vegetables | F64: 0.15 | G64: 0.119 | H64: 0.2 | I64: 212 | J64: 1634.2638 | K64: 1.843 | L64: 2.0911632 | M64: 2.0018244 | N64: 3.51456 | O64: 0.41677954 | P64: 0.58322046 | Q64: 1.39935 | S64: =VLOOKUP($B64,Conversores_Dieta!$B$4:$J$164,Coefs!S$292,0) -> 0.36 | T64: =VLOOKUP($B64,Conversores_Dieta!$B$4:$J$164,Coefs!T$292,0) -> 0.00368 | U64: =VLOOKUP($B64,Conversores_Dieta!$B$4:$J$164,Coefs!U$292,0) -> 1 | V64: =VLOOKUP($B64,Conversores_Dieta!$B$4:$J$164,Coefs!V$292,0) -> 75 | W64: =VLOOKUP($B64,Conversores_Dieta!$B$4:$J$164,Coefs!W$292,0) -> 450 | X64: =VLOOKUP($B64,Conversores_Dieta!$B$4:$J$164,Coefs!X$292,0) -> 80 | AI64: =T64/G64 -> 0.03092437 | AL64: 0.41 | AM64: 0.026125 | AP64: 0.35967 | AQ64: 0.11534667 | AS64: 0.72602959 | AT64: =$AT$228 -> 0.17824592 | AU64: 0.44001793 | AV64: 0.28601166 | AX64: =AI64*O64+P64*AM64 -> 0.028125279 | AY64: 17.5728 | AZ64: 0.7 | BA64: 94 | BB64: 0 | BC64: 0 | BD64: 0.9 | BE64: 1 | BF64: 10 | BG64: 1 | BH64: 270 | BI64: 7.27 | BJ64: 0 | BK64: 0 | BL64: 280 | BM64: 60 | BN64: 2 | BO64: 250 | BP64: 0.6
A65: 426 | B65: Carrot | D65: Vegetables | F65: 0.15 | G65: 0.081 | H65: 0.205 | I65: 212 | J65: 1634.2638 | K65: 1.526 | L65: 1.4233968 | M65: 1.5085575 | N65: 3.602424 | O65: 0.53472708 | P65: 0.46527292 | Q65: 0.87011288 | S65: =VLOOKUP($B65,Conversores_Dieta!$B$4:$J$164,Coefs!S$292,0) -> 0.83 | T65: =VLOOKUP($B65,Conversores_Dieta!$B$4:$J$164,Coefs!T$292,0) -> 0.00144 | U65: =VLOOKUP($B65,Conversores_Dieta!$B$4:$J$164,Coefs!U$292,0) -> 2 | V65: =VLOOKUP($B65,Conversores_Dieta!$B$4:$J$164,Coefs!V$292,0) -> 73 | W65: =VLOOKUP($B65,Conversores_Dieta!$B$4:$J$164,Coefs!W$292,0) -> 410 | X65: =VLOOKUP($B65,Conversores_Dieta!$B$4:$J$164,Coefs!X$292,0) -> 13460 | AI65: =T65/G65 -> 0.017777778 | AL65: 0.41 | AM65: 0.015 | AP65: 0.353 | AQ65: 0.11534667 | AS65: 0.72602959 | AT65: =$AT$228 -> 0.17824592 | AU65: 0.44001793 | AV65: 0.28601166 | AX65: =AI65*O65+P65*AM65 -> 0.016485353 | AY65: 17.5728 | AZ65: 0.7 | BA65: 26 | BB65: 0.5 | BC65: 0.2 | BD65: 1.2 | BE65: 0.1 | BF65: 3 | BG65: 2 | BH65: 100 | BI65: 7.27 | BJ65: 0 | BK65: 0 | BL65: 300 | BM65: 70 | BN65: 5 | BO65: 20 | BP65: 100
A66: 544 | B66: Strawberry | D66: Vegetables | F66: 0.15 | G66: 0.104 | H66: 0.3 | I66: 212 | J66: 1634.2638 | K66: 1.546 | L66: 1.8275712 | M66: 1.5600786 | N66: 5.27184 | O66: 0.5 | P66: 0.5 | Q66: 1 | S66: =VLOOKUP($B66,Conversores_Dieta!$B$4:$J$164,Coefs!S$292,0) -> 0.95 | T66: =VLOOKUP($B66,Conversores_Dieta!$B$4:$J$164,Coefs!T$292,0) -> 0.00112 | U66: =VLOOKUP($B66,Conversores_Dieta!$B$4:$J$164,Coefs!U$292,0) -> 5 | V66: =VLOOKUP($B66,Conversores_Dieta!$B$4:$J$164,Coefs!V$292,0) -> 70 | W66: =VLOOKUP($B66,Conversores_Dieta!$B$4:$J$164,Coefs!W$292,0) -> 250 | X66: =VLOOKUP($B66,Conversores_Dieta!$B$4:$J$164,Coefs!X$292,0) -> 10 | AI66: =T66/G66 -> 0.010769231 | AL66: 0.41 | AM66: 0.026125 | AP66: 0.35967 | AQ66: 0.11534667 | AS66: 0.72602959 | AT66: =$AT$228 -> 0.17824592 | AU66: 0.44001793 | AV66: 0.28601166 | AX66: =AI66*O66+P66*AM66 -> 0.018447115 | AY66: 17.5728 | AZ66: 0.7 | BA66: 22 | BB66: 0.3 | BC66: 0.6 | BD66: 2.4 | BE66: 0 | BF66: 8 | BG66: 1 | BH66: 120 | BI66: 3.89 | BJ66: 0 | BK66: 0 | BL66: 200 | BM66: 600 | BN66: 20 | BO66: 325 | BP66: 0.8
A67: 372 | B67: Lettuce | D67: Vegetables | F67: 0.15 | G67: 0.047 | H67: 0.17397079 | I67: 212 | J67: 1634.2638 | K67: 0.7 | L67: 0.8259216 | M67: 0.73273962 | N67: 3.0571538 | O67: 0.78009205 | P67: 0.21990795 | Q67: 0.2819 | S67: =VLOOKUP($B67,Conversores_Dieta!$B$4:$J$164,Coefs!S$292,0) -> 0.74 | T67: =VLOOKUP($B67,Conversores_Dieta!$B$4:$J$164,Coefs!T$292,0) -> 0.0024 | U67: =VLOOKUP($B67,Conversores_Dieta!$B$4:$J$164,Coefs!U$292,0) -> 3 | V67: =VLOOKUP($B67,Conversores_Dieta!$B$4:$J$164,Coefs!V$292,0) -> 14 | W67: =VLOOKUP($B67,Conversores_Dieta!$B$4:$J$164,Coefs!W$292,0) -> 400 | X67: =VLOOKUP($B67,Conversores_Dieta!$B$4:$J$164,Coefs!X$292,0) -> 290 | AI67: =T67/G67 -> 0.05106383 | AL67: 0.41 | AM67: 0.024 | AP67: 0.294 | AQ67: 0.11534667 | AS67: 0.72602959 | AT67: =$AT$228 -> 0.17824592 | AU67: 0.44001793 | AV67: 0.28601166 | AX67: =AI67*O67+P67*AM67 -> 0.045112278 | AY67: 17.5728 | AZ67: 0.7 | BA67: 15 | BB67: 1.2 | BC67: 0 | BD67: 3.7 | BE67: 1 | BF67: 10 | BG67: 2.3 | BH67: 87 | BI67: 7.27 | BJ67: 0 | BK67: 0 | BL67: 336 | BM67: 122 | BN67: 5.1 | BO67: 75 | BP67: 1.2
A68: 748 | B68: Peppermint | C68: Lettuce | D68: Vegetables | F68: 0.15 | G68: 0.098 | H68: 0.21007643 | I68: 212 | J68: 1634.2638 | K68: 0 | L68: 0 | M68: 2.048 | N68: 3.691631 | O68: 0.8 | P68: 0.2 | Q68: 0.25 | S68: =VLOOKUP(C68,$B$3:$X$358,MATCH(S$2,$B$2:$X$2,0),0) -> 0.74 | T68: =VLOOKUP($C68,$B$3:$X$358,MATCH(T$2,$B$2:$X$2,0),0)*$G68/VLOOKUP($C68,$B$3:$X$358,MATCH($G$2,$B$2:$X$2,0),0) -> 0.0050042553 | U68: =VLOOKUP($C68,$B$3:$X$358,MATCH(U$2,$B$2:$X$2,0),0)*$G68/VLOOKUP($C68,$B$3:$X$358,MATCH($G$2,$B$2:$X$2,0),0) -> 6.2553191 | V68: =VLOOKUP($C68,$B$3:$X$358,MATCH(V$2,$B$2:$X$2,0),0)*$G68/VLOOKUP($C68,$B$3:$X$358,MATCH($G$2,$B$2:$X$2,0),0) -> 29.191489 | W68: =VLOOKUP($C68,$B$3:$X$358,MATCH(W$2,$B$2:$X$2,0),0)*$G68/VLOOKUP($C68,$B$3:$X$358,MATCH($G$2,$B$2:$X$2,0),0) -> 834.04255 | X68: =VLOOKUP($C68,$B$3:$X$358,MATCH(X$2,$B$2:$X$2,0),0)*$G68/VLOOKUP($C68,$B$3:$X$358,MATCH($G$2,$B$2:$X$2,0),0) -> 604.68085 | AI68: =T68/G68 -> 0.05106383 | AL68: 0.41 | AM68: 0.026125 | AP68: 0.35967 | AQ68: 0.11534667 | AS68: 0.72602959 | AT68: =$AT$228 -> 0.17824592 | AU68: 0.44001793 | AV68: 0.28601166 | AX68: =AI68*O68+P68*AM68 -> 0.046076064 | AY68: 17.5728 | AZ68: 0.7 | BA68: 68 | BB68: 1.9 | BC68: 0 | BD68: 3.9 | BE68: 2 | BF68: 95 | BG68: 10.9 | BH68: 630 | BI68: 43.9 | BJ68: 0 | BK68: 0 | BL68: 1100 | BM68: 310 | BN68: 50 | BO68: 650 | BP68: 35
B69: Parsley | D69: Vegetables | F69: 0.15 | G69: 0.12 | H69: 0.21007643 | I69: 212 | J69: 1634.2638 | K69: 0 | L69: 0 | M69: 1.656 | N69: 3.691631 | O69: 0.86124402 | P69: 0.13875598 | Q69: 0.16111111 | S69: =VLOOKUP($B69,Conversores_Dieta!$B$4:$J$164,Coefs!S$292,0) -> 1 | T69: =VLOOKUP($B69,Conversores_Dieta!$B$4:$J$164,Coefs!T$292,0) -> 0.0048 | U69: =VLOOKUP($B69,Conversores_Dieta!$B$4:$J$164,Coefs!U$292,0) -> 13 | V69: =VLOOKUP($B69,Conversores_Dieta!$B$4:$J$164,Coefs!V$292,0) -> 27 | W69: =VLOOKUP($B69,Conversores_Dieta!$B$4:$J$164,Coefs!W$292,0) -> 2000 | X69: =VLOOKUP($B69,Conversores_Dieta!$B$4:$J$164,Coefs!X$292,0) -> 6730 | AI69: =T69/G69 -> 0.04 | AL69: 0.41 | AM69: 0.026125 | AP69: 0.35967 | AQ69: 0.11534667 | AS69: 0.72602959 | AT69: =$AT$228 -> 0.17824592 | AU69: 0.44001793 | AV69: 0.28601166 | AX69: =AI69*O69+P69*AM69 -> 0.038074761 | AY69: 17.5728 | AZ69: 0.7 | BA69: =BA$79 -> 28.7 | BB69: =BB$79 -> 0.7 | BC69: =BC$79 -> 0.3 | BD69: =BD$79 -> 1.3 | BE69: =BE$79 -> 0.4 | BF69: =BF$79 -> 10.1 | BG69: =BG$79 -> 4 | BH69: =BH$79 -> 253.7 | ... BP69: =BP$79 -> 60
A70: 414 | B70: Beans, green | D70: Vegetables | F70: 0.15 | G70: 0.104 | H70: 0.3 | I70: 212 | J70: 1634.2638 | K70: 1.457 | L70: 1.8275712 | M70: 1.4903514 | N70: 5.27184 | O70: 0.38461538 | P70: 0.61538462 | Q70: 1.6 | S70: =VLOOKUP($B70,Conversores_Dieta!$B$4:$J$164,Coefs!S$292,0) -> 0.91 | T70: =VLOOKUP($B70,Conversores_Dieta!$B$4:$J$164,Coefs!T$292,0) -> 0.00368 | U70: =VLOOKUP($B70,Conversores_Dieta!$B$4:$J$164,Coefs!U$292,0) -> 2 | V70: =VLOOKUP($B70,Conversores_Dieta!$B$4:$J$164,Coefs!V$292,0) -> 50 | W70: =VLOOKUP($B70,Conversores_Dieta!$B$4:$J$164,Coefs!W$292,0) -> 400 | X70: =VLOOKUP($B70,Conversores_Dieta!$B$4:$J$164,Coefs!X$292,0) -> 335 | AI70: =T70/G70 -> 0.035384615 | AL70: 0.41 | AM70: 0.026125 | AP70: 0.4286 | AQ70: 0.11534667 | AS70: 0.72602959 | AT70: =$AT$228 -> 0.17824592 | AU70: 0.44001793 | AV70: 0.28601166 | AX70: =AI70*O70+P70*AM70 -> 0.029686391 | AY70: 17.5728 | AZ70: 0.7 | BA70: 28 | BB70: 0.4 | BC70: 0.1 | BD70: 1.1 | BE70: 0 | BF70: 9 | BG70: 2 | BH70: 250 | BI70: 7.27 | BJ70: 0 | BK70: 0 | BL70: 600 | BM70: 200 | BN70: 2.6 | BO70: 150 | BP70: 2.5
A71: 417 | B71: Pea, green, with pod | D71: Vegetables | E71: 340 | F71: 0.059117579 | G71: 0.248 | H71: 0.3 | I71: 212 | J71: 1634.2638 | K71: 3.802 | L71: 15.112608 | M71: 10.13594 | N71: 5.27184 | O71: 0.300003 | P71: 0.699997 | Q71: 2.3333 | S71: =VLOOKUP($B71,Conversores_Dieta!$B$4:$J$164,Coefs!S$292,0) -> 0.4 | T71: =VLOOKUP($B71,Conversores_Dieta!$B$4:$J$164,Coefs!T$292,0) -> 0.00672 | U71: =VLOOKUP($B71,Conversores_Dieta!$B$4:$J$164,Coefs!U$292,0) -> 2 | V71: =VLOOKUP($B71,Conversores_Dieta!$B$4:$J$164,Coefs!V$292,0) -> 42 | W71: =VLOOKUP($B71,Conversores_Dieta!$B$4:$J$164,Coefs!W$292,0) -> 230 | X71: =VLOOKUP($B71,Conversores_Dieta!$B$4:$J$164,Coefs!X$292,0) -> 283.3 | AI71: =T71/G71 -> 0.027096774 | AL71: 0.41 | AM71: 0.026125 | AP71: 0.35967 | AQ71: 0.11534667 | AS71: 0.72602959 | AT71: =$AT$228 -> 0.17824592 | AU71: 0.44001793 | AV71: 0.28601166 | AX71: =AI71*O71+P71*AM71 -> 0.026416535 | AY71: 17.5728 | AZ71: 0.7 | BA71: 167 | BB71: 1.5 | BC71: 1.3 | BD71: 0.5 | BE71: 1 | BF71: 15 | BG71: 35 | BH71: 1230 | BI71: 7.27 | BJ71: 0 | BK71: 0 | BL71: 780 | BM71: 180 | BN71: 1 | BO71: 175 | BP71: 1.2
B72: Radish | C72: Lettuce | D72: Vegetables | F72: 0.15 | G72: 0.047 | H72: 0.187 | I72: 212 | J72: 1634.2638 | K72: 0.689 | L72: 0.8259216 | M72: 0.74376864 | N72: 3.2861136 | O72: 0.53000069 | P72: 0.46999931 | Q72: 0.88679 | S72: =VLOOKUP(C72,$B$3:$X$358,MATCH(S$2,$B$2:$X$2,0),0) -> 0.74 | T72: =VLOOKUP($C72,$B$3:$X$358,MATCH(T$2,$B$2:$X$2,0),0)*$G72/VLOOKUP($C72,$B$3:$X$358,MATCH($G$2,$B$2:$X$2,0),0) -> 0.0024 | U72: =VLOOKUP($C72,$B$3:$X$358,MATCH(U$2,$B$2:$X$2,0),0)*$G72/VLOOKUP($C72,$B$3:$X$358,MATCH($G$2,$B$2:$X$2,0),0) -> 3 | V72: =VLOOKUP($C72,$B$3:$X$358,MATCH(V$2,$B$2:$X$2,0),0)*$G72/VLOOKUP($C72,$B$3:$X$358,MATCH($G$2,$B$2:$X$2,0),0) -> 14 | W72: =VLOOKUP($C72,$B$3:$X$358,MATCH(W$2,$B$2:$X$2,0),0)*$G72/VLOOKUP($C72,$B$3:$X$358,MATCH($G$2,$B$2:$X$2,0),0) -> 400 | X72: =VLOOKUP($C72,$B$3:$X$358,MATCH(X$2,$B$2:$X$2,0),0)*$G72/VLOOKUP($C72,$B$3:$X$358,MATCH($G$2,$B$2:$X$2,0),0) -> 290 | AI72: =T72/G72 -> 0.05106383 | AL72: 0.41 | AM72: 0.026125 | AP72: 0.35967 | AQ72: 0.11534667 | AS72: 0.72602959 | AT72: =$AT$228 -> 0.17824592 | AU72: 0.44001793 | AV72: 0.28601166 | AX72: =AI72*O72+P72*AM72 -> 0.039342597 | AY72: 17.5728 | AZ72: 0.7 | BA72: =BA$79 -> 28.7 | BB72: =BB$79 -> 0.7 | BC72: =BC$79 -> 0.3 | BD72: =BD$79 -> 1.3 | BE72: =BE$79 -> 0.4 | BF72: =BF$79 -> 10.1 | BG72: =BG$79 -> 4 | BH72: =BH$79 -> 253.7 | ... BP72: =BP$79 -> 60
A73: 388 | B73: Tomato | D73: Vegetables | F73: 0.14 | G73: 0.062142857 | H73: 0.1325 | I73: 212 | J73: 1634.2638 | K73: 0.8679 | L73: 1.054368 | M73: 0.87908808 | N73: 2.328396 | O73: 0.51107325 | P73: 0.48892675 | Q73: 0.95666667 | S73: =VLOOKUP($B73,Conversores_Dieta!$B$4:$J$164,Coefs!S$292,0) -> 0.94 | T73: =VLOOKUP($B73,Conversores_Dieta!$B$4:$J$164,Coefs!T$292,0) -> 0.0016 | U73: =VLOOKUP($B73,Conversores_Dieta!$B$4:$J$164,Coefs!U$292,0) -> 1.1 | V73: =VLOOKUP($B73,Conversores_Dieta!$B$4:$J$164,Coefs!V$292,0) -> 35 | W73: =VLOOKUP($B73,Conversores_Dieta!$B$4:$J$164,Coefs!W$292,0) -> 110 | X73: =VLOOKUP($B73,Conversores_Dieta!$B$4:$J$164,Coefs!X$292,0) -> 823 | AI73: =T73/G73 -> 0.025747126 | AL73: 0.41 | AM73: 0.026125 | AP73: 0.34145 | AQ73: 0.11534667 | AS73: 0.72602959 | AT73: =$AT$228 -> 0.17824592 | AU73: 0.44001793 | AV73: 0.28601166 | AX73: =AI73*O73+P73*AM73 -> 0.025931879 | AY73: 17.5728 | AZ73: 0.7 | BA73: 11 | BB73: 0 | BC73: 0 | BD73: 1.1 | BE73: 0.3 | BF73: 5 | BG73: 2 | BH73: 100 | BI73: 7.27 | BJ73: 0 | BK73: 0 | BL73: 290 | BM73: 190 | BN73: 8.9 | BO73: 7.5 | BP73: 50
A74: 399 | B74: Aubergine | D74: Vegetables | F74: 0.15 | G74: 0.09 | H74: 0.2 | I74: 212 | J74: 1634.2638 | K74: 1.102 | L74: 1.230096 | M74: 1.1212144 | N74: 3.51456 | O74: 0.59000531 | P74: 0.40999469 | Q74: 0.6949 | S74: =VLOOKUP($B74,Conversores_Dieta!$B$4:$J$164,Coefs!S$292,0) -> 0.85 | T74: =VLOOKUP($B74,Conversores_Dieta!$B$4:$J$164,Coefs!T$292,0) -> 0.00192 | U74: =VLOOKUP($B74,Conversores_Dieta!$B$4:$J$164,Coefs!U$292,0) -> 2 | V74: =VLOOKUP($B74,Conversores_Dieta!$B$4:$J$164,Coefs!V$292,0) -> 44 | W74: =VLOOKUP($B74,Conversores_Dieta!$B$4:$J$164,Coefs!W$292,0) -> 111 | X74: =VLOOKUP($B74,Conversores_Dieta!$B$4:$J$164,Coefs!X$292,0) -> 30 | AI74: =T74/G74 -> 0.021333333 | AL74: 0.41 | AM74: 0.026125 | AP74: 0.4209 | AQ74: 0.11534667 | AS74: 0.72602959 | AT74: =$AT$228 -> 0.17824592 | AU74: 0.44001793 | AV74: 0.28601166 | AX74: =AI74*O74+P74*AM74 -> 0.023297891 | AY74: 17.5728 | AZ74: 0.7 | BA74: 24 | BB74: 0 | BC74: 0 | BD74: 0.9 | BE74: 0 | BF74: 3 | BG74: 1 | BH74: 130 | BI74: 7.27 | BJ74: 0 | BK74: 0 | BL74: 190 | BM74: 40 | BN74: 0.3 | BO74: 300 | BP74: 0.4
A75: 373 | B75: Spinach | D75: Vegetables | F75: 0.15 | G75: 0.104 | H75: 0.185 | I75: 212 | J75: 1634.2638 | K75: 0.919 | L75: 1.8275712 | M75: 1.0916285 | N75: 3.250968 | O75: 0.90819348 | P75: 0.091806515 | Q75: 0.10108696 | S75: =VLOOKUP($B75,Conversores_Dieta!$B$4:$J$164,Coefs!S$292,0) -> 0.81 | T75: =VLOOKUP($B75,Conversores_Dieta!$B$4:$J$164,Coefs!T$292,0) -> 0.00416 | U75: =VLOOKUP($B75,Conversores_Dieta!$B$4:$J$164,Coefs!U$292,0) -> 3 | V75: =VLOOKUP($B75,Conversores_Dieta!$B$4:$J$164,Coefs!V$292,0) -> 12 | W75: =VLOOKUP($B75,Conversores_Dieta!$B$4:$J$164,Coefs!W$292,0) -> 900 | X75: =VLOOKUP($B75,Conversores_Dieta!$B$4:$J$164,Coefs!X$292,0) -> 300 | AI75: =T75/G75 -> 0.04 | AL75: 0.41 | AM75: 0.026125 | AP75: 0.35967 | AQ75: 0.11534667 | AS75: 0.72602959 | AT75: =$AT$228 -> 0.17824592 | AU75: 0.44001793 | AV75: 0.28601166 | AX75: =AI75*O75+P75*AM75 -> 0.038726185 | AY75: 17.5728 | AZ75: 0.7 | BA75: 29 | BB75: 2.4 | BC75: 0.8 | BD75: 3.2 | BE75: 1.4 | BF75: 22.7 | BG75: 5.4 | BH75: 535.9 | BI75: 7.27 | BJ75: 0 | BK75: 0 | BL75: 1430.2 | BM75: 262.8 | BN75: 17.2 | BO75: 150 | BP75: 35
B76: Fava bean, green, without pod | D76: Vegetables | F76: 0.15 | G76: 0.178 | H76: 0.23766667 | I76: 212 | J76: 1634.2638 | K76: 0 | L76: 0 | M76: 2.676 | N76: 4.1764688 | O76: 0.33708055 | P76: 0.66291945 | Q76: 1.96665 | S76: =VLOOKUP($B76,Conversores_Dieta!$B$4:$J$164,Coefs!S$292,0) -> 0.4 | T76: =VLOOKUP($B76,Conversores_Dieta!$B$4:$J$164,Coefs!T$292,0) -> 0.00672 | U76: =VLOOKUP($B76,Conversores_Dieta!$B$4:$J$164,Coefs!U$292,0) -> 2 | V76: =VLOOKUP($B76,Conversores_Dieta!$B$4:$J$164,Coefs!V$292,0) -> 42 | W76: =VLOOKUP($B76,Conversores_Dieta!$B$4:$J$164,Coefs!W$292,0) -> 230 | X76: =VLOOKUP($B76,Conversores_Dieta!$B$4:$J$164,Coefs!X$292,0) -> 283.3 | AI76: =T76/G76 -> 0.037752809 | AL76: 0.41 | AM76: 0.029 | AP76: 0.371 | AQ76: 0.11534667 | AS76: 0.72602959 | AT76: =$AT$228 -> 0.17824592 | AU76: 0.44001793 | AV76: 0.28601166 | AX76: =AI76*O76+P76*AM76 -> 0.031950402 | AY76: 17.5728 | AZ76: 0.7 | BA76: =BA70 -> 28 | BB76: =BB70 -> 0.4 | BC76: =BC70 -> 0.1 | BD76: =BD70 -> 1.1 | BE76: =BE70 -> 0 | BF76: =BF70 -> 9 | BG76: =BG70 -> 2 | BH76: =BH70 -> 250 | ... BP76: =BP70 -> 2.5
A77: 401 | B77: Onions, shallots, green | C77: Onion | D77: =D41 -> Vegetables | F77: =F41 -> 0.15 | G77: =G41 -> 0.061 | H77: =H41 -> 0.1985 | I77: =I41 -> 212 | J77: =J41 -> 1634.2638 | K77: =K41 -> 0 | L77: =L41 -> 0 | M77: =M41 -> 0.995 | ... Q77: =Q41 -> 0.61391908 | S77: =VLOOKUP(C77,$B$3:$X$358,MATCH(S$2,$B$2:$X$2,0),0) -> 1 | T77: =VLOOKUP($C77,$B$3:$X$358,MATCH(T$2,$B$2:$X$2,0),0)*$G77/VLOOKUP($C77,$B$3:$X$358,MATCH($G$2,$B$2:$X$2,0),0) -> 0.00224 | U77: =VLOOKUP($C77,$B$3:$X$358,MATCH(U$2,$B$2:$X$2,0),0)*$G77/VLOOKUP($C77,$B$3:$X$358,MATCH($G$2,$B$2:$X$2,0),0) -> 2 | V77: =VLOOKUP($C77,$B$3:$X$358,MATCH(V$2,$B$2:$X$2,0),0)*$G77/VLOOKUP($C77,$B$3:$X$358,MATCH($G$2,$B$2:$X$2,0),0) -> 35 | W77: =VLOOKUP($C77,$B$3:$X$358,MATCH(W$2,$B$2:$X$2,0),0)*$G77/VLOOKUP($C77,$B$3:$X$358,MATCH($G$2,$B$2:$X$2,0),0) -> 1140 | X77: =VLOOKUP($C77,$B$3:$X$358,MATCH(X$2,$B$2:$X$2,0),0)*$G77/VLOOKUP($C77,$B$3:$X$358,MATCH($G$2,$B$2:$X$2,0),0) -> 0 | AI77: =T77/G77 -> 0.036721311 | AL77: =AL41 -> 0.41 | AM77: =AM41 -> 0.024 | AP77: =AP41 -> 0.294 | AQ77: =AQ41 -> 0.11534667 | AS77: =AS41 -> 0.72602959 | AT77: =$AT$228 -> 0.17824592 | AU77: =AU41 -> 0.44001793 | AV77: =AV41 -> 0.28601166 | AX77: =AI77*O77+P77*AM77 -> 0.031882249 | AY77: =AY41 -> 17.5728 | AZ77: 0.7 | BA77: =BA70 -> 28 | BB77: =BB70 -> 0.4 | BC77: =BC70 -> 0.1 | BD77: =BD70 -> 1.1 | BE77: =BE70 -> 0 | BF77: =BF70 -> 9 | BG77: =BG70 -> 2 | BH77: =BH70 -> 250 | ... BP77: =BP70 -> 2.5
A78: 420 | B78: Vegetables, leguminous nes | C78: =B76 -> Fava bean, green, without pod | D78: Vegetables | F78: =F76 -> 0.15 | G78: =AVERAGE(G70,G71,G76) -> 0.17666667 | H78: =AVERAGE(H70,H71,H76) -> 0.27922222 | I78: =AVERAGE(I70,I71,I76) -> 212 | J78: =AVERAGE(J70,J71,J76) -> 1634.2638 | K78: =AVERAGE(K70,K71,K76) -> 1.753 | L78: =AVERAGE(L70,L71,L76) -> 5.6467264 | M78: =AVERAGE(M70,M71,M76) -> 4.7674306 | N78: =AVERAGE(N70,N71,N76) -> 4.9067163 | ... Q78: =AVERAGE(Q70,Q71,Q76) -> 1.96665 | S78: =VLOOKUP(C78,$B$3:$X$358,MATCH(S$2,$B$2:$X$2,0),0) -> 0.4 | T78: =VLOOKUP($C78,$B$3:$X$358,MATCH(T$2,$B$2:$X$2,0),0)*$G78/VLOOKUP($C78,$B$3:$X$358,MATCH($G$2,$B$2:$X$2,0),0) -> 0.0066696629 | U78: =VLOOKUP($C78,$B$3:$X$358,MATCH(U$2,$B$2:$X$2,0),0)*$G78/VLOOKUP($C78,$B$3:$X$358,MATCH($G$2,$B$2:$X$2,0),0) -> 1.9850187 | V78: =VLOOKUP($C78,$B$3:$X$358,MATCH(V$2,$B$2:$X$2,0),0)*$G78/VLOOKUP($C78,$B$3:$X$358,MATCH($G$2,$B$2:$X$2,0),0) -> 41.685393 | W78: =VLOOKUP($C78,$B$3:$X$358,MATCH(W$2,$B$2:$X$2,0),0)*$G78/VLOOKUP($C78,$B$3:$X$358,MATCH($G$2,$B$2:$X$2,0),0) -> 228.27715 | X78: =VLOOKUP($C78,$B$3:$X$358,MATCH(X$2,$B$2:$X$2,0),0)*$G78/VLOOKUP($C78,$B$3:$X$358,MATCH($G$2,$B$2:$X$2,0),0) -> 281.1779 | AI78: =T78/G78 -> 0.037752809 | AL78: =AVERAGE(AL70,AL71,AL76) -> 0.41 | AM78: =AVERAGE(AM70,AM71,AM76) -> 0.027083333 | AP78: =AVERAGE(AP70,AP71,AP76) -> 0.38642333 | AQ78: =AVERAGE(AQ70,AQ71,AQ76) -> 0.11534667 | AS78: =AVERAGE(AS70,AS71,AS76) -> 0.72602959 | AT78: =$AT$228 -> 0.17824592 | AU78: =AVERAGE(AU70,AU71,AU76) -> 0.44001793 | AV78: =AVERAGE(AV70,AV71,AV76) -> 0.28601166 | AX78: =AI78*O78+P78*AM78 -> 0.030716997 | AY78: =AVERAGE(AY70,AY71,AY76) -> 17.5728 | AZ78: 0.7 | BA78: 167 | BB78: 3.3 | BC78: 4.8 | BD78: 11.2 | BE78: 1 | BF78: 19.8 | BG78: 35 | BH78: 1230 | BI78: 7.27 | BJ78: 0 | BK78: 0 | BL78: 1010 | BM78: 223.3 | BN78: 1.5 | BO78: 175 | BP78: 1.2
A79: 463 | B79: Vegetables, other | C79: Tomato | D79: Vegetables | F79: 0.15 | G79: =G73 -> 0.062142857 | H79: 0.21007643 | I79: 212 | J79: 1634.2638 | K79: 1.2350469 | L79: 2.6710656 | M79: 1.9215956 | N79: 3.691631 | O79: 0.66365281 | P79: 0.33634719 | Q79: 0.73483192 | S79: =VLOOKUP($B79,Conversores_Dieta!$B$4:$J$164,Coefs!S$292,0) -> 0.77921053 | T79: 0.00224 | U79: =VLOOKUP($B79,Conversores_Dieta!$B$4:$J$164,Coefs!U$292,0) -> 16.792105 | V79: =VLOOKUP($B79,Conversores_Dieta!$B$4:$J$164,Coefs!V$292,0) -> 91.673684 | W79: =VLOOKUP($B79,Conversores_Dieta!$B$4:$J$164,Coefs!W$292,0) -> 954.07895 | X79: =VLOOKUP($B79,Conversores_Dieta!$B$4:$J$164,Coefs!X$292,0) -> 2792.3395 | AI79: =T79/G79 -> 0.036045977 | AL79: 0.41 | AM79: 0.026125 | AP79: 0.35967 | AQ79: 0.11534667 | AS79: 0.72602959 | AT79: =$AT$228 -> 0.17824592 | AU79: 0.44001793 | AV79: 0.28601166 | AX79: =AI79*O79+P79*AM79 -> 0.032709084 | AY79: 17.5728 | AZ79: 0.7 | BA79: 28.7 | BB79: 0.7 | BC79: 0.3 | BD79: 1.3 | BE79: 0.4 | BF79: 10.1 | BG79: 4 | BH79: 253.7 | BI79: 7.27 | BJ79: 0 | BK79: 5 | BL79: 489 | BM79: 315.1 | BN79: 4.8 | BO79: 300 | BP79: 60
B80: Industrial crops | D80: Other | F80: 0.42914389 | G80: 0.90847222 | H80: 0.926 | I80: 232.075 | J80: 873.33823 | K80: 26.38 | L80: #DIV/0! | M80: 19.423483 | N80: 16.18162 | O80: 0.38117782 | P80: 0.61882218 | Q80: 2.2878846 | AI80: 0.034245489 | AJ80: 0.0061094222 | AK80: 0.0093240256 | AL80: 0.5 | AM80: 0.008 | AP80: 0.4467754 | AQ80: 0.11534667 | AR80: #DIV/0! | AS80: 0.73784473 | AT80: =$AT$228 -> 0.17824592 | AU80: 0.44717862 | AV80: 0.2906661 | AX80: =AI80*O80+P80*AM80 -> 0.018004198 | AY80: 17.474752 | AZ80: 0.7
A81: 157 | B81: Sugar beet | D81: Sugarbeet | F81: 0.22051282 | G81: 0.25 | H81: 0.16233333 | I81: 232.075 | J81: 873.33823 | M81: 4.2515544 | N81: 2.8526512 | O81: 0.51282051 | P81: 0.48717949 | Q81: 0.95 | T81: 0.00208 | AI81: =T81/G81 -> 0.00832 | AL81: 0.5 | AM81: 0.02 | AP81: 0.348 | AQ81: 0.11534667 | AS81: 0.72602959 | AT81: =$AT$228 -> 0.17824592 | AU81: 0.44001793 | AV81: 0.28601166 | AX81: =AI81*O81+P81*AM81 -> 0.014010256 | AY81: 17.5728 | AZ81: 0.7
A82: 270 | B82: Rape | C82: Nuts nes | D82: Oilseeds | F82: 0.15 | G82: 0.912 | H82: 1 | I82: 232.075 | J82: 873.33823 | M82: 27.326541 | N82: 17.5728 | O82: 0.28971525 | P82: 0.71028475 | Q82: 2.451665 | S82: =VLOOKUP(C82,$B$3:$X$358,MATCH(S$2,$B$2:$X$2,0),0) -> 0.9575 | T82: =AI82*G82 -> 0.0304 | U82: =VLOOKUP($C82,$B$3:$X$358,MATCH(U$2,$B$2:$X$2,0),0)*$G82/VLOOKUP($C82,$B$3:$X$358,MATCH($G$2,$B$2:$X$2,0),0) -> 536.98428 | V82: =VLOOKUP($C82,$B$3:$X$358,MATCH(V$2,$B$2:$X$2,0),0)*$G82/VLOOKUP($C82,$B$3:$X$358,MATCH($G$2,$B$2:$X$2,0),0) -> 134.96057 | W82: =VLOOKUP($C82,$B$3:$X$358,MATCH(W$2,$B$2:$X$2,0),0)*$G82/VLOOKUP($C82,$B$3:$X$358,MATCH($G$2,$B$2:$X$2,0),0) -> 1781.4795 | X82: =VLOOKUP($C82,$B$3:$X$358,MATCH(X$2,$B$2:$X$2,0),0)*$G82/VLOOKUP($C82,$B$3:$X$358,MATCH($G$2,$B$2:$X$2,0),0) -> 0 | AI82: 0.033333333 | AJ82: 0.0065789474 | AK82: 0.0086622807 | AL82: 0.5 | AM82: 0.008 | AP82: 0.46917273 | AQ82: 0.11534667 | AS82: 0.7491 | AT82: =$AT$228 -> 0.17824592 | AU82: 0.454 | AV82: 0.2951 | AX82: =AI82*O82+P82*AM82 -> 0.015339453 | AY82: 17.5728 | AZ82: 0.7 | BA82: 110 | BB82: 62.9 | BC82: 653 | BD82: 280.1 | BE82: 25 | BF82: 0 | BG82: 45 | BH82: 2250 | BI82: 371 | BJ82: 0 | BK82: 0 | BL82: 0 | BM82: 0 | BN82: 209.5 | BO82: 300 | BP82: 15
B83: Mustard | C83: Nuts nes | D83: Spices | F83: 0.23898132 | G83: 0.912 | H83: 1 | I83: 232.075 | J83: 873.33823 | M83: 25.310929 | N83: 17.5728 | O83: 0.28971525 | P83: 0.71028475 | Q83: 2.451665 | S83: =VLOOKUP(C83,$B$3:$X$358,MATCH(S$2,$B$2:$X$2,0),0) -> 0.9575 | T83: =VLOOKUP($C83,$B$3:$X$358,MATCH(T$2,$B$2:$X$2,0),0)*$G83/VLOOKUP($C83,$B$3:$X$358,MATCH($G$2,$B$2:$X$2,0),0) -> 0.027147907 | U83: =VLOOKUP($C83,$B$3:$X$358,MATCH(U$2,$B$2:$X$2,0),0)*$G83/VLOOKUP($C83,$B$3:$X$358,MATCH($G$2,$B$2:$X$2,0),0) -> 536.98428 | V83: =VLOOKUP($C83,$B$3:$X$358,MATCH(V$2,$B$2:$X$2,0),0)*$G83/VLOOKUP($C83,$B$3:$X$358,MATCH($G$2,$B$2:$X$2,0),0) -> 134.96057 | W83: =VLOOKUP($C83,$B$3:$X$358,MATCH(W$2,$B$2:$X$2,0),0)*$G83/VLOOKUP($C83,$B$3:$X$358,MATCH($G$2,$B$2:$X$2,0),0) -> 1781.4795 | X83: =VLOOKUP($C83,$B$3:$X$358,MATCH(X$2,$B$2:$X$2,0),0)*$G83/VLOOKUP($C83,$B$3:$X$358,MATCH($G$2,$B$2:$X$2,0),0) -> 0 | AI83: =T83/G83 -> 0.029767442 | AJ83: 0.0061094222 | AK83: 0.0093240256 | AL83: 0.5 | AM83: 0.008 | AP83: 0.44426371 | AQ83: 0.11534667 | AS83: 0.69641379 | AT83: =$AT$228 -> 0.17824592 | AU83: 0.42206897 | AV83: 0.27434483 | AX83: =AI83*O83+P83*AM83 -> 0.01430636 | AY83: 17.5728 | AZ83: 0.7 | BA83: =BA$82 -> 110 | BB83: =BB82 -> 62.9 | BC83: =BC82 -> 653 | BD83: =BD82 -> 280.1 | BE83: =BE82 -> 25 | BF83: =BF82 -> 0 | BG83: =BG82 -> 45 | BH83: =BH82 -> 2250 | BI83: =BI82 -> 371 | ... BP83: =BP82 -> 15
A84: 777 | B84: Hemp | D84: Fiber | F84: 0.23898132 | G84: 0.911 | H84: 0.911 | I84: 232.075 | J84: 873.33823 | M84: 15.81552 | N84: 15.81552 | O84: 0.8 | P84: 0.2 | Q84: 0.25 | T84: 0.0013 | AI84: =T84/G84 -> 0.0014270033 | AL84: 0.62 | AM84: 0.008 | AP84: 0.43689436 | AQ84: 0.11534667 | AS84: 0.72602959 | AT84: =$AT$228 -> 0.17824592 | AU84: 0.44001793 | AV84: 0.28601166 | AX84: =AI84*O84+P84*AM84 -> 0.0027416026 | AY84: 17.360615 | AZ84: 0.7
B85: Caper | D85: Other | F85: 0.23898132 | G85: 0.114 | H85: 0.114 | I85: 232.075 | J85: 873.33823 | M85: 1.736 | N85: 2.0032992 | O85: 0.33333333 | P85: 0.66666667 | Q85: 2 | S85: =VLOOKUP($B85,Conversores_Dieta!$B$4:$J$164,Coefs!S$292,0) -> 1 | T85: =VLOOKUP($B85,Conversores_Dieta!$B$4:$J$164,Coefs!T$292,0) -> 0.00384 | U85: =VLOOKUP($B85,Conversores_Dieta!$B$4:$J$164,Coefs!U$292,0) -> 9 | V85: =VLOOKUP($B85,Conversores_Dieta!$B$4:$J$164,Coefs!V$292,0) -> 49 | W85: =VLOOKUP($B85,Conversores_Dieta!$B$4:$J$164,Coefs!W$292,0) -> 400 | X85: =VLOOKUP($B85,Conversores_Dieta!$B$4:$J$164,Coefs!X$292,0) -> 140 | AI85: =T85/G85 -> 0.033684211 | AL85: 0.5 | AM85: 0.008 | AP85: 0.43689436 | AQ85: 0.11534667 | AS85: 0.72602959 | AT85: =$AT$228 -> 0.17824592 | AU85: 0.44001793 | AV85: 0.28601166 | AX85: =AI85*O85+P85*AM85 -> 0.016561404 | AY85: 17.5728 | AZ85: 0.7 | BA85: 15 | BB85: 2.3 | BC85: 0.6 | BD85: 3 | BE85: 0.1 | BF85: 16.7 | BG85: 3.2 | BH85: 330 | BI85: 7.27 | BJ85: 0 | BK85: 0 | BL85: 230 | BM85: 43 | BN85: 8.8 | BO85: 500 | BP85: 2.5
A86: 280 | B86: Safflower | D86: Oilseeds | F86: 0.1 | G86: 0.912 | H86: 1 | I86: 232.075 | J86: 873.33823 | M86: 25.310929 | N86: 17.5728 | O86: 0.22022472 | P86: 0.77977528 | Q86: 3.5408163 | S86: =S85 -> 1 | T86: 0.01552 | U86: =U85 -> 9 | V86: =V85 -> 49 | W86: =W85 -> 400 | X86: =X85 -> 140 | AI86: =T86/G86 -> 0.017017544 | AJ86: 0.0061094222 | AK86: 0.0093240256 | AL86: 0.5 | AM86: 0.008 | AP86: 0.43689436 | AQ86: 0.11534667 | AS86: 0.72602959 | AT86: =$AT$228 -> 0.17824592 | AU86: 0.44001793 | AV86: 0.28601166 | AX86: =AI86*O86+P86*AM86 -> 0.0099858861 | AY86: 17.5728 | AZ86: 0.7 | BA86: 100 | BB86: 76.5 | BC86: 716 | BD86: 138 | BE86: 1 | BF86: 0 | BG86: 35 | BH86: 2750 | BI86: 371 | BJ86: 0 | BK86: 0 | BL86: 1600 | BM86: 0 | BN86: 460 | BO86: 350 | BP86: 7.5
B87: Saffron | D87: Spices | F87: 0.23898132 | G87: 0.9 | H87: 0.9 | I87: 232.075 | J87: 873.33823 | M87: 15.378 | N87: 15.81552 | O87: 0.16666667 | P87: 0.83333333 | Q87: 5 | S87: =VLOOKUP($B87,Conversores_Dieta!$B$4:$J$164,Coefs!S$292,0) -> 1 | T87: =VLOOKUP($B87,Conversores_Dieta!$B$4:$J$164,Coefs!T$292,0) -> 0.01824 | U87: =VLOOKUP($B87,Conversores_Dieta!$B$4:$J$164,Coefs!U$292,0) -> 59 | V87: =VLOOKUP($B87,Conversores_Dieta!$B$4:$J$164,Coefs!V$292,0) -> 615 | W87: =VLOOKUP($B87,Conversores_Dieta!$B$4:$J$164,Coefs!W$292,0) -> 1100 | X87: =VLOOKUP($B87,Conversores_Dieta!$B$4:$J$164,Coefs!X$292,0) -> 0 | AI87: =T87/G87 -> 0.020266667 | AL87: 0.5 | AM87: 0.008 | AP87: 0.43689436 | AQ87: 0.11534667 | AS87: 0.72602959 | AT87: =$AT$228 -> 0.17824592 | AU87: 0.44001793 | AV87: 0.28601166 | AX87: =AI87*O87+P87*AM87 -> 0.010044444 | AY87: 17.5728 | AZ87: 0.7 | BA87: 39 | BB87: 15.9 | BC87: 4.3 | BD87: 20.7 | BE87: 1 | BF87: 111 | BG87: 10.9 | BH87: 2640 | BI87: 43.9 | BJ87: 0 | BK87: 0 | BL87: 0 | BM87: 0 | BN87: 0 | BO87: 125 | BP87: 350
B88: Cumin | C88: Saffron | D88: Spices | F88: 0.23898132 | G88: 0.9 | H88: 0.9 | I88: 232.075 | J88: 873.33823 | M88: 18.91 | N88: 15.81552 | O88: 0.33333333 | P88: 0.66666667 | Q88: 2 | S88: =VLOOKUP(C88,$B$3:$X$358,MATCH(S$2,$B$2:$X$2,0),0) -> 1 | T88: =VLOOKUP($C88,$B$3:$X$358,MATCH(T$2,$B$2:$X$2,0),0)*$G88/VLOOKUP($C88,$B$3:$X$358,MATCH($G$2,$B$2:$X$2,0),0) -> 0.01824 | U88: =VLOOKUP($C88,$B$3:$X$358,MATCH(U$2,$B$2:$X$2,0),0)*$G88/VLOOKUP($C88,$B$3:$X$358,MATCH($G$2,$B$2:$X$2,0),0) -> 59 | V88: =VLOOKUP($C88,$B$3:$X$358,MATCH(V$2,$B$2:$X$2,0),0)*$G88/VLOOKUP($C88,$B$3:$X$358,MATCH($G$2,$B$2:$X$2,0),0) -> 615 | W88: =VLOOKUP($C88,$B$3:$X$358,MATCH(W$2,$B$2:$X$2,0),0)*$G88/VLOOKUP($C88,$B$3:$X$358,MATCH($G$2,$B$2:$X$2,0),0) -> 1100 | X88: =VLOOKUP($C88,$B$3:$X$358,MATCH(X$2,$B$2:$X$2,0),0)*$G88/VLOOKUP($C88,$B$3:$X$358,MATCH($G$2,$B$2:$X$2,0),0) -> 0 | AI88: =T88/G88 -> 0.020266667 | AL88: 0.5 | AM88: 0.008 | AP88: 0.43689436 | AQ88: 0.11534667 | AS88: 0.72602959 | AT88: =$AT$228 -> 0.17824592 | AU88: 0.44001793 | AV88: 0.28601166 | AX88: =AI88*O88+P88*AM88 -> 0.012088889 | AY88: 17.5728 | AZ88: 0.7 | BA88: =BA$87 -> 39 | BB88: =BB87 -> 15.9 | BC88: =BC87 -> 4.3 | BD88: =BD87 -> 20.7 | BE88: =BE87 -> 1 | BF88: =BF87 -> 111 | BG88: =BG87 -> 10.9 | BH88: =BH87 -> 2640 | BI88: =BI87 -> 43.9 | ... BP88: =BP87 -> 350
A89: 767 | B89: Cotton fiber | D89: Fiber | F89: =F90 -> 0.17 | G89: 0.9 | H89: 0.92 | I89: 232.075 | J89: 873.33823 | M89: 15.81552 | N89: 15.81552 | O89: 0.385 | P89: 0.615 | Q89: 1.5974026 | T89: =0.00088 -> 0.00088 | AI89: =T89/G89 -> 0.00097777778 | AL89: 0.5 | AM89: 0.008 | AP89: 0.4579625 | AQ89: 0.11534667 | AS89: 0.72602959 | AT89: =$AT$228 -> 0.17824592 | AU89: 0.44001793 | AV89: 0.28601166 | AX89: =AI89*O89+P89*AM89 -> 0.0052964444 | AY89: 17.190783 | AZ89: 0.7
A90: 329 | B90: Cottonseed | D90: Oilseeds | F90: 0.17 | G90: 0.92 | H90: 0.92 | I90: 232.075 | J90: 873.33823 | M90: 22.226245 | N90: 16.166976 | O90: 0.4 | P90: 0.6 | Q90: 1.5 | T90: 0.02768 | AI90: =T90/G90 -> 0.030086957 | AJ90: 0.0057608696 | AK90: 0.010326087 | AL90: 0.5 | AM90: 0.008 | AP90: 0.4579625 | AQ90: 0.11534667 | AS90: 0.72602959 | AT90: =$AT$228 -> 0.17824592 | AU90: 0.44001793 | AV90: 0.28601166 | AX90: =AI90*O90+P90*AM90 -> 0.016834783 | AY90: 17.5728 | AZ90: 0.7
A91: 328 | B91: Seed cotton | D91: Fiber | F91: =AVERAGE(F89:F90) -> 0.17 | G91: =AVERAGE(G89:G90) -> 0.91 | H91: =AVERAGE(H89:H90) -> 0.92 | I91: =AVERAGE(I89:I90) -> 232.075 | J91: =AVERAGE(J89:J90) -> 873.33823 | M91: =AVERAGE(M89:M90) -> 19.020882 | N91: =AVERAGE(N89:N90) -> 15.991248 | O91: =SUM(O89:O90)/SUM(O89:O90,P89) -> 0.56071429 | P91: =1-O91 -> 0.43928571 | Q91: =P91/O91 -> 0.78343949 | AI91: =AVERAGE(AI89:AI90) -> 0.015532367 | AJ91: =AVERAGE(AJ89:AJ90) -> 0.0057608696 | AK91: =AVERAGE(AK89:AK90) -> 0.010326087 | AL91: =AVERAGE(AL89:AL90) -> 0.5 | AM91: =AVERAGE(AM89:AM90) -> 0.008 | AP91: =AVERAGE(AP89:AP90) -> 0.4579625 | AQ91: =AVERAGE(AQ89:AQ90) -> 0.11534667 | AS91: =AVERAGE(AS89:AS90) -> 0.72602959 | AT91: =$AT$228 -> 0.17824592 | AU91: =AVERAGE(AU89:AU90) -> 0.44001793 | AV91: =AVERAGE(AV89:AV90) -> 0.28601166 | AX91: =AI91*O91+P91*AM91 -> 0.012223506 | AY91: =AVERAGE(AY89:AY90) -> 17.381791 | AZ91: 0.7
A92: 267 | B92: Sunflower seed | C92: Nuts nes | D92: Oilseeds | F92: 0.06 | G92: 0.93566667 | H92: 0.93 | I92: 232.075 | J92: 873.33823 | K92: 26.38 | M92: 26.38 | N92: 16.342704 | O92: 0.30291709 | P92: 0.69708291 | Q92: 2.3012333 | S92: =VLOOKUP(C92,$B$3:$X$358,MATCH(S$2,$B$2:$X$2,0),0) -> 0.9575 | T92: 0.01968 | U92: =VLOOKUP($C92,$B$3:$X$358,MATCH(U$2,$B$2:$X$2,0),0)*$G92/VLOOKUP($C92,$B$3:$X$358,MATCH($G$2,$B$2:$X$2,0),0) -> 550.91918 | V92: =VLOOKUP($C92,$B$3:$X$358,MATCH(V$2,$B$2:$X$2,0),0)*$G92/VLOOKUP($C92,$B$3:$X$358,MATCH($G$2,$B$2:$X$2,0),0) -> 138.46283 | W92: =VLOOKUP($C92,$B$3:$X$358,MATCH(W$2,$B$2:$X$2,0),0)*$G92/VLOOKUP($C92,$B$3:$X$358,MATCH($G$2,$B$2:$X$2,0),0) -> 1827.7094 | X92: =VLOOKUP($C92,$B$3:$X$358,MATCH(X$2,$B$2:$X$2,0),0)*$G92/VLOOKUP($C92,$B$3:$X$358,MATCH($G$2,$B$2:$X$2,0),0) -> 0 | AI92: =T92/G92 -> 0.021033131 | AJ92: 0.0053724031 | AK92: 0.0089361803 | AL92: 0.5 | AM92: 0.008 | AP92: 0.48928333 | AQ92: 0.11534667 | AS92: 0.77385 | AT92: =$AT$228 -> 0.17824592 | AU92: 0.469 | AV92: 0.30485 | AX92: =AI92*O92+P92*AM92 -> 0.011947958 | AY92: 17.5728 | AZ92: 0.7 | BA92: 27 | BB92: 56.3 | BC92: 135 | BD92: 215.2 | BE92: 0 | BF92: 64 | BG92: 51 | BH92: 3900 | BI92: 371 | BJ92: 0 | BK92: 0 | BL92: 2380 | BM92: 0 | BN92: 378 | BO92: 150 | BP92: 150
A93: 677 | B93: Hop | C93: Saffron | D93: Other | F93: 0.23898132 | G93: 0.9 | H93: 0.9 | I93: 232.075 | J93: 873.33823 | M93: 17.144 | N93: 15.81552 | O93: 0.33333333 | P93: 0.66666667 | Q93: 2 | S93: =VLOOKUP(C93,$B$3:$X$358,MATCH(S$2,$B$2:$X$2,0),0) -> 1 | T93: =VLOOKUP($C93,$B$3:$X$358,MATCH(T$2,$B$2:$X$2,0),0)*$G93/VLOOKUP($C93,$B$3:$X$358,MATCH($G$2,$B$2:$X$2,0),0) -> 0.01824 | U93: =VLOOKUP($C93,$B$3:$X$358,MATCH(U$2,$B$2:$X$2,0),0)*$G93/VLOOKUP($C93,$B$3:$X$358,MATCH($G$2,$B$2:$X$2,0),0) -> 59 | V93: =VLOOKUP($C93,$B$3:$X$358,MATCH(V$2,$B$2:$X$2,0),0)*$G93/VLOOKUP($C93,$B$3:$X$358,MATCH($G$2,$B$2:$X$2,0),0) -> 615 | W93: =VLOOKUP($C93,$B$3:$X$358,MATCH(W$2,$B$2:$X$2,0),0)*$G93/VLOOKUP($C93,$B$3:$X$358,MATCH($G$2,$B$2:$X$2,0),0) -> 1100 | X93: =VLOOKUP($C93,$B$3:$X$358,MATCH(X$2,$B$2:$X$2,0),0)*$G93/VLOOKUP($C93,$B$3:$X$358,MATCH($G$2,$B$2:$X$2,0),0) -> 0 | AI93: =T93/G93 -> 0.020266667 | AL93: 0.5 | AM93: 0.008 | AP93: 0.43689436 | AQ93: 0.11534667 | AS93: 0.72602959 | AT93: =$AT$228 -> 0.17824592 | AU93: 0.44001793 | AV93: 0.28601166 | AX93: =AI93*O93+P93*AM93 -> 0.012088889 | AY93: 17.5728 | AZ93: 0.7 | BA93: =BA$87 -> 39 | BB93: =BB$87 -> 15.9 | BC93: =BC$87 -> 4.3 | BD93: =BD$87 -> 20.7 | BE93: =BE$87 -> 1 | BF93: =BF$87 -> 111 | BG93: =BG$87 -> 10.9 | BH93: =BH$87 -> 2640 | ... BO93: =BO$87 -> 125 | BP93: =BP96 -> 7.5
A94: 333 | B94: Linseed | C94: Nuts nes | D94: Oilseeds | F94: 0.23898132 | G94: 0.9199 | H94: 0.9625 | I94: 232.075 | J94: 873.33823 | M94: 25.310929 | N94: 16.91382 | O94: 0.2600104 | P94: 0.7399896 | Q94: 2.846 | S94: =VLOOKUP(C94,$B$3:$X$358,MATCH(S$2,$B$2:$X$2,0),0) -> 0.9575 | T94: 0.0061 | U94: =VLOOKUP($C94,$B$3:$X$358,MATCH(U$2,$B$2:$X$2,0),0)*$G94/VLOOKUP($C94,$B$3:$X$358,MATCH($G$2,$B$2:$X$2,0),0) -> 541.63579 | V94: =VLOOKUP($C94,$B$3:$X$358,MATCH(V$2,$B$2:$X$2,0),0)*$G94/VLOOKUP($C94,$B$3:$X$358,MATCH($G$2,$B$2:$X$2,0),0) -> 136.12963 | W94: =VLOOKUP($C94,$B$3:$X$358,MATCH(W$2,$B$2:$X$2,0),0)*$G94/VLOOKUP($C94,$B$3:$X$358,MATCH($G$2,$B$2:$X$2,0),0) -> 1796.9112 | X94: =VLOOKUP($C94,$B$3:$X$358,MATCH(X$2,$B$2:$X$2,0),0)*$G94/VLOOKUP($C94,$B$3:$X$358,MATCH($G$2,$B$2:$X$2,0),0) -> 0 | AI94: =T94/G94 -> 0.0066311556 | AJ94: 0.0067254686 | AK94: 0.0093715546 | AL94: 0.62 | AM94: 0.008 | AP94: 0.4169 | AQ94: 0.11534667 | AS94: 0.72602959 | AT94: =$AT$228 -> 0.17824592 | AU94: 0.44001793 | AV94: 0.28601166 | AX94: =AI94*O94+P94*AM94 -> 0.0076440862 | AY94: 17.5728 | AZ94: 0.7 | BA94: 285 | BB94: 36.6 | BC94: 75.3 | BD94: 287.3 | BE94: 205 | BF94: 57.5 | BG94: 45 | BH94: 3700 | BI94: 371 | BJ94: 0 | BK94: 0 | BL94: 870 | BM94: 6 | BN94: 3.1 | BO94: 4 | BP94: 0.4
A95: 826 | B95: Tobacco | D95: Other | F95: 0.8 | G95: 0.9 | H95: 0.8 | I95: 232.075 | J95: 873.33823 | M95: 14.962 | N95: 14.05824 | O95: 0.66666667 | P95: 0.33333333 | Q95: 0.5 | T95: 0.04 | AI95: =T95/G95 -> 0.044444444 | AL95: 0.5 | AM95: 0.008 | AP95: 0.3995 | AQ95: 0.11534667 | AS95: 0.72602959 | AT95: =$AT$228 -> 0.17824592 | AU95: 0.44001793 | AV95: 0.28601166 | AX95: =AI95*O95+P95*AM95 -> 0.032296296 | AY95: 17.5728 | AZ95: 0.7
A96: 711 | B96: Anise | C96: Saffron | D96: Other | F96: 0.23898132 | G96: 0.9 | H96: 0.9 | I96: 232.075 | J96: 873.33823 | M96: 17.144 | N96: 15.81552 | O96: 0.2 | P96: 0.8 | Q96: 4 | S96: =VLOOKUP($B96,Conversores_Dieta!$B$4:$J$164,Coefs!S$292,0) -> 1 | T96: =VLOOKUP($B96,Conversores_Dieta!$B$4:$J$164,Coefs!T$292,0) -> 0.02816 | U96: =VLOOKUP($B96,Conversores_Dieta!$B$4:$J$164,Coefs!U$292,0) -> 159 | V96: =VLOOKUP($B96,Conversores_Dieta!$B$4:$J$164,Coefs!V$292,0) -> 500.2 | W96: =VLOOKUP($B96,Conversores_Dieta!$B$4:$J$164,Coefs!W$292,0) -> 6460 | X96: =VLOOKUP($B96,Conversores_Dieta!$B$4:$J$164,Coefs!X$292,0) -> 3110 | AI96: =T96/G96 -> 0.031288889 | AL96: 0.5 | AM96: 0.008 | AP96: 0.43689436 | AQ96: 0.11534667 | AS96: 0.72602959 | AT96: =$AT$228 -> 0.17824592 | AU96: 0.44001793 | AV96: 0.28601166 | AX96: =AI96*O96+P96*AM96 -> 0.012657778 | AY96: 17.5728 | AZ96: 0.7 | BA96: 145 | BB96: 0 | BC96: 0 | BD96: 0 | BE96: 2 | BF96: 0 | BG96: 55 | BH96: 1750 | BI96: 43.9 | BJ96: 0 | BK96: 0 | BL96: 0 | BM96: 0 | BN96: 0 | BO96: 150 | BP96: 7.5
B97: Castor oil plant | C97: Nuts nes | D97: Oilseeds | F97: 0.23898132 | G97: 0.91991667 | H97: 0.9625 | I97: 232.075 | J97: 873.33823 | M97: 25.310929 | N97: 16.91382 | O97: 0.33333333 | P97: 0.66666667 | Q97: 2 | S97: =VLOOKUP(C97,$B$3:$X$358,MATCH(S$2,$B$2:$X$2,0),0) -> 0.9575 | T97: =VLOOKUP($C97,$B$3:$X$358,MATCH(T$2,$B$2:$X$2,0),0)*$G97/VLOOKUP($C97,$B$3:$X$358,MATCH($G$2,$B$2:$X$2,0),0) -> 0.027383566 | U97: =VLOOKUP($C97,$B$3:$X$358,MATCH(U$2,$B$2:$X$2,0),0)*$G97/VLOOKUP($C97,$B$3:$X$358,MATCH($G$2,$B$2:$X$2,0),0) -> 541.6456 | V97: =VLOOKUP($C97,$B$3:$X$358,MATCH(V$2,$B$2:$X$2,0),0)*$G97/VLOOKUP($C97,$B$3:$X$358,MATCH($G$2,$B$2:$X$2,0),0) -> 136.1321 | W97: =VLOOKUP($C97,$B$3:$X$358,MATCH(W$2,$B$2:$X$2,0),0)*$G97/VLOOKUP($C97,$B$3:$X$358,MATCH($G$2,$B$2:$X$2,0),0) -> 1796.9437 | X97: =VLOOKUP($C97,$B$3:$X$358,MATCH(X$2,$B$2:$X$2,0),0)*$G97/VLOOKUP($C97,$B$3:$X$358,MATCH($G$2,$B$2:$X$2,0),0) -> 0 | AI97: =T97/G97 -> 0.029767442 | AJ97: 0.0061094222 | AK97: 0.0093240256 | AL97: 0.5 | AM97: 0.008 | AP97: 0.43689436 | AQ97: 0.11534667 | AS97: 0.72602959 | AT97: =$AT$228 -> 0.17824592 | AU97: 0.44001793 | AV97: 0.28601166 | AX97: =AI97*O97+P97*AM97 -> 0.015255814 | AY97: 17.5728 | AZ97: 0.7 | BA97: =BA$82 -> 110 | BB97: =BB$82 -> 62.9 | BC97: =BC$82 -> 653 | BD97: =BD$82 -> 280.1 | BE97: =BE$82 -> 25 | BF97: =BF$82 -> 0 | BG97: =BG$82 -> 45 | BH97: =BH$82 -> 2250 | ... BP97: =BP$82 -> 15
B98: Sumac | C98: Saffron | D98: Spices | F98: 0.23898132 | G98: 0.91991667 | H98: 0.9625 | I98: 232.075 | J98: 873.33823 | M98: 25.310929 | N98: 16.91382 | O98: 0.4 | P98: 0.6 | Q98: 1.5 | S98: =VLOOKUP(C98,$B$3:$X$358,MATCH(S$2,$B$2:$X$2,0),0) -> 1 | T98: =VLOOKUP($C98,$B$3:$X$358,MATCH(T$2,$B$2:$X$2,0),0)*$G98/VLOOKUP($C98,$B$3:$X$358,MATCH($G$2,$B$2:$X$2,0),0) -> 0.018643644 | U98: =VLOOKUP($C98,$B$3:$X$358,MATCH(U$2,$B$2:$X$2,0),0)*$G98/VLOOKUP($C98,$B$3:$X$358,MATCH($G$2,$B$2:$X$2,0),0) -> 60.305648 | V98: =VLOOKUP($C98,$B$3:$X$358,MATCH(V$2,$B$2:$X$2,0),0)*$G98/VLOOKUP($C98,$B$3:$X$358,MATCH($G$2,$B$2:$X$2,0),0) -> 628.60972 | W98: =VLOOKUP($C98,$B$3:$X$358,MATCH(W$2,$B$2:$X$2,0),0)*$G98/VLOOKUP($C98,$B$3:$X$358,MATCH($G$2,$B$2:$X$2,0),0) -> 1124.3426 | X98: =VLOOKUP($C98,$B$3:$X$358,MATCH(X$2,$B$2:$X$2,0),0)*$G98/VLOOKUP($C98,$B$3:$X$358,MATCH($G$2,$B$2:$X$2,0),0) -> 0 | AI98: =T98/G98 -> 0.020266667 | AJ98: 0.0061094222 | AK98: 0.0093240256 | AL98: 0.5 | AM98: 0.008 | AP98: 0.43689436 | AQ98: 0.11534667 | AS98: 0.72602959 | AT98: =$AT$228 -> 0.17824592 | AU98: 0.44001793 | AV98: 0.28601166 | AX98: =AI98*O98+P98*AM98 -> 0.012906667 | AY98: 17.5728 | AZ98: 0.7 | BA98: =BA$87 -> 39 | BB98: =BB$87 -> 15.9 | BC98: =BC$87 -> 4.3 | BD98: =BD$87 -> 20.7 | BE98: =BE$87 -> 1 | BF98: =BF$87 -> 111 | BG98: =BG$87 -> 10.9 | BH98: =BH$87 -> 2640 | ... BO98: =BO$87 -> 125 | BP98: =BP96 -> 7.5
A99: 156 | B99: Sugarcane | D99: Other | F99: 0.115 | G99: 0.295 | H99: 0.48 | I99: 232.075 | J99: 873.33823 | M99: 5.0168342 | N99: 8.434944 | O99: 0.7 | P99: 0.3 | Q99: 0.42857143 | T99: 0.00032 | AI99: =T99/G99 -> 0.0010847458 | AL99: 0.5 | AM99: 0.008 | AP99: 0.438875 | AQ99: 0.11534667 | AS99: 0.5511 | AT99: =$AT$228 -> 0.17824592 | AU99: 0.334 | AV99: 0.2171 | AX99: =AI99*O99+P99*AM99 -> 0.003159322 | AY99: 17.5728 | AZ99: 0.7
B100: Rubber | D100: Other | F100: =$F115 -> 0.29383041 | G100: 0.7 | H100: 0.75599667 | I100: 232.075 | J100: 873.33823 | M100: 17.144 | N100: 13.284978 | O100: 0.25 | P100: 0.75 | Q100: 3.5 | T100: 0.0088 | AI100: =T100/G100 -> 0.012571429 | AL100: 0.5 | AM100: 0.008 | AP100: 0.43689436 | AQ100: 0.11534667 | AS100: 0.72602959 | AT100: =$AT$228 -> 0.17824592 | AU100: 0.44001793 | AV100: 0.28601166 | AX100: =AI100*O100+P100*AM100 -> 0.0091428571 | AY100: 17.5728 | AZ100: 0.7
...

Sheet Sources
A1: Name_biomass | B1: BG_Biomass_kgDM_ha | C1: Root_Shoot_ratio | D1: Product_kgDM_kgFM | E1: Residue_kgDM_kgFM | F1: Conventional_kgDM_ha | G1: Organic_kgDM_ha | H1: GE_product_edible_portion_MJ_kgFM | I1: GE_product_residue_MJ_kgFM | J1: GE_product_MJ_kgFM | K1: GE_residue_MJ_kg | L1: kg_product_kg_aerial_biomass | M1: kg_residue_kg_aerial_biomass_FM | N1: kg_residue_kg_product_FM | O1: Product_kgN_kgDM | P1: Product_kgP_kgDM | Q1: Product_kgK_kgDM | R1: Product_kgC_kgDM | S1: Residue_kgN_kgDM | T1: Residue_kgP_kgDM | U1: Residue_kgK_kgDM | V1: Residue_kgC_kgDM | W1: Residue_humified_kgC_kgC | X1: MgDM_m3 | Y1: Root_kgC_kgDM | Z1: Root_humified_kgC_kgC | AA1: Root_mass_kgC_kgDM | AB1: Rhizodeposits_mass_kgC_kgDM | AC1: Residue_C_N | AD1: Root_kgN_kgDM | AE1: GE_Roots_MJ_kgDM | AF1: Rhizodeposits_N_kgN_kgRootN | AG1: Comments
A2: Oats | B2: Guzmán et al. 2014 | C2: Guzmán et al. (2014) | D2: Guzmán et al. 2014 | E2: Guzmán et al. 2014 | J2: Guzmán et al. 2014 | K2: Guzmán et al. 2014 | L2: Guzmán et al. 2014 | O2: FEDNA, 2016 | P2: FEDNA, 2016 | Q2: FEDNA, 2016 | R2: Wolf et al. (2015) | S2: IPCC (2019) | T2: FEDNA, 2016 ("Cereals") | U2: FEDNA, 2016 ("Cereals") | V2: =IF([1]C!G5="","",[1]C!G5) -> Carranca et al. (2009), ECN (2017) (2) | W2: =IF([1]Humus!G5="","",[1]Humus!G5) -> Cereals average | Y2: =IF([1]C!BF5="","",[1]C!BF5) -> Redin et al. (2014), Carranca et al. (2009) | Z2: =IF([1]Humus!AK5="","",[1]Humus!AK5) -> Herbaceous average | AA2: Based on root mass | AD2: IPCC (2006) Chapter 11. N2O from managed soils | AF2: Wang et al., 2020, Wichern et al., 2008, Fustec et al, 2010
A3: Barley | B3: Guzmán et al. 2014 | C3: Guzmán et al. (2014) | D3: Guzmán et al. 2014 | E3: Guzmán et al. 2014 | J3: Guzmán et al. 2014 | K3: Guzmán et al. 2014 | L3: Guzmán et al. 2014 | O3: FEDNA, 2016 | P3: FEDNA, 2016 | Q3: FEDNA, 2016 | R3: Wolf et al. (2015) | S3: IPCC (2019) | T3: FEDNA, 2016 ("Cereals") | U3: FEDNA, 2016 ("Cereals") | V3: =IF([1]C!G6="","",[1]C!G6) -> Nourbakhsh (2006), Parikh et al. (2007), Henriksen et al. (1999), ECN (2017) (10) | W3: =IF([1]Humus!G6="","",[1]Humus!G6) -> Cereals average | Y3: =IF([1]C!BF6="","",[1]C!BF6) -> Redin et al. (2014) | Z3: =IF([1]Humus!AK6="","",[1]Humus!AK6) -> Herbaceous average | AA3: Based on root mass | AD3: IPCC (2006) Chapter 11. N2O from managed soils | AF3: Wang et al., 2020, Wichern et al., 2008, Fustec et al, 2010
A4: Rice | C4: Wolf et al. (2015) | D4: Guzmán et al. 2014 | E4: Guzmán et al. 2014 | J4: Guzmán et al. 2014 | K4: Guzmán et al. 2014 | L4: Guzmán et al. 2014 | O4: FEDNA, 2016 | P4: FEDNA, 2016 | Q4: FEDNA, 2016 | R4: Wolf et al. (2015) | S4: IPCC (2019) | T4: FEDNA, 2016 ("Cereals") | U4: FEDNA, 2016 ("Cereals") | V4: =IF([1]C!G7="","",[1]C!G7) -> Parikh et al. (2007), Wang et al.(2017), Chen et al (2015), Lou et al (2007), Su et al (2016), Levi-Minzi et al. (1990), ECN (2017) (8) | W4: =IF([1]Humus!G7="","",[1]Humus!G7) -> Cereals average | Y4: =IF([1]C!BF7="","",[1]C!BF7) -> Lou et al. (2007) | Z4: =IF([1]Humus!AK7="","",[1]Humus!AK7) -> Herbaceous average | AA4: Based on root mass | AD4: IPCC (2006) Chapter 11. N2O from managed soils | AF4: Wang et al., 2020, Wichern et al., 2008, Fustec et al, 2010
A5: Millet | C5: Wolf et al. (2015) | D5: Guzmán et al. 2014 | E5: Guzmán et al. 2014 | J5: Guzmán et al. 2014 | K5: Guzmán et al. 2014 | L5: Guzmán et al. 2014 | O5: FEDNA, 2016 | P5: FEDNA, 2016 | Q5: FEDNA, 2016 | R5: Wolf et al. (2015) | S5: IPCC (2019) | T5: FEDNA, 2016 ("Cereals") | U5: FEDNA, 2016 ("Cereals") | V5: =IF([1]C!G8="","",[1]C!G8) -> Summer cereals | W5: =IF([1]Humus!G8="","",[1]Humus!G8) -> Cereals average | Y5: =IF([1]C!BF8="","",[1]C!BF8) -> Redin et al. (2014) | Z5: =IF([1]Humus!AK8="","",[1]Humus!AK8) -> Herbaceous average | AA5: Based on root mass | AD5: IPCC (2006) Chapter 11. N2O from managed soils | AF5: Wang et al., 2020, Wichern et al., 2008, Fustec et al, 2010
A6: Rye | C6: Wolf et al. (2015) | D6: Guzmán et al. 2014 | E6: Guzmán et al. 2014 | J6: Guzmán et al. 2014 | K6: Guzmán et al. 2014 | L6: Guzmán et al. 2014 | O6: FEDNA, 2016 | P6: FEDNA, 2016 | Q6: FEDNA, 2016 | R6: Wolf et al. (2015) | S6: IPCC (2019) | T6: FEDNA, 2016 ("Cereals") | U6: FEDNA, 2016 ("Cereals") | V6: =IF([1]C!G9="","",[1]C!G9) -> Parikh et al. (2007), ECN (2017) (4) | W6: =IF([1]Humus!G9="","",[1]Humus!G9) -> Cereals average | Y6: =IF([1]C!BF9="","",[1]C!BF9) -> Redin et al. (2014) | Z6: =IF([1]Humus!AK9="","",[1]Humus!AK9) -> Herbaceous average | AA6: Based on root mass | AD6: IPCC (2006) Chapter 11. N2O from managed soils | AF6: Wang et al., 2020, Wichern et al., 2008, Fustec et al, 2010
A7: Sorghum | C7: Guzmán et al. (2014) | D7: Guzmán et al. 2014 | E7: Guzmán et al. 2014 | J7: Guzmán et al. 2014 | K7: Guzmán et al. 2014 | L7: Guzmán et al. 2014 | O7: Lassaletta et al., 2014 (from FAO, 2011) | P7: Summer cereals | Q7: Summer cereals | R7: Wolf et al. (2015) | S7: IPCC (2019) | T7: FEDNA, 2016 ("Cereals") | U7: FEDNA, 2016 ("Cereals") | V7: =IF([1]C!G10="","",[1]C!G10) -> ECN (2017) (10) | W7: =IF([1]Humus!G10="","",[1]Humus!G10) -> Cereals average | Y7: =IF([1]C!BF10="","",[1]C!BF10) -> Redin et al. (2014) | Z7: =IF([1]Humus!AK10="","",[1]Humus!AK10) -> Herbaceous average | AA7: Based on root mass | AD7: IPCC (2006) Chapter 11. N2O from managed soils | AF7: Wang et al., 2020, Wichern et al., 2008, Fustec et al, 2010
A8: Wheat | B8: Guzmán et al. 2014 | C8: Guzmán et al. (2014) | D8: Guzmán et al. 2014 | E8: Guzmán et al. 2014 | J8: Guzmán et al. 2014 | K8: Guzmán et al. 2014 | L8: Guzmán et al. 2014 | O8: FEDNA, 2016 | P8: FEDNA, 2016 | Q8: FEDNA, 2016 | R8: Wolf et al. (2015) | S8: IPCC (2019) | T8: FEDNA, 2016 ("Cereals") | U8: FEDNA, 2016 ("Cereals") | V8: =IF([1]C!G11="","",[1]C!G11) -> Rahn and Lillywhite (2002), Boiffin et al. (1986), Mondini et al. (2017), Nourbakhsh (2006), Parikh et al. (2007), Hadas et al. (2004), Huang et al. (2004), Raiesi (2006), Wang et al.(2017), Bremer et al. (1991), Triberti et al. (2008), Cayuela et al. (2009), Aita et aL (2012), Havstad et al (2009), Chen et al (2015), Gan et al. (2009) (2), Henriksen et al. (1999), ECN (2017) (21), Sarrantonio (2003) | W8: =IF([1]Humus!G11="","",[1]Humus!G11) -> Delas and Molot (1983), Thomsen and Christensen (2004) | Y8: =IF([1]C!BF11="","",[1]C!BF11) -> Redin et al. (2014) | Z8: =IF([1]Humus!AK11="","",[1]Humus!AK11) -> Herbaceous average | AA8: Based on root mass | AD8: IPCC (2006) Chapter 11. N2O from managed soils | AF8: Wang et al., 2020, Wichern et al., 2008, Fustec et al, 2010
A9: Maize | B9: Guzmán et al. 2014 | C9: Guzmán et al. (2014) | D9: Guzmán et al. 2014 | E9: Guzmán et al. 2014 | J9: Guzmán et al. 2014 | K9: Guzmán et al. 2014 | L9: Guzmán et al. 2014 | O9: FEDNA, 2016 | P9: FEDNA, 2016 | Q9: FEDNA, 2016 | R9: Wolf et al. (2015) | S9: IPCC (2019) | T9: FEDNA, 2016 ("Cereals") | U9: FEDNA, 2016 ("Cereals") | V9: =IF([1]C!G12="","",[1]C!G12) -> Boiffin et al. (1986), Nourbakhsh (2006), Paula et al. (2011), Abro et al. (2011), Hadas et al. (2004), Li et al. (2013), Potthoff et al. (2005), Wang et al.(2017), Triberti et al. (2008), Chen et al (2015), Johnson et al (2007), Delas and Molot (1983), ECN (2017) (6) | W9: =IF([1]Humus!G12="","",[1]Humus!G12) -> Boiffin et al. (1986), Barber 1979, Plenet et al. 1993, Delas and Molot (1983), Thomsen and Christensen (2010) | Y9: =IF([1]C!BF12="","",[1]C!BF12) -> Redin et al. (2014), Johnson et al. (2007) | Z9: =IF([1]Humus!AK12="","",[1]Humus!AK12) -> Bolinder et al. (1999), Barber (1979) (2), Plenet et al. (1993) (2) | AA9: Based on root mass | AD9: IPCC (2006) Chapter 11. N2O from managed soils | AF9: Wang et al., 2020, Wichern et al., 2008, Fustec et al, 2010
A10: Winter cereals, other | C10: Oats, barley, wheat, rye | D10: Guzmán et al. 2014 | E10: Guzmán et al. 2014 | J10: Guzmán et al. 2014 | K10: Guzmán et al. 2014 | L10: Guzmán et al. 2014 | O10: Oats, barley, wheat | P10: Oats, barley, wheat | Q10: Oats, barley, wheat | R10: Oats, barley, wheat, rye | S10: "Cereals" (de Blas et al. 2019) | T10: Oats, barley, wheat | U10: Oats, barley, wheat | V10: =IF([1]C!G13="","",[1]C!G13) -> Average of available data | W10: =IF([1]Humus!G13="","",[1]Humus!G13) -> Katterer et al. (2011), Andren and Katterer (1997), Boiffin et al. (1986) | Y10: =IF([1]C!BF13="","",[1]C!BF13) -> Average of available data | Z10: =IF([1]Humus!AK13="","",[1]Humus!AK13) -> Herbaceous average | AA10: Based on root mass | AD10: IPCC (2006) Chapter 11. N2O from managed soils | AF10: Wang et al., 2020, Wichern et al., 2008, Fustec et al, 2010
A11: Summer cereals, other | C11: Sorghum, maize, millet, rice | D11: Sorghum, maize | E11: Sorghum, maize | J11: Sorghum, maize | K11: Sorghum, maize | L11: Guzmán et al. 2014 | O11: Sorghum, maize | P11: Sorghum, maize | Q11: Sorghum, maize | R11: Sorghum, maize, millet, rice | S11: "Cereals" (de Blas et al. 2019) | T11: Sorghum, maize | U11: Sorghum, maize | V11: =IF([1]C!G14="","",[1]C!G14) -> Average of available data | W11: =IF([1]Humus!G14="","",[1]Humus!G14) -> Cereals average | Y11: =IF([1]C!BF14="","",[1]C!BF14) -> Average of available data | Z11: =IF([1]Humus!AK14="","",[1]Humus!AK14) -> Herbaceous average | AA11: Based on root mass | AD11: IPCC (2006) Chapter 11. N2O from managed soils | AF11: Wang et al., 2020, Wichern et al., 2008, Fustec et al, 2010
A12: Triticale | C12: Winter cereals, other | D12: Winter cereals, other | E12: Winter cereals, other | F12: Winter cereals, other | G12: Winter cereals, other | H12: Winter cereals, other | I12: Winter cereals, other | J12: Winter cereals, other | K12: Winter cereals, other | L12: Winter cereals, other | M12: Winter cereals, other | N12: Winter cereals, other | O12: Winter cereals, other | P12: Winter cereals, other | Q12: Winter cereals, other | R12: Winter cereals, other | S12: "Cereals" (de Blas et al. 2019) | T12: Winter cereals, other | U12: Winter cereals, other | V12: Winter cereals, other | W12: Winter cereals, other | X12: Winter cereals, other | Y12: =IF([1]C!BF15="","",[1]C!BF15) | Z12: =IF([1]Humus!AK15="","",[1]Humus!AK15) | AA12: Based on root mass | AC12: Winter cereals, other | AD12: Winter cereals, other | AF12: Wang et al., 2020, Wichern et al., 2008, Fustec et al, 2010
A13: Canary grass | C13: Winter cereals, other | D13: Winter cereals, other | E13: Winter cereals, other | F13: Winter cereals, other | G13: Winter cereals, other | H13: Winter cereals, other | I13: Winter cereals, other | J13: Winter cereals, other | K13: Winter cereals, other | L13: Winter cereals, other | M13: Winter cereals, other | N13: Winter cereals, other | O13: Winter cereals, other | P13: Winter cereals, other | Q13: Winter cereals, other | R13: Winter cereals, other | S13: "Cereals" (de Blas et al. 2019) | T13: Winter cereals, other | U13: Winter cereals, other | V13: Winter cereals, other | W13: Winter cereals, other | X13: Winter cereals, other | Y13: =IF([1]C!BF16="","",[1]C!BF16) -> Modern varieties | Z13: =IF([1]Humus!AK16="","",[1]Humus!AK16) -> Herbaceous average | AA13: Based on root mass | AC13: Winter cereals, other | AD13: Winter cereals, other | AF13: Wang et al., 2020, Wichern et al., 2008, Fustec et al, 2010
A14: Cereals nes | C14: Winter cereals, other | D14: Winter cereals, other | E14: Winter cereals, other | F14: Winter cereals, other | G14: Winter cereals, other | H14: Winter cereals, other | I14: Winter cereals, other | J14: Winter cereals, other | K14: Winter cereals, other | L14: Winter cereals, other | M14: Winter cereals, other | N14: Winter cereals, other | O14: Winter cereals, other | P14: Winter cereals, other | Q14: Winter cereals, other | R14: Winter cereals, other | S14: "Cereals" (de Blas et al. 2019) | T14: Winter cereals, other | U14: Winter cereals, other | V14: Winter cereals, other | W14: Winter cereals, other | X14: Winter cereals, other | Y14: =IF([1]C!BF17="","",[1]C!BF17) -> Modern varieties | Z14: =IF([1]Humus!AK17="","",[1]Humus!AK17) -> Herbaceous average | AA14: Based on root mass | AC14: Winter cereals, other | AD14: Winter cereals, other | AF14: Wang et al., 2020, Wichern et al., 2008, Fustec et al, 2010
A15: Grain, mixed | C15: Winter cereals, other | D15: Winter cereals, other | E15: Winter cereals, other | F15: Winter cereals, other | G15: Winter cereals, other | H15: Winter cereals, other | I15: Winter cereals, other | J15: Winter cereals, other | K15: Winter cereals, other | L15: Winter cereals, other | M15: Winter cereals, other | N15: Winter cereals, other | O15: Winter cereals, other | P15: Winter cereals, other | Q15: Winter cereals, other | R15: Winter cereals, other | S15: "Cereals" (de Blas et al. 2019) | T15: Winter cereals, other | U15: Winter cereals, other | V15: Winter cereals, other | W15: Winter cereals, other | X15: Winter cereals, other | Y15: =IF([1]C!BF18="","",[1]C!BF18) -> Modern varieties | Z15: =IF([1]Humus!AK18="","",[1]Humus!AK18) -> Herbaceous average | AA15: Based on root mass | AC15: Winter cereals, other | AD15: Winter cereals, other | AF15: Wang et al., 2020, Wichern et al., 2008, Fustec et al, 2010
A16: Oats old | C16: Mismo % de incremento que en wheat (ver wheat) | D16: Modern varieties | E16: Modern varieties | J16: Modern varieties | K16: Modern varieties | L16: Guzmán et al. 2014 | O16: Modern varieties | P16: Modern varieties | Q16: Modern varieties | R16: Modern varieties | S16: Modern varieties | T16: Modern varieties | U16: Modern varieties | V16: =IF([1]C!G16="","",[1]C!G16) -> Modern varieties | W16: =IF([1]Humus!G16="","",[1]Humus!G16) -> Modern varieties | Y16: =IF([1]C!BF16="","",[1]C!BF16) -> Modern varieties | Z16: =IF([1]Humus!AK16="","",[1]Humus!AK16) -> Herbaceous average | AA16: Based on root mass | AD16: Modern varieties | AF16: Wang et al., 2020, Wichern et al., 2008, Fustec et al, 2010
A17: Barley old | C17: Mismo % de incremento que en wheat (ver wheat) | D17: Modern varieties | E17: Modern varieties | J17: Modern varieties | K17: Modern varieties | L17: Guzmán et al. 2014 | O17: Modern varieties | P17: Modern varieties | Q17: Modern varieties | R17: Modern varieties | S17: Modern varieties | T17: Modern varieties | U17: Modern varieties | V17: =IF([1]C!G17="","",[1]C!G17) -> Modern varieties | W17: =IF([1]Humus!G17="","",[1]Humus!G17) -> Modern varieties | Y17: =IF([1]C!BF17="","",[1]C!BF17) -> Modern varieties | Z17: =IF([1]Humus!AK17="","",[1]Humus!AK17) -> Herbaceous average | AA17: Based on root mass | AD17: Modern varieties | AF17: Wang et al., 2020, Wichern et al., 2008, Fustec et al, 2010
A18: Rice old | C18: Mismo % de incremento que en wheat (ver wheat) | D18: Modern varieties | E18: Modern varieties | J18: Modern varieties | K18: Modern varieties | L18: Guzmán et al. 2014 | O18: Modern varieties | P18: Modern varieties | Q18: Modern varieties | R18: Modern varieties | S18: Modern varieties | T18: Modern varieties | U18: Modern varieties | V18: =IF([1]C!G18="","",[1]C!G18) -> Modern varieties | W18: =IF([1]Humus!G18="","",[1]Humus!G18) -> Modern varieties | Y18: =IF([1]C!BF18="","",[1]C!BF18) -> Modern varieties | Z18: =IF([1]Humus!AK18="","",[1]Humus!AK18) -> Herbaceous average | AA18: Based on root mass | AD18: Modern varieties | AF18: Wang et al., 2020, Wichern et al., 2008, Fustec et al, 2010
A19: Wheat old | B19: Guzmán et al. 2014 | C19: Calculated from modern wheat and Carranza et al. (in prep.) | D19: Modern varieties | E19: Modern varieties | J19: Modern varieties | K19: Modern varieties | L19: Guzmán et al. 2014 | O19: Modern varieties | P19: Modern varieties | Q19: Modern varieties | R19: Modern varieties | S19: Modern varieties | T19: Modern varieties | U19: Modern varieties | V19: =IF([1]C!G19="","",[1]C!G19) -> Modern varieties | W19: =IF([1]Humus!G19="","",[1]Humus!G19) -> Modern varieties | Y19: =IF([1]C!BF19="","",[1]C!BF19) -> Modern varieties | Z19: =IF([1]Humus!AK19="","",[1]Humus!AK19) -> Herbaceous average | AA19: Based on root mass | AD19: Modern varieties | AF19: Wang et al., 2020, Wichern et al., 2008, Fustec et al, 2010
A20: Maize old | C20: Mismo % de incremento que en wheat (ver wheat) | D20: Modern varieties | E20: Modern varieties | J20: Modern varieties | K20: Modern varieties | L20: Guzmán et al. 2014 | O20: Modern varieties | P20: Modern varieties | Q20: Modern varieties | R20: Modern varieties | S20: Modern varieties | T20: Modern varieties | U20: Modern varieties | V20: =IF([1]C!G20="","",[1]C!G20) -> Dos Santos et al. (2012) | W20: =IF([1]Humus!G20="","",[1]Humus!G20) -> Modern varieties | Y20: =IF([1]C!BF20="","",[1]C!BF20) -> Modern varieties | Z20: =IF([1]Humus!AK20="","",[1]Humus!AK20) -> Herbaceous average | AA20: Based on root mass | AD20: Modern varieties | AF20: Wang et al., 2020, Wichern et al., 2008, Fustec et al, 2010
A21: Groundnuts, with shell | C21: Kyle et al. (2011) | D21: Legumes average | E21: Legumes average | J21: Legumes average | K21: Legumes average | L21: Guzmán et al. 2014 | O21: Legumes average | P21: Legumes average | Q21: Legumes average | R21: Wolf et al. (2015) | S21: IPCC (2019) | T21: Lentils | U21: Lentils | V21: =IF([1]C!G22="","",[1]C!G22) -> Legumes average | W21: =IF([1]Humus!G22="","",[1]Humus!G22) -> Legumes , other | Y21: =IF([1]C!BF22="","",[1]C!BF22) -> Legumes | Z21: =IF([1]Humus!AK22="","",[1]Humus!AK22) -> Herbaceous average | AA21: Based on root mass | AD21: Legumes average | AF21: Wang et al., 2020, Wichern et al., 2008, Fustec et al, 2010
A22: Chickpea | C22: Kyle et al. (2011) | D22: Guzmán et al. 2014 | E22: Guzmán et al. 2014 | J22: Guzmán et al. 2014 | K22: Guzmán et al. 2014 | L22: Guzmán et al. 2014 | O22: Legumes average | P22: Legumes average | Q22: Legumes average | R22: Wolf et al. (2015) | S22: "Beans and pulses" (IPCC, 2019) | T22: Lentils | U22: Lentils | V22: =IF([1]C!G23="","",[1]C!G23) -> O Danga et al. (2013) | W22: =IF([1]Humus!G23="","",[1]Humus!G23) -> Legumes , other | Y22: =IF([1]C!BF23="","",[1]C!BF23) -> Gan et al. (2009) | Z22: =IF([1]Humus!AK23="","",[1]Humus!AK23) -> Herbaceous average | AA22: Based on root mass | AD22: Legumes average | AF22: Wang et al., 2020, Wichern et al., 2008, Fustec et al, 2010
A23: Soyabeans | B23: Guzmán et al. 2014 | C23: Guzmán et al. (2014) | D23: Guzmán et al. 2014 | E23: Guzmán et al. 2014 | J23: Guzmán et al. 2014 | K23: Guzmán et al. 2014 | L23: Guzmán et al. 2014 | O23: Lassaletta et al., 2014 (from FAO, 2011) | P23: FEDNA, 2016 | Q23: FEDNA, 2016 | R23: Wolf et al. (2015) | S23: IPCC (2019) | T23: Lentils | U23: Lentils | V23: =IF([1]C!G24="","",[1]C!G24) -> Frankerberger and Abdelmagid (1985), Paula et al. (2011), Li et al. (2013), Wang et al.(2017), Johnson et al (2007) | W23: =IF([1]Humus!G24="","",[1]Humus!G24) -> Legumes , other | Y23: =IF([1]C!BF24="","",[1]C!BF24) -> Redin et al. (2014), Johnson et al. (2007) | Z23: =IF([1]Humus!AK24="","",[1]Humus!AK24) -> Herbaceous average | AA23: Based on root mass | AD23: IPCC (2006) Chapter 11. N2O from managed soils | AF23: Wang et al., 2020, Wichern et al., 2008, Fustec et al, 2010
A24: Lentils | C24: Legumes average | D24: Guzmán et al. 2014 | E24: Guzmán et al. 2014 | J24: Guzmán et al. 2014 | K24: Guzmán et al. 2014 | L24: Guzmán et al. 2014 | O24: FEDNA, 2016 | P24: FEDNA, 2016 | Q24: FEDNA, 2016 | R24: Wolf et al. (2015) | S24: de Blas et al. (2019) | T24: FEDNA, 2016 | U24: FEDNA, 2016 | V24: =IF([1]C!G25="","",[1]C!G25) -> Bremer et al. (1991) | W24: =IF([1]Humus!G25="","",[1]Humus!G25) -> Legumes , other | Y24: =IF([1]C!BF25="","",[1]C!BF25) -> Gan et al. (2009) | Z24: =IF([1]Humus!AK25="","",[1]Humus!AK25) -> Herbaceous average | AA24: Based on root mass | AD24: Legumes average | AF24: Wang et al., 2020, Wichern et al., 2008, Fustec et al, 2010
A25: Lupin | C25: Legumes average | D25: Legumes average | E25: Legumes average | J25: Legumes average | K25: Legumes average | L25: Guzmán et al. 2014 | O25: FEDNA, 2016 | P25: FEDNA, 2016 | Q25: FEDNA, 2016 | R25: Legumes average | S25: "Beans and pulses" (IPCC, 2019) | T25: Lentils | U25: Lentils | V25: =IF([1]C!G26="","",[1]C!G26) -> Carranca et al. (2009) (average of stems and pod valves) | W25: =IF([1]Humus!G26="","",[1]Humus!G26) -> Legumes , other | Y25: =IF([1]C!BF26="","",[1]C!BF26) -> Carranca et al. (2009) | Z25: =IF([1]Humus!AK26="","",[1]Humus!AK26) -> Herbaceous average | AA25: Based on root mass | AD25: Legumes average | AF25: Wang et al., 2020, Wichern et al., 2008, Fustec et al, 2010
A26: Pea, green, with pod | B26: Guzmán et al. 2014 | C26: Guzmán et al. (2014) | D26: Guzmán et al. 2014 | E26: Guzmán et al. 2014 | H26: Guzmán et al. 2014 | I26: Guzmán et al. 2014 | J26: Guzmán et al. 2014 | K26: Guzmán et al. 2014 | L26: Guzmán et al. 2014 | O26: Legumes average | P26: Legumes average | Q26: Legumes average | R26: Wolf et al. (2015) | S26: "Beans and pulses" (IPCC, 2019) | T26: Lentils | U26: Lentils | V26: =IF([1]C!G27="","",[1]C!G27) -> Legumes average | W26: =IF([1]Humus!G27="","",[1]Humus!G27) -> Legumes , other | Y26: =IF([1]C!BF27="","",[1]C!BF27) -> Legumes | Z26: =IF([1]Humus!AK27="","",[1]Humus!AK27) -> Herbaceous average | AA26: Based on root mass | AD26: Legumes average | AF26: Wang et al., 2020, Wichern et al., 2008, Fustec et al, 2010
A27: Pea | C27: Kyle et al. (2011) | D27: Legumes average | E27: Legumes average | J27: Guzmán et al. 2014 | K27: Legumes average | L27: Legumes average | O27: FEDNA, 2016 | P27: FEDNA, 2016 | Q27: FEDNA, 2016 | R27: Wolf et al. (2015) | S27: "Beans and pulses" (IPCC, 2019) | T27: Lentils | U27: Lentils | V27: =IF([1]C!G28="","",[1]C!G28) -> Henriksen et al. (1999) | W27: =IF([1]Humus!G28="","",[1]Humus!G28) -> Boiffin et al. (1986) (8%. Excluido por ser igual para todas las legumbres) | Y27: =IF([1]C!BF28="","",[1]C!BF28) -> Redin et al. (2014), Gan et al. (2009) | Z27: =IF([1]Humus!AK28="","",[1]Humus!AK28) -> Herbaceous average | AA27: Based on root mass | AD27: Legumes average | AF27: Wang et al., 2020, Wichern et al., 2008, Fustec et al, 2010
A28: Fava bean | C28: Guzmán et al. (2014) | D28: Guzmán et al. 2014 | E28: Guzmán et al. 2014 | J28: Legumes average | K28: Legumes average | L28: Guzmán et al. 2014 | O28: FEDNA, 2016 | P28: FEDNA, 2016 | Q28: FEDNA, 2016 | R28: Wolf et al. (2015) | S28: "Beans and pulses" (IPCC, 2019) | T28: Waller (2011) | U28: Lentils | V28: =IF([1]C!G29="","",[1]C!G29) -> Legumes average | W28: =IF([1]Humus!G29="","",[1]Humus!G29) -> Boiffin et al. (1986) (8%. Excluido por ser igual para todas las legumbres) | Y28: =IF([1]C!BF29="","",[1]C!BF29) -> Legumes | Z28: =IF([1]Humus!AK29="","",[1]Humus!AK29) -> Herbaceous average | AA28: Based on root mass | AD28: Legumes average | AF28: Wang et al., 2020, Wichern et al., 2008, Fustec et al, 2010
A29: Vetch | C29: Legumes average | D29: Guzmán et al. 2014 | E29: Guzmán et al. 2014 | J29: Guzmán et al. 2014 | K29: Guzmán et al. 2014 | L29: Guzmán et al. 2014 | O29: FEDNA, 2016 | P29: FEDNA, 2016 | Q29: FEDNA, 2016 | R29: Wolf et al. (2015) | S29: "Beans and pulses" (IPCC, 2019) | T29: Lentils | U29: Lentils | V29: =IF([1]C!G30="","",[1]C!G30) -> Sarrantonio (2003) | W29: =IF([1]Humus!G30="","",[1]Humus!G30) -> Legumes , other | Y29: =IF([1]C!BF30="","",[1]C!BF30) -> Redin et al. (2014) | Z29: =IF([1]Humus!AK30="","",[1]Humus!AK30) -> Herbaceous average | AA29: Based on root mass | AD29: Legumes average | AF29: Wang et al., 2020, Wichern et al., 2008, Fustec et al, 2010
A30: Beans | C30: Legumes average | D30: Guzmán et al. 2014 | E30: Guzmán et al. 2014 | J30: Legumes average | K30: Legumes average | L30: Legumes average | O30: Legumes average | P30: Legumes average | Q30: Legumes average | R30: Wolf et al. (2015) | S30: "Beans and pulses" (IPCC, 2019) | T30: Waller (2011) | U30: Lentils | V30: =IF([1]C!G31="","",[1]C!G31) -> Paula et al. (2011), ECN (2017) | W30: =IF([1]Humus!G31="","",[1]Humus!G31) -> Boiffin et al. (1986) (8%. Excluido por ser igual para todas las legumbres) | Y30: =IF([1]C!BF31="","",[1]C!BF31) -> Redin et al. (2014) | Z30: =IF([1]Humus!AK31="","",[1]Humus!AK31) -> Herbaceous average | AA30: Based on root mass | AD30: IPCC (2006) Chapter 11. N2O from managed soils | AF30: Wang et al., 2020, Wichern et al., 2008, Fustec et al, 2010
A31: Pulses nes | C31: Soyabeans, pea, fava bean | D31: Guzmán et al. 2014 | E31: Guzmán et al. 2014 | J31: Guzmán et al. 2014 | K31: Guzmán et al. 2014 | L31: Guzmán et al. 2014 | O31: FEDNA, 2016 | P31: FEDNA, 2016 | Q31: FEDNA, 2016 | R31: Average of grain legumes with available data | S31: "Beans and pulses" (IPCC, 2019) | T31: Lentils | U31: Lentils | V31: =IF([1]C!G32="","",[1]C!G32) -> Average of available data | W31: =IF([1]Humus!G32="","",[1]Humus!G32) -> Boiffin et al. (1986) | Y31: =IF([1]C!BF32="","",[1]C!BF32) -> Average of available data | Z31: =IF([1]Humus!AK32="","",[1]Humus!AK32) -> Herbaceous average | AA31: Based on root mass | AD31: IPCC (2006) Chapter 11. N2O from managed soils | AF31: Wang et al., 2020, Wichern et al., 2008, Fustec et al, 2010
A32: Tigernuts | C32: Roots average | D32: Roots average | E32: Roots average | H32: Roots average | I32: Roots average | J32: Roots average | K32: Roots average | L32: Guzmán et al. 2014 | O32: Roots average | P32: Roots average | Q32: Roots average | R32: Roots average | S32: "Potatoes and tubers" (IPCC, 2019) | V32: =IF([1]C!G34="","",[1]C!G34) -> Roots average | W32: =IF([1]Humus!G34="","",[1]Humus!G34) -> Roots, other | Y32: =IF([1]C!BF34="","",[1]C!BF34) -> Plant average | Z32: =IF([1]Humus!AK34="","",[1]Humus!AK34) -> Herbaceous average | AA32: Based on root mass | AD32: Tubers average. IPCC (2006) Chapter 11. N2O from managed soils | AF32: Wang et al., 2020, Wichern et al., 2008, Fustec et al, 2010
A33: Sweet potato | C33: Roots average | D33: Guzmán et al. 2014 | E33: Roots average | H33: Guzmán et al. 2014 | I33: Guzmán et al. 2014 | J33: Guzmán et al. 2014 | K33: Roots average | L33: Guzmán et al. 2014 | O33: FEDNA, 2016 | P33: FEDNA, 2016 | Q33: FEDNA, 2016 | R33: Wolf et al. (2015) | S33: "Potatoes and tubers" (IPCC, 2019) | V33: =IF([1]C!G35="","",[1]C!G35) -> Roots average | W33: =IF([1]Humus!G35="","",[1]Humus!G35) -> Roots, other | Y33: =IF([1]C!BF35="","",[1]C!BF35) -> Plant average | Z33: =IF([1]Humus!AK35="","",[1]Humus!AK35) -> Herbaceous average | AA33: Based on root mass | AD33: IPCC (2006) Chapter 11. N2O from managed soils | AF33: Wang et al., 2020, Wichern et al., 2008, Fustec et al, 2010
A34: Potato | C34: Kyle et al. (2011) | D34: Guzmán et al. 2014 | E34: Guzmán et al. 2014 | H34: Guzmán et al. 2014 | I34: Guzmán et al. 2014 | J34: Guzmán et al. 2014 | K34: Guzmán et al. 2014 | L34: Guzmán et al. 2014 | O34: FEDNA, 2016 | P34: FEDNA, 2016 | Q34: FEDNA, 2016 | R34: Wolf et al. (2015) | S34: "Potatoes and tubers" (IPCC, 2019) | V34: =IF([1]C!G36="","",[1]C!G36) -> Huang et al. (2004), Henriksen et al. (1999) | W34: =IF([1]Humus!G36="","",[1]Humus!G36) -> Vleeshowers and Verhagen (2002) | Y34: =IF([1]C!BF36="","",[1]C!BF36) -> Plant average | Z34: =IF([1]Humus!AK36="","",[1]Humus!AK36) -> Herbaceous average | AA34: Based on root mass | AD34: IPCC (2006) Chapter 11. N2O from managed soils | AF34: Wang et al., 2020, Wichern et al., 2008, Fustec et al, 2010
A35: Cassava | C35: Roots average | D35: Guzmán et al. 2014 | E35: Guzmán et al. 2014 | H35: Roots average | I35: Roots average | J35: Guzmán et al. 2015 | K35: Roots average | L35: Roots average | O35: FEDNA, 2016 | P35: FEDNA, 2016 | Q35: FEDNA, 2016 | R35: Wolf et al. (2015) | S35: "Potatoes and tubers" (IPCC, 2019) | V35: =IF([1]C!G37="","",[1]C!G37) -> Roots average | W35: =IF([1]Humus!G37="","",[1]Humus!G37) -> Roots, other | Y35: =IF([1]C!BF37="","",[1]C!BF37) -> Plant average | Z35: =IF([1]Humus!AK37="","",[1]Humus!AK37) -> Herbaceous average | AA35: Based on root mass | AD35: Tubers average. IPCC (2006) Chapter 11. N2O from managed soils | AF35: Wang et al., 2020, Wichern et al., 2008, Fustec et al, 2010
A36: Roots, other | C36: Potato | D36: Sweet potato, potato, cassava | E36: Potato, cassava | F36: Potato, cassava | H36: Potato, cassava | I36: Potato, cassava | J36: Sweet potato, potato, cassava | K36: Potato | L36: Tigernuts, sweet potato, potato | O36: Sweet potato, potato, cassava | P36: Sweet potato, potato, cassava | Q36: Sweet potato, potato, cassava | R36: Sweet potato, potato, cassava | S36: "Potatoes and tubers" (IPCC, 2019) | V36: =IF([1]C!G38="","",[1]C!G38) -> Average of available data | W36: =IF([1]Humus!G38="","",[1]Humus!G38) -> Herbaceous average | Y36: =IF([1]C!BF38="","",[1]C!BF38) -> Plant average | Z36: =IF([1]Humus!AK38="","",[1]Humus!AK38) -> Herbaceous average | AA36: Based on root mass | AD36: IPCC (2006) Chapter 11. N2O from managed soils | AF36: Wang et al., 2020, Wichern et al., 2008, Fustec et al, 2010
A37: Roots, dry equivalent | C37: "Roots, average" transformed to dry equivalents | D37: "Roots, average" transformed to dry equivalents | E37: "Roots, average" transformed to dry equivalents | F37: "Roots, average" transformed to dry equivalents | G37: "Roots, average" transformed to dry equivalents | H37: "Roots, average" transformed to dry equivalents | I37: "Roots, average" transformed to dry equivalents | J37: "Roots, average" transformed to dry equivalents | K37: "Roots, average" transformed to dry equivalents | L37: "Roots, average" transformed to dry equivalents | M37: "Roots, average" transformed to dry equivalents | O37: "Roots, average" transformed to dry equivalents | P37: "Roots, average" transformed to dry equivalents | Q37: "Roots, average" transformed to dry equivalents | R37: "Roots, average" transformed to dry equivalents | S37: "Potatoes and tubers" (IPCC, 2019) | T37: "Roots, average" transformed to dry equivalents | U37: "Roots, average" transformed to dry equivalents | V37: =IF([1]C!G39="","",[1]C!G39) -> Roots average | W37: =IF([1]Humus!G39="","",[1]Humus!G39) -> "Roots, average" transformed to dry equivalents | X37: "Roots, average" transformed to dry equivalents | Y37: =IF([1]C!BF39="","",[1]C!BF39) -> Plant average | Z37: =IF([1]Humus!AK39="","",[1]Humus!AK39) -> Herbaceous average | AA37: Based on root mass | AD37: IPCC (2006) Chapter 11. N2O from managed soils | AF37: Wang et al., 2020, Wichern et al., 2008, Fustec et al, 2010
A38: Leek | C38: General value from Kyle et al. (2011) | D38: Guzmán et al. 2014 | E38: Guzmán et al. 2014 | H38: Guzmán et al. 2014 | I38: Guzmán et al. 2014 | J38: Guzmán et al. 2014 | K38: Guzmán et al. 2014 | L38: Guzmán et al. 2014 | O38: Lassaletta et al. 2014 | R38: Wolf et al. (2015) | S38: Vegetables average | V38: =IF([1]C!G41="","",[1]C!G41) -> Rahn and Lillywhite (2002) | W38: =IF([1]Humus!G41="","",[1]Humus!G41) -> Vegetables, other | Y38: =IF([1]C!BF41="","",[1]C!BF41) -> Plant average | Z38: =IF([1]Humus!AK41="","",[1]Humus!AK41) -> Herbaceous average | AA38: Based on root mass | AF38: Wang et al., 2020, Wichern et al., 2008, Fustec et al, 2010
A39: Onion | C39: General value from Kyle et al. (2011) | D39: Guzmán et al. 2014 | E39: Guzmán et al. 2014 | H39: Guzmán et al. 2014 | I39: Guzmán et al. 2014 | J39: Guzmán et al. 2014 | K39: Guzmán et al. 2014 | L39: Guzmán et al. 2014 | O39: Lassaletta et al. 2014 | R39: Wolf et al. (2015) | S39: Rahn and Lillywhite (2002) | V39: =IF([1]C!G42="","",[1]C!G42) -> Rahn and Lillywhite (2002) | W39: =IF([1]Humus!G42="","",[1]Humus!G42) -> Vegetables, other | Y39: =IF([1]C!BF42="","",[1]C!BF42) -> Plant average | Z39: =IF([1]Humus!AK42="","",[1]Humus!AK42) -> Herbaceous average | AA39: Based on root mass | AF39: Wang et al., 2020, Wichern et al., 2008, Fustec et al, 2010
A40: Garlic | C40: General value from Kyle et al. (2011) | D40: Guzmán et al. 2014 | E40: Guzmán et al. 2014 | H40: Guzmán et al. 2014 | I40: Guzmán et al. 2014 | J40: Guzmán et al. 2014 | K40: Guzmán et al. 2014 | L40: Guzmán et al. 2014 | O40: Lassaletta et al. 2014 | R40: Wolf et al. (2015) | S40: Vegetables average | V40: =IF([1]C!G43="","",[1]C!G43) -> Vegetables average | W40: =IF([1]Humus!G43="","",[1]Humus!G43) -> Vegetables, other | Y40: =IF([1]C!BF43="","",[1]C!BF43) -> Plant average | Z40: =IF([1]Humus!AK43="","",[1]Humus!AK43) -> Herbaceous average | AA40: Based on root mass | AF40: Wang et al., 2020, Wichern et al., 2008, Fustec et al, 2010
A41: Celery | C41: General value from Kyle et al. (2011) | D41: Guzmán et al. 2014 | E41: Guzmán et al. 2014 | H41: Guzmán et al. 2014 | I41: Guzmán et al. 2014 | J41: Guzmán et al. 2014 | K41: Guzmán et al. 2014 | L41: Guzmán et al. 2014 | O41: Lassaletta et al. 2014 | R41: Vegetables average | S41: Vegetables average | V41: =IF([1]C!G44="","",[1]C!G44) -> Vegetables average | W41: =IF([1]Humus!G44="","",[1]Humus!G44) -> Vegetables, other | Y41: =IF([1]C!BF44="","",[1]C!BF44) -> Plant average | Z41: =IF([1]Humus!AK44="","",[1]Humus!AK44) -> Herbaceous average | AA41: Based on root mass | AF41: Wang et al., 2020, Wichern et al., 2008, Fustec et al, 2010
A42: Asparagus | C42: General value from Kyle et al. (2011) | D42: Guzmán et al. 2014 | E42: Guzmán et al. 2014 | H42: Guzmán et al. 2014 | I42: Guzmán et al. 2014 | J42: Guzmán et al. 2014 | K42: Guzmán et al. 2014 | L42: Guzmán et al. 2014 | O42: Lassaletta et al. 2014 | R42: Wolf et al. (2015) | S42: Vegetables average | V42: =IF([1]C!G45="","",[1]C!G45) -> Vegetables average | W42: =IF([1]Humus!G45="","",[1]Humus!G45) -> Vegetables, other | Y42: =IF([1]C!BF45="","",[1]C!BF45) -> Plant average | Z42: =IF([1]Humus!AK45="","",[1]Humus!AK45) -> Herbaceous average | AA42: Based on root mass | AF42: Wang et al., 2020, Wichern et al., 2008, Fustec et al, 2010
A43: Beet | C43: General value from Kyle et al. (2011) | D43: Guzmán et al. 2014 | E43: Guzmán et al. 2014 | H43: Guzmán et al. 2014 | I43: Guzmán et al. 2014 | J43: Guzmán et al. 2014 | K43: Guzmán et al. 2014 | L43: Guzmán et al. 2014 | O43: Lassaletta et al. 2014 | R43: Vegetables average | S43: Rahn and Lillywhite (2002) | V43: =IF([1]C!G46="","",[1]C!G46) -> Rahn and Lillywhite (2002) | W43: =IF([1]Humus!G46="","",[1]Humus!G46) -> Vegetables, other | Y43: =IF([1]C!BF46="","",[1]C!BF46) -> Plant average | Z43: =IF([1]Humus!AK46="","",[1]Humus!AK46) -> Herbaceous average | AA43: Based on root mass | AF43: Wang et al., 2020, Wichern et al., 2008, Fustec et al, 2010
A44: Chard | C44: General value from Kyle et al. (2011) | D44: Guzmán et al. 2014 | E44: Guzmán et al. 2014 | H44: Guzmán et al. 2014 | I44: Guzmán et al. 2014 | J44: Guzmán et al. 2014 | K44: Guzmán et al. 2014 | L44: Guzmán et al. 2014 | O44: Lassaletta et al. 2014 | R44: Vegetables average | S44: Vegetables average | V44: =IF([1]C!G47="","",[1]C!G47) -> Vegetables average | W44: =IF([1]Humus!G47="","",[1]Humus!G47) -> Vegetables, other | Y44: =IF([1]C!BF47="","",[1]C!BF47) -> Plant average | Z44: =IF([1]Humus!AK47="","",[1]Humus!AK47) -> Herbaceous average | AA44: Based on root mass | AF44: Wang et al., 2020, Wichern et al., 2008, Fustec et al, 2010
A45: Borage | C45: General value from Kyle et al. (2011) | D45: Guzmán et al. 2014 | E45: Guzmán et al. 2014 | H45: Guzmán et al. 2014 | I45: Guzmán et al. 2014 | J45: Guzmán et al. 2014 | K45: Guzmán et al. 2014 | L45: Guzmán et al. 2014 | O45: Lassaletta et al. 2014 | R45: Vegetables average | S45: Vegetables average | V45: =IF([1]C!G48="","",[1]C!G48) -> Vegetables average | W45: =IF([1]Humus!G48="","",[1]Humus!G48) -> Vegetables, other | Y45: =IF([1]C!BF48="","",[1]C!BF48) -> Plant average | Z45: =IF([1]Humus!AK48="","",[1]Humus!AK48) -> Herbaceous average | AA45: Based on root mass | AF45: Wang et al., 2020, Wichern et al., 2008, Fustec et al, 2010
A46: Cabbage, Broccoli | C46: General value from Kyle et al. (2011) | D46: Guzmán et al. 2014 | E46: Guzmán et al. 2014 | H46: Guzmán et al. 2014 | I46: Guzmán et al. 2014 | J46: Guzmán et al. 2014 | K46: Guzmán et al. 2014 | L46: Guzmán et al. 2014 | O46: Lassaletta et al. 2014 | R46: Wolf et al. (2015) | S46: Rahn and Lillywhite (2002) | V46: =IF([1]C!G49="","",[1]C!G49) -> Rahn and Lillywhite (2002), Henriksen et al. (1999), ECN (2017) | W46: =IF([1]Humus!G49="","",[1]Humus!G49) | Y46: =IF([1]C!BF49="","",[1]C!BF49) -> Plant average | Z46: =IF([1]Humus!AK49="","",[1]Humus!AK49) -> Herbaceous average | AA46: Based on root mass | AF46: Wang et al., 2020, Wichern et al., 2008, Fustec et al, 2010
A47: Cauliflower | C47: General value from Kyle et al. (2011) | D47: Guzmán et al. 2014 | E47: Guzmán et al. 2014 | H47: Guzmán et al. 2014 | I47: Guzmán et al. 2014 | J47: Guzmán et al. 2014 | K47: Guzmán et al. 2014 | L47: Guzmán et al. 2014 | O47: Lassaletta et al. 2014 | R47: Wolf et al. (2015) | S47: Vegetables average | V47: =IF([1]C!G50="","",[1]C!G50) -> Vegetables average | W47: =IF([1]Humus!G50="","",[1]Humus!G50) -> Vegetables, other | Y47: =IF([1]C!BF50="","",[1]C!BF50) -> Plant average | Z47: =IF([1]Humus!AK50="","",[1]Humus!AK50) -> Herbaceous average | AA47: Based on root mass | AF47: Wang et al., 2020, Wichern et al., 2008, Fustec et al, 2010
A48: Turnip | C48: General value from Kyle et al. (2011) | D48: Guzmán et al. 2014 | E48: Guzmán et al. 2014 | H48: Guzmán et al. 2014 | I48: Guzmán et al. 2014 | J48: Guzmán et al. 2014 | K48: Guzmán et al. 2014 | L48: Guzmán et al. 2014 | O48: Lassaletta et al. 2014 | R48: Wolf et al. (2015) | S48: Rahn and Lillywhite (2002) | V48: =IF([1]C!G51="","",[1]C!G51) -> Rahn and Lillywhite (2002) | W48: =IF([1]Humus!G51="","",[1]Humus!G51) -> Vegetables, other | Y48: =IF([1]C!BF51="","",[1]C!BF51) -> Plant average | Z48: =IF([1]Humus!AK51="","",[1]Humus!AK51) -> Herbaceous average | AA48: Based on root mass | AF48: Wang et al., 2020, Wichern et al., 2008, Fustec et al, 2010
A49: Chili pepper | C49: General value from Kyle et al. (2011) | D49: Guzmán et al. 2014 | E49: Guzmán et al. 2014 | H49: Guzmán et al. 2014 | I49: Guzmán et al. 2014 | J49: Guzmán et al. 2014 | K49: Guzmán et al. 2014 | L49: Guzmán et al. 2014 | O49: Lassaletta et al. 2014 | R49: Wolf et al. (2015) | S49: Vegetables average | V49: =IF([1]C!G52="","",[1]C!G52) -> Vegetables average | W49: =IF([1]Humus!G52="","",[1]Humus!G52) -> Vegetables, other | Y49: =IF([1]C!BF52="","",[1]C!BF52) -> Plant average | Z49: =IF([1]Humus!AK52="","",[1]Humus!AK52) -> Herbaceous average | AA49: Based on root mass | AF49: Wang et al., 2020, Wichern et al., 2008, Fustec et al, 2010
A50: Chili pepper and peppers, dry | C50: Chili pepper | D50: Chili pepper | E50: Chili pepper | F50: Chili pepper | G50: Chili pepper | H50: Chili pepper | I50: Chili pepper | J50: Chili pepper | K50: Chili pepper | L50: Chili pepper | M50: Chili pepper | O50: Chili pepper | P50: Chili pepper | Q50: Chili pepper | R50: Chili pepper | S50: Chili pepper | T50: Chili pepper | U50: Chili pepper | V50: Chili pepper | W50: Chili pepper | X50: Chili pepper | Y50: =IF([1]C!BF53="","",[1]C!BF53) -> Plant average | Z50: =IF([1]Humus!AK53="","",[1]Humus!AK53) -> Herbaceous average | AA50: Based on root mass | AF50: Wang et al., 2020, Wichern et al., 2008, Fustec et al, 2010
A51: Pepper | C51: General value from Kyle et al. (2011) | D51: Guzmán et al. 2014 | E51: Guzmán et al. 2014 | J51: Guzmán et al. 2014 | K51: Guzmán et al. 2014 | L51: Guzmán et al. 2014 | O51: Lassaletta et al. 2014 | R51: Vegetables average | S51: Vegetables average | V51: =IF([1]C!G53="","",[1]C!G53) -> ECN (2017) | W51: =IF([1]Humus!G53="","",[1]Humus!G53) -> Vegetables, other | Y51: =IF([1]C!BF53="","",[1]C!BF53) -> Plant average | Z51: =IF([1]Humus!AK53="","",[1]Humus!AK53) -> Herbaceous average | AA51: Based on root mass | AF51: Wang et al., 2020, Wichern et al., 2008, Fustec et al, 2010
A52: Endive | C52: General value from Kyle et al. (2011) | D52: Guzmán et al. 2014 | E52: Guzmán et al. 2014 | H52: Guzmán et al. 2014 | I52: Guzmán et al. 2014 | J52: Guzmán et al. 2014 | K52: Guzmán et al. 2014 | L52: Guzmán et al. 2014 | O52: Lassaletta et al. 2014 | R52: Vegetables average | S52: Vegetables average | V52: =IF([1]C!G54="","",[1]C!G54) -> Vegetables average | W52: =IF([1]Humus!G54="","",[1]Humus!G54) -> Vegetables, other | Y52: =IF([1]C!BF54="","",[1]C!BF54) -> Plant average | Z52: =IF([1]Humus!AK54="","",[1]Humus!AK54) -> Herbaceous average | AA52: Based on root mass | AF52: Wang et al., 2020, Wichern et al., 2008, Fustec et al, 2010
A53: Chicory roots | C53: General value from Kyle et al. (2011) | D53: Vegetables, other | E53: Guzmán et al. 2014 | J53: Guzmán et al. 2014 | K53: Guzmán et al. 2014 | L53: Guzmán et al. 2014 | O53: Lassaletta et al. 2014 | R53: Vegetables average | S53: Vegetables average | V53: =IF([1]C!G55="","",[1]C!G55) -> Vegetables average | W53: =IF([1]Humus!G55="","",[1]Humus!G55) -> Vegetables, other | Y53: =IF([1]C!BF55="","",[1]C!BF55) -> Plant average | Z53: =IF([1]Humus!AK55="","",[1]Humus!AK55) -> Herbaceous average | AA53: Based on root mass | AF53: Wang et al., 2020, Wichern et al., 2008, Fustec et al, 2010
A54: Belgian endive | C54: General value from Kyle et al. (2011) | D54: Guzmán et al. 2014 | E54: Guzmán et al. 2014 | H54: Guzmán et al. 2014 | I54: Guzmán et al. 2014 | J54: Guzmán et al. 2014 | K54: Guzmán et al. 2014 | L54: Guzmán et al. 2014 | O54: Lassaletta et al. 2014 | R54: Vegetables average | S54: Vegetables average | V54: =IF([1]C!G56="","",[1]C!G56) -> Vegetables average | W54: =IF([1]Humus!G56="","",[1]Humus!G56) -> Vegetables, other | Y54: =IF([1]C!BF56="","",[1]C!BF56) -> Plant average | Z54: =IF([1]Humus!AK56="","",[1]Humus!AK56) -> Herbaceous average | AA54: Based on root mass | AF54: Wang et al., 2020, Wichern et al., 2008, Fustec et al, 2010
A55: Watermelon | C55: General value from Kyle et al. (2011) | D55: Guzmán et al. 2014 | E55: Guzmán et al. 2014 | H55: Guzmán et al. 2014 | I55: Guzmán et al. 2014 | J55: Guzmán et al. 2014 | K55: Guzmán et al. 2014 | L55: Guzmán et al. 2014 | O55: Lassaletta et al. 2014 | R55: Wolf et al. (2015) | S55: Vegetables average | V55: =IF([1]C!G57="","",[1]C!G57) -> ECN (2017) | W55: =IF([1]Humus!G57="","",[1]Humus!G57) -> Vegetables, other | Y55: =IF([1]C!BF57="","",[1]C!BF57) -> Plant average | Z55: =IF([1]Humus!AK57="","",[1]Humus!AK57) -> Herbaceous average | AA55: Based on root mass | AF55: Wang et al., 2020, Wichern et al., 2008, Fustec et al, 2010
A56: Melon | C56: General value from Kyle et al. (2011) | D56: Guzmán et al. 2014 | E56: Guzmán et al. 2014 | H56: Guzmán et al. 2014 | I56: Guzmán et al. 2014 | J56: Guzmán et al. 2014 | K56: Guzmán et al. 2014 | L56: Guzmán et al. 2014 | O56: Lassaletta et al. 2014 | R56: Wolf et al. (2015) | S56: Vegetables average | V56: =IF([1]C!G58="","",[1]C!G58) -> ECN (2017) | W56: =IF([1]Humus!G58="","",[1]Humus!G58) -> Vegetables, other | Y56: =IF([1]C!BF58="","",[1]C!BF58) -> Plant average | Z56: =IF([1]Humus!AK58="","",[1]Humus!AK58) -> Herbaceous average | AA56: Based on root mass | AF56: Wang et al., 2020, Wichern et al., 2008, Fustec et al, 2010
A57: cultivar for pickled cucumber, gherkins | C57: General value from Kyle et al. (2011) | D57: Cucumber | E57: Guzmán et al. 2014 | J57: Guzmán et al. 2014 | K57: Guzmán et al. 2014 | L57: Guzmán et al. 2014 | O57: Lassaletta et al. 2014 | R57: Wolf et al. (2015) | S57: Vegetables average | V57: =IF([1]C!G59="","",[1]C!G59) -> Vegetables average | W57: =IF([1]Humus!G59="","",[1]Humus!G59) -> Vegetables, other | Y57: =IF([1]C!BF59="","",[1]C!BF59) -> Plant average | Z57: =IF([1]Humus!AK59="","",[1]Humus!AK59) -> Herbaceous average | AA57: Based on root mass | AF57: Wang et al., 2020, Wichern et al., 2008, Fustec et al, 2010
A58: Cucumber | C58: General value from Kyle et al. (2011) | D58: Guzmán et al. 2014 | E58: Guzmán et al. 2014 | H58: Guzmán et al. 2014 | I58: Guzmán et al. 2014 | J58: Guzmán et al. 2014 | K58: Guzmán et al. 2014 | L58: Guzmán et al. 2014 | O58: Lassaletta et al. 2014 | R58: Wolf et al. (2015) | S58: Vegetables average | V58: =IF([1]C!G60="","",[1]C!G60) -> ECN (2017) | W58: =IF([1]Humus!G60="","",[1]Humus!G60) -> Vegetables, other | Y58: =IF([1]C!BF60="","",[1]C!BF60) -> Plant average | Z58: =IF([1]Humus!AK60="","",[1]Humus!AK60) -> Herbaceous average | AA58: Based on root mass | AF58: Wang et al., 2020, Wichern et al., 2008, Fustec et al, 2010
A59: Squash/pumpkin | C59: General value from Kyle et al. (2011) | D59: Guzmán et al. 2014 | E59: Guzmán et al. 2014 | H59: Guzmán et al. 2014 | I59: Guzmán et al. 2014 | J59: Guzmán et al. 2014 | K59: Guzmán et al. 2014 | L59: Guzmán et al. 2014 | O59: Lassaletta et al. 2014 | R59: Vegetables average | S59: Vegetables average | V59: =IF([1]C!G61="","",[1]C!G61) -> Vegetables average | W59: =IF([1]Humus!G61="","",[1]Humus!G61) -> Vegetables, other | Y59: =IF([1]C!BF61="","",[1]C!BF61) -> Plant average | Z59: =IF([1]Humus!AK61="","",[1]Humus!AK61) -> Herbaceous average | AA59: Based on root mass | AF59: Wang et al., 2020, Wichern et al., 2008, Fustec et al, 2010
A60: Zucchini | C60: General value from Kyle et al. (2011) | D60: Guzmán et al. 2014 | E60: Guzmán et al. 2014 | H60: Guzmán et al. 2014 | I60: Guzmán et al. 2014 | J60: Guzmán et al. 2014 | K60: Guzmán et al. 2014 | L60: Guzmán et al. 2014 | O60: Lassaletta et al. 2014 | R60: Vegetables average | S60: Vegetables average | V60: =IF([1]C!G62="","",[1]C!G62) -> ECN (2017) | W60: =IF([1]Humus!G62="","",[1]Humus!G62) -> Vegetables, other | Y60: =IF([1]C!BF62="","",[1]C!BF62) -> Plant average | Z60: =IF([1]Humus!AK62="","",[1]Humus!AK62) -> Herbaceous average | AA60: Based on root mass | AF60: Wang et al., 2020, Wichern et al., 2008, Fustec et al, 2010
A61: Artichoke thistle | C61: General value from Kyle et al. (2011) | D61: Guzmán et al. 2014 | E61: Guzmán et al. 2014 | H61: Guzmán et al. 2014 | I61: Guzmán et al. 2014 | J61: Guzmán et al. 2014 | K61: Guzmán et al. 2014 | L61: Guzmán et al. 2014 | O61: Lassaletta et al. 2014 | R61: Vegetables average | S61: Vegetables average | V61: =IF([1]C!G63="","",[1]C!G63) -> Vegetables average | W61: =IF([1]Humus!G63="","",[1]Humus!G63) -> Vegetables, other | Y61: =IF([1]C!BF63="","",[1]C!BF63) -> Plant average | Z61: =IF([1]Humus!AK63="","",[1]Humus!AK63) -> Herbaceous average | AA61: Based on root mass | AF61: Wang et al., 2020, Wichern et al., 2008, Fustec et al, 2010
A62: Artichoke | C62: General value from Kyle et al. (2011) | D62: Guzmán et al. 2014 | E62: Guzmán et al. 2014 | H62: Guzmán et al. 2014 | I62: Guzmán et al. 2014 | J62: Guzmán et al. 2014 | K62: Guzmán et al. 2014 | L62: Guzmán et al. 2014 | O62: Lassaletta et al. 2014 | R62: Vegetables average | S62: Vegetables average | V62: =IF([1]C!G64="","",[1]C!G64) -> Vegetables average | W62: =IF([1]Humus!G64="","",[1]Humus!G64) -> Vegetables, other | Y62: =IF([1]C!BF64="","",[1]C!BF64) -> Plant average | Z62: =IF([1]Humus!AK64="","",[1]Humus!AK64) -> Herbaceous average | AA62: Based on root mass | AF62: Wang et al., 2020, Wichern et al., 2008, Fustec et al, 2010
A63: Carrot | C63: General value from Kyle et al. (2011) | D63: Guzmán et al. 2014 | E63: Guzmán et al. 2014 | H63: Guzmán et al. 2014 | I63: Guzmán et al. 2014 | J63: Guzmán et al. 2014 | K63: Guzmán et al. 2014 | L63: Guzmán et al. 2014 | O63: Lassaletta et al. 2014 | R63: Vegetables average | S63: Rahn and Lillywhite (2002) | V63: =IF([1]C!G65="","",[1]C!G65) -> Rahn and Lillywhite (2002) | W63: =IF([1]Humus!G65="","",[1]Humus!G65) -> Vegetables, other | Y63: =IF([1]C!BF65="","",[1]C!BF65) -> Plant average | Z63: =IF([1]Humus!AK65="","",[1]Humus!AK65) -> Herbaceous average | AA63: Based on root mass | AF63: Wang et al., 2020, Wichern et al., 2008, Fustec et al, 2010
A64: Strawberry | C64: General value from Kyle et al. (2011) | D64: Guzmán et al. 2014 | E64: Guzmán et al. 2014 | H64: Guzmán et al. 2014 | I64: Guzmán et al. 2014 | J64: Guzmán et al. 2014 | K64: Guzmán et al. 2014 | L64: Guzmán et al. 2014 | O64: Lassaletta et al. 2014 | R64: Vegetables average | S64: Vegetables average | V64: =IF([1]C!G66="","",[1]C!G66) -> Vegetables average | W64: =IF([1]Humus!G66="","",[1]Humus!G66) -> Vegetables, other | Y64: =IF([1]C!BF66="","",[1]C!BF66) -> Plant average | Z64: =IF([1]Humus!AK66="","",[1]Humus!AK66) -> Herbaceous average | AA64: Based on root mass | AF64: Wang et al., 2020, Wichern et al., 2008, Fustec et al, 2010
A65: Lettuce | C65: General value from Kyle et al. (2011) | D65: Guzmán et al. 2014 | E65: Guzmán et al. 2014 | H65: Guzmán et al. 2014 | I65: Guzmán et al. 2014 | J65: Guzmán et al. 2014 | K65: Guzmán et al. 2014 | L65: Guzmán et al. 2014 | O65: Lassaletta et al. 2014 | R65: Wolf et al. (2015) | S65: Rahn and Lillywhite (2002) | V65: =IF([1]C!G67="","",[1]C!G67) -> Rahn and Lillywhite (2002) | W65: =IF([1]Humus!G67="","",[1]Humus!G67) -> Vegetables, other | Y65: =IF([1]C!BF67="","",[1]C!BF67) -> Plant average | Z65: =IF([1]Humus!AK67="","",[1]Humus!AK67) -> Herbaceous average | AA65: Based on root mass | AF65: Wang et al., 2020, Wichern et al., 2008, Fustec et al, 2010
A66: Peppermint | C66: General value from Kyle et al. (2011) | D66: Guzmán et al. 2014 | E66: Guzmán et al. 2014 | H66: Guzmán et al. 2014 | I66: Guzmán et al. 2014 | J66: Guzmán et al. 2014 | K66: Vegetables average | L66: Guzmán et al. 2014 | O66: Lassaletta et al. 2014 | R66: Vegetables average | S66: Vegetables average | V66: =IF([1]C!G68="","",[1]C!G68) -> Vegetables average | W66: =IF([1]Humus!G68="","",[1]Humus!G68) -> Vegetables, other | Y66: =IF([1]C!BF68="","",[1]C!BF68) -> Plant average | Z66: =IF([1]Humus!AK68="","",[1]Humus!AK68) -> Herbaceous average | AA66: Based on root mass | AF66: Wang et al., 2020, Wichern et al., 2008, Fustec et al, 2010
A67: Parsley | C67: General value from Kyle et al. (2011) | D67: Guzmán et al. 2014 | E67: Guzmán et al. 2014 | H67: Guzmán et al. 2014 | I67: Guzmán et al. 2014 | J67: Guzmán et al. 2014 | K67: Vegetables average | L67: Guzmán et al. 2014 | O67: Lassaletta et al. 2014 | R67: Vegetables average | S67: Vegetables average | V67: =IF([1]C!G69="","",[1]C!G69) -> Vegetables average | W67: =IF([1]Humus!G69="","",[1]Humus!G69) -> Vegetables, other | Y67: =IF([1]C!BF69="","",[1]C!BF69) -> Plant average | Z67: =IF([1]Humus!AK69="","",[1]Humus!AK69) -> Herbaceous average | AA67: Based on root mass | AF67: Wang et al., 2020, Wichern et al., 2008, Fustec et al, 2010
A68: Beans, green | C68: General value from Kyle et al. (2011) | D68: Guzmán et al. 2014 | E68: Guzmán et al. 2014 | H68: Guzmán et al. 2014 | I68: Guzmán et al. 2014 | J68: Guzmán et al. 2014 | K68: Guzmán et al. 2014 | L68: Guzmán et al. 2014 | O68: Lassaletta et al. 2014 | R68: Vegetables average | S68: Vegetables average | V68: =IF([1]C!G70="","",[1]C!G70) -> Vegetables average | W68: =IF([1]Humus!G70="","",[1]Humus!G70) -> Vegetables, other | Y68: =IF([1]C!BF70="","",[1]C!BF70) -> Plant average | Z68: =IF([1]Humus!AK70="","",[1]Humus!AK70) -> Herbaceous average | AA68: Based on root mass | AF68: Wang et al., 2020, Wichern et al., 2008, Fustec et al, 2010
A69: Pea, green, with pod | B69: Guzmán et al. 2014 | C69: Guzmán et al. (2014) | D69: Guzmán et al. 2014 | E69: Guzmán et al. 2014 | H69: Guzmán et al. 2014 | I69: Guzmán et al. 2014 | J69: Guzmán et al. 2014 | K69: Guzmán et al. 2014 | L69: Guzmán et al. 2014 | O69: Lassaletta et al. 2014 | R69: Vegetables average | S69: Vegetables average | V69: =IF([1]C!G71="","",[1]C!G71) -> Vegetables average | W69: =IF([1]Humus!G71="","",[1]Humus!G71) -> Vegetables, other | Y69: =IF([1]C!BF71="","",[1]C!BF71) -> Plant average | Z69: =IF([1]Humus!AK71="","",[1]Humus!AK71) -> Herbaceous average | AA69: Based on root mass | AF69: Wang et al., 2020, Wichern et al., 2008, Fustec et al, 2010
A70: Radish | C70: General value from Kyle et al. (2011) | D70: Guzmán et al. 2014 | E70: Guzmán et al. 2014 | H70: Guzmán et al. 2014 | I70: Guzmán et al. 2014 | J70: Guzmán et al. 2014 | K70: Guzmán et al. 2014 | L70: Guzmán et al. 2014 | O70: Lassaletta et al. 2014 | R70: Vegetables average | S70: Vegetables average | V70: =IF([1]C!G72="","",[1]C!G72) -> Vegetables average | W70: =IF([1]Humus!G72="","",[1]Humus!G72) -> Vegetables, other | Y70: =IF([1]C!BF72="","",[1]C!BF72) -> Plant average | Z70: =IF([1]Humus!AK72="","",[1]Humus!AK72) -> Herbaceous average | AA70: Based on root mass | AF70: Wang et al., 2020, Wichern et al., 2008, Fustec et al, 2010
A71: Tomato | C71: Kyle et al. (2011) | D71: Guzmán et al. 2014 | E71: Guzmán et al. 2014 | H71: Guzmán et al. 2014 | I71: Guzmán et al. 2014 | J71: Guzmán et al. 2014 | K71: Guzmán et al. 2014 | L71: Guzmán et al. 2014 | O71: Lassaletta et al. 2014 | R71: Wolf et al. (2015) | S71: Vegetables average | V71: =IF([1]C!G73="","",[1]C!G73) -> ECN (2017) (2) | W71: =IF([1]Humus!G73="","",[1]Humus!G73) -> Vegetables, other | Y71: =IF([1]C!BF73="","",[1]C!BF73) -> Plant average | Z71: =IF([1]Humus!AK73="","",[1]Humus!AK73) -> Herbaceous average | AA71: Based on root mass | AF71: Wang et al., 2020, Wichern et al., 2008, Fustec et al, 2010
A72: Aubergine | C72: General value from Kyle et al. (2011) | D72: Guzmán et al. 2014 | E72: Guzmán et al. 2014 | H72: Guzmán et al. 2014 | I72: Guzmán et al. 2014 | J72: Guzmán et al. 2014 | K72: Guzmán et al. 2014 | L72: Guzmán et al. 2014 | O72: Lassaletta et al. 2014 | R72: Wolf et al. (2015) | S72: Vegetables average | V72: =IF([1]C!G74="","",[1]C!G74) -> ECN (2017) | W72: =IF([1]Humus!G74="","",[1]Humus!G74) -> Vegetables, other | Y72: =IF([1]C!BF74="","",[1]C!BF74) -> Plant average | Z72: =IF([1]Humus!AK74="","",[1]Humus!AK74) -> Herbaceous average | AA72: Based on root mass | AF72: Wang et al., 2020, Wichern et al., 2008, Fustec et al, 2010
A73: Spinach | C73: General value from Kyle et al. (2011) | D73: Guzmán et al. 2014 | E73: Guzmán et al. 2014 | H73: Guzmán et al. 2014 | I73: Guzmán et al. 2014 | J73: Guzmán et al. 2014 | K73: Guzmán et al. 2014 | L73: Guzmán et al. 2014 | O73: Lassaletta et al. 2014 | R73: Vegetables average | S73: Vegetables average | V73: =IF([1]C!G75="","",[1]C!G75) -> Vegetables average | W73: =IF([1]Humus!G75="","",[1]Humus!G75) -> Vegetables, other | Y73: =IF([1]C!BF75="","",[1]C!BF75) -> Plant average | Z73: =IF([1]Humus!AK75="","",[1]Humus!AK75) -> Herbaceous average | AA73: Based on root mass | AF73: Wang et al., 2020, Wichern et al., 2008, Fustec et al, 2010
A74: Fava bean, green, without pod | C74: General value from Kyle et al. (2011) | D74: Guzmán et al. 2014 | E74: Guzmán et al. 2014 | H74: Guzmán et al. 2014 | I74: Guzmán et al. 2014 | J74: Guzmán et al. 2014 | K74: Guzmán et al. 2014 | L74: Guzmán et al. 2014 | O74: Lassaletta et al. 2014 | R74: Vegetables average | S74: Rahn and Lillywhite (2002) | V74: =IF([1]C!G76="","",[1]C!G76) -> Rahn and Lillywhite (2002) | W74: =IF([1]Humus!G76="","",[1]Humus!G76) -> Vegetables, other | Y74: =IF([1]C!BF76="","",[1]C!BF76) -> Plant average | Z74: =IF([1]Humus!AK76="","",[1]Humus!AK76) -> Herbaceous average | AA74: Based on root mass | AF74: Wang et al., 2020, Wichern et al., 2008, Fustec et al, 2010
A75: Onions, shallots, green | C75: Onions | D75: Onions | E75: Onions | F75: Onions | H75: Onions | I75: Onions | J75: Onions | K75: Onions | L75: Onions | M75: Onions | O75: Onions | P75: Onions | Q75: Onions | R75: Onions | S75: Onions | T75: Onions | U75: Onions | V75: Onions | W75: Onions | Y75: =IF([1]C!BF77="","",[1]C!BF77) -> Plant average | Z75: =IF([1]Humus!AK77="","",[1]Humus!AK77) -> Herbaceous average | AA75: Based on root mass | AF75: Wang et al., 2020, Wichern et al., 2008, Fustec et al, 2010
A76: Vegetables, leguminous nes | C76: Average of beans, green; pea, green, with pod; fava bean, green, with pod | D76: Average of beans, green; pea, green, with pod; fava bean, green, with pod | E76: Average of beans, green; pea, green, with pod; fava bean, green, with pod | F76: Average of beans, green; pea, green, with pod; fava bean, green, with pod | H76: Average of beans, green; pea, green, with pod; fava bean, green, with pod | I76: Average of beans, green; pea, green, with pod; fava bean, green, with pod | J76: Average of beans, green; pea, green, with pod; fava bean, green, with pod | K76: Average of beans, green; pea, green, with pod; fava bean, green, with pod | L76: Average of beans, green; pea, green, with pod; fava bean, green, with pod | M76: Average of beans, green; pea, green, with pod; fava bean, green, with pod | O76: Average of beans, green; pea, green, with pod; fava bean, green, with pod | P76: Average of beans, green; pea, green, with pod; fava bean, green, with pod | Q76: Average of beans, green; pea, green, with pod; fava bean, green, with pod | R76: Average of beans, green; pea, green, with pod; fava bean, green, with pod | S76: Average of beans, green; pea, green, with pod; fava bean, green, with pod | T76: Average of beans, green; pea, green, with pod; fava bean, green, with pod | U76: Average of beans, green; pea, green, with pod; fava bean, green, with pod | V76: Average of beans, green; pea, green, with pod; fava bean, green, with pod | W76: Average of beans, green; pea, green, with pod; fava bean, green, with pod | Y76: =IF([1]C!BF78="","",[1]C!BF78) | Z76: =IF([1]Humus!AK78="","",[1]Humus!AK78) | AA76: Based on root mass | AF76: Wang et al., 2020, Wichern et al., 2008, Fustec et al, 2010
A77: Vegetables, other | C77: General value from Kyle et al. (2011) | D77: Vegetables average | E77: Vegetables average | F77: Vegetables average | H77: Vegetables average | I77: Vegetables average | J77: Vegetables average | K77: Vegetables average | L77: Vegetables average | O77: Lassaletta et al., 2014 (from FAO, 2011) | R77: Average of vegetables with available data | S77: Leek, onion, beet, cabbage, turnip, carrot, lettuce, fava bean | V77: =IF([1]C!G77="","",[1]C!G77) -> Average of available data, Henriksen et al. (1999) (kale) | W77: =IF([1]Humus!G77="","",[1]Humus!G77) -> Herbaceous average | Y77: =IF([1]C!BF77="","",[1]C!BF77) -> Plant average | Z77: =IF([1]Humus!AK77="","",[1]Humus!AK77) -> Herbaceous average | AA77: Based on root mass | AF77: Wang et al., 2020, Wichern et al., 2008, Fustec et al, 2010
A78: Sugar beet | C78: Kyle et al. (2011) | D78: Guzmán et al. 2014 | E78: Guzmán et al. 2014 | J78: Based on sugar cane and DM content | L78: Guzmán et al. 2014 | O78: Lassaletta et al., 2014 (from FAO, 2011) | S78: Rahn and Lillywhite (2002) | V78: =IF([1]C!G79="","",[1]C!G79) -> Rahn and Lillywhite (2002), Boiffin et al. (1986) | W78: =IF([1]Humus!G79="","",[1]Humus!G79) -> Boiffin et al. (1986) | Y78: =IF([1]C!BF79="","",[1]C!BF79) -> Plant average | Z78: =IF([1]Humus!AK79="","",[1]Humus!AK79) -> Herbaceous average | AA78: Based on root mass | AD78: Roots average | AF78: Wang et al., 2020, Wichern et al., 2008, Fustec et al, 2010
A79: Rape | C79: Wolf et al. (2015) | D79: Guzmán et al. 2014 | E79: Guzmán et al. 2014 | J79: 27.326541 | L79: Guzmán et al. 2014 | O79: Lassaletta et al., 2014 (from FAO, 2011) | P79: 0.0065789474 | Q79: 0.0086622807 | S79: "Generic", IPCC (2019) | V79: =IF([1]C!G80="","",[1]C!G80) -> Boiffin et al. (1986), Hadas et al. (2004), Henriksen et al. (1999), ECN (2017) (8) | W79: =IF([1]Humus!G80="","",[1]Humus!G80) -> Boiffin et al. (1986) | Y79: =IF([1]C!BF80="","",[1]C!BF80) -> Redin et al. (2014), Gan et al. (2009) | Z79: =IF([1]Humus!AK80="","",[1]Humus!AK80) -> Herbaceous average | AA79: Based on root mass | AD79: "Grains", IPCC (2006) N2O managed soils | AF79: Wang et al., 2020, Wichern et al., 2008, Fustec et al, 2010
A80: Mustard | C80: 0.21011179 | D80: Guzmán et al. 2014 | E80: Guzmán et al. 2014 | L80: Guzmán et al. 2014 | S80: "Generic", IPCC (2019) | V80: =IF([1]C!G81="","",[1]C!G81) -> Herbaceous average | W80: =IF([1]Humus!G81="","",[1]Humus!G81) -> Oilseeds, other | Y80: =IF([1]C!BF81="","",[1]C!BF81) -> Gan et al. (2009) | Z80: =IF([1]Humus!AK81="","",[1]Humus!AK81) -> Herbaceous average | AA80: Based on root mass | AD80: "Grains", IPCC (2006) N2O managed soils | AF80: Wang et al., 2020, Wichern et al., 2008, Fustec et al, 2010
A81: Hemp | C81: 0.21011179 | D81: Guzmán et al. 2014 | E81: Guzmán et al. 2014 | J81: Fiber, other | L81: Guzmán et al. 2014 | O81: Lassaletta et al. 2014 | S81: "Generic", IPCC (2019) | V81: =IF([1]C!G82="","",[1]C!G82) -> Herbaceous average | W81: =IF([1]Humus!G82="","",[1]Humus!G82) -> Fiber, other | Y81: =IF([1]C!BF82="","",[1]C!BF82) -> Plant average | Z81: =IF([1]Humus!AK82="","",[1]Humus!AK82) -> Herbaceous average | AA81: Based on root mass | AD81: "Grains", IPCC (2006) N2O managed soils | AF81: Wang et al., 2020, Wichern et al., 2008, Fustec et al, 2010
A82: Caper | C82: 0.21011179 | D82: Guzmán et al. 2014 | J82: 1.736 | L82: Guzmán et al. 2014 | S82: "Generic", IPCC (2019) | V82: =IF([1]C!G83="","",[1]C!G83) -> Herbaceous average | W82: =IF([1]Humus!G83="","",[1]Humus!G83) -> Spices, other | Y82: =IF([1]C!BF83="","",[1]C!BF83) -> Plant average | Z82: =IF([1]Humus!AK83="","",[1]Humus!AK83) -> Herbaceous average | AA82: Based on root mass | AD82: "Grains", IPCC (2006) N2O managed soils | AF82: Wang et al., 2020, Wichern et al., 2008, Fustec et al, 2010
A83: Safflower | C83: Kyle et al. (2011) | D83: Guzmán et al. 2014 | E83: Guzmán et al. 2014 | L83: Guzmán et al. 2014 | O83: Lassaletta et al., 2014 (from FAO, 2011) | S83: "Generic", IPCC (2019) | V83: =IF([1]C!G84="","",[1]C!G84) -> Herbaceous average | W83: =IF([1]Humus!G84="","",[1]Humus!G84) -> Oilseeds, other | Y83: =IF([1]C!BF84="","",[1]C!BF84) -> Plant average | Z83: =IF([1]Humus!AK84="","",[1]Humus!AK84) -> Herbaceous average | AA83: Based on root mass | AD83: "Grains", IPCC (2006) N2O managed soils | AF83: Wang et al., 2020, Wichern et al., 2008, Fustec et al, 2010
A84: Saffron | C84: 0.21011179 | J84: 15.378 | L84: Guzmán et al. 2014 | S84: "Generic", IPCC (2019) | V84: =IF([1]C!G85="","",[1]C!G85) -> Herbaceous average | W84: =IF([1]Humus!G85="","",[1]Humus!G85) -> Spices, other | Y84: =IF([1]C!BF85="","",[1]C!BF85) -> Plant average | Z84: =IF([1]Humus!AK85="","",[1]Humus!AK85) -> Herbaceous average | AA84: Based on root mass | AD84: "Grains", IPCC (2006) N2O managed soils | AF84: Wang et al., 2020, Wichern et al., 2008, Fustec et al, 2010
A85: Cumin | C85: 0.21011179 | J85: 18.91 | L85: Guzmán et al. 2014 | S85: "Generic", IPCC (2019) | V85: =IF([1]C!G86="","",[1]C!G86) -> Herbaceous average | W85: =IF([1]Humus!G86="","",[1]Humus!G86) -> Spices, other | Y85: =IF([1]C!BF86="","",[1]C!BF86) -> Plant average | Z85: =IF([1]Humus!AK86="","",[1]Humus!AK86) -> Herbaceous average | AA85: Based on root mass | AD85: "Grains", IPCC (2006) N2O managed soils | AF85: Wang et al., 2020, Wichern et al., 2008, Fustec et al, 2010
A86: Cotton fiber | C86: 0.21011179 | D86: Guzmán et al. 2014 | E86: Guzmán et al. 2014 | J86: 15.81552 | K86: 15.81552 | L86: Guzmán et al. 2014 | O86: Lassaletta et al., 2014 (from McDougal, 1993) | S86: "Generic", IPCC (2019) | V86: =IF([1]C!G87="","",[1]C!G87) -> Mondini et al. (2017), Parikh et al. (2007), ECN (2017) (6) | W86: =IF([1]Humus!G87="","",[1]Humus!G87) -> Fiber, other | Y86: =IF([1]C!BF87="","",[1]C!BF87) -> Plant average | Z86: =IF([1]Humus!AK87="","",[1]Humus!AK87) -> Herbaceous average | AA86: Based on root mass | AD86: "Grains", IPCC (2006) N2O managed soils | AF86: Wang et al., 2020, Wichern et al., 2008, Fustec et al, 2010
A87: Cottonseed | C87: Kyle et al. (2011) | D87: Guzmán et al. 2014 | E87: Guzmán et al. 2014 | J87: 22.226245 | L87: Guzmán et al. 2014 | O87: Lassaletta et al., 2014 (from FAO, 2011) | P87: 0.0057608696 | Q87: 0.010326087 | S87: "Generic", IPCC (2019) | V87: =IF([1]C!G88="","",[1]C!G88) -> Mondini et al. (2017), Parikh et al. (2007), ECN (2017) (6) | W87: =IF([1]Humus!G88="","",[1]Humus!G88) -> Oilseeds, other | Y87: =IF([1]C!BF88="","",[1]C!BF88) -> Plant average | Z87: =IF([1]Humus!AK88="","",[1]Humus!AK88) -> Herbaceous average | AA87: Based on root mass | AD87: "Grains", IPCC (2006) N2O managed soils | AF87: Wang et al., 2020, Wichern et al., 2008, Fustec et al, 2010
A88: Seed cotton | C88: =C86 -> 0.21011179 | D88: =D86 -> Guzmán et al. 2014 | E88: =E86 -> Guzmán et al. 2014 | F88: =F86 -> 0 | H88: =H86 -> 0 | I88: =I86 -> 0 | J88: =J86 -> 15.81552 | K88: =K86 -> 15.81552 | L88: =L86 -> Guzmán et al. 2014 | M88: =M86 -> 0 | N88: =N86 -> 0 | O88: =O86 -> Lassaletta et al., 2014 (from McDougal, 1993) | ... W88: =W86 -> Fiber, other | Y88: =IF([1]C!BF89="","",[1]C!BF89) -> Redin et al. (2014) | Z88: =IF([1]Humus!AK89="","",[1]Humus!AK89) -> Herbaceous average | AA88: Based on root mass | AD88: "Grains", IPCC (2006) N2O managed soils | AF88: Wang et al., 2020, Wichern et al., 2008, Fustec et al, 2010
A89: Sunflower seed | C89: Kyle et al. (2011) | D89: Guzmán et al. 2014 | E89: Guzmán et al. 2014 | H89: 26.38 | I89: 0 | J89: 26.38 | L89: Guzmán et al. 2014 | O89: Lassaletta et al., 2014 (from FAO, 2011) | P89: 0.0053724031 | Q89: 0.0089361803 | S89: "Generic", IPCC (2019) | V89: =IF([1]C!G89="","",[1]C!G89) -> ECN (2017) (6) | W89: =IF([1]Humus!G89="","",[1]Humus!G89) -> Oilseeds, other | Y89: =IF([1]C!BF89="","",[1]C!BF89) -> Redin et al. (2014) | Z89: =IF([1]Humus!AK89="","",[1]Humus!AK89) -> Herbaceous average | AA89: Based on root mass | AD89: "Grains", IPCC (2006) N2O managed soils | AF89: Wang et al., 2020, Wichern et al., 2008, Fustec et al, 2010
A90: Hop | C90: 0.21011179 | L90: Guzmán et al. 2014 | S90: "Generic", IPCC (2019) | V90: =IF([1]C!G90="","",[1]C!G90) -> Herbaceous average | W90: =IF([1]Humus!G90="","",[1]Humus!G90) -> Spices, other | Y90: =IF([1]C!BF90="","",[1]C!BF90) -> Plant average | Z90: =IF([1]Humus!AK90="","",[1]Humus!AK90) -> Herbaceous average | AA90: Based on root mass | AD90: "Grains", IPCC (2006) N2O managed soils | AF90: Wang et al., 2020, Wichern et al., 2008, Fustec et al, 2010
A91: Linseed | C91: 0.21011179 | L91: Guzmán et al. 2014 | O91: Lassaletta et al. 2014 | P91: 0.0067254686 | Q91: 0.0093715546 | S91: "Generic", IPCC (2019) | V91: =IF([1]C!G91="","",[1]C!G91) -> ECN (2017) | W91: =IF([1]Humus!G91="","",[1]Humus!G91) -> Oilseeds, other | Y91: =IF([1]C!BF91="","",[1]C!BF91) -> Plant average | Z91: =IF([1]Humus!AK91="","",[1]Humus!AK91) -> Herbaceous average | AA91: Based on root mass | AD91: "Grains", IPCC (2006) N2O managed soils | AF91: Wang et al., 2020, Wichern et al., 2008, Fustec et al, 2010
A92: Tobacco | C92: Kyle et al. (2011) | D92: Guzmán et al. 2014 | E92: Guzmán et al. 2014 | J92: 14.962 | L92: Guzmán et al. 2014 | O92: Lassaletta et al., 2014 (from Lassaletta et al., 2012) | S92: "Generic", IPCC (2019) | V92: =IF([1]C!G92="","",[1]C!G92) -> Hadas et al. (2004), ECN (2017) | W92: =IF([1]Humus!G92="","",[1]Humus!G92) -> Spices, other | Y92: =IF([1]C!BF92="","",[1]C!BF92) -> Plant average | Z92: =IF([1]Humus!AK92="","",[1]Humus!AK92) -> Herbaceous average | AA92: Based on root mass | AF92: Wang et al., 2020, Wichern et al., 2008, Fustec et al, 2010
A93: Anise | C93: 0.21011179 | L93: Guzmán et al. 2014 | S93: "Generic", IPCC (2019) | V93: =IF([1]C!G93="","",[1]C!G93) -> Herbaceous average | W93: =IF([1]Humus!G93="","",[1]Humus!G93) -> Spices, other | Y93: =IF([1]C!BF93="","",[1]C!BF93) -> Plant average | Z93: =IF([1]Humus!AK93="","",[1]Humus!AK93) -> Herbaceous average | AA93: Based on root mass | AF93: Wang et al., 2020, Wichern et al., 2008, Fustec et al, 2010
A94: Castor oil plant | C94: 0.21011179 | L94: Guzmán et al. 2014 | S94: "Generic", IPCC (2019) | V94: =IF([1]C!G94="","",[1]C!G94) -> Herbaceous average | W94: =IF([1]Humus!G94="","",[1]Humus!G94) -> Oilseeds, other | Y94: =IF([1]C!BF94="","",[1]C!BF94) -> Plant average | Z94: =IF([1]Humus!AK94="","",[1]Humus!AK94) -> Herbaceous average | AA94: Based on root mass | AF94: Wang et al., 2020, Wichern et al., 2008, Fustec et al, 2010
A95: Sumac | C95: 0.21011179 | L95: Guzmán et al. 2014 | S95: "Generic", IPCC (2019) | V95: =IF([1]C!G95="","",[1]C!G95) -> Herbaceous average | W95: =IF([1]Humus!G95="","",[1]Humus!G95) -> Oilseeds, other | Y95: =IF([1]C!BF95="","",[1]C!BF95) -> Plant average | Z95: =IF([1]Humus!AK95="","",[1]Humus!AK95) -> Herbaceous average | AA95: Based on root mass | AF95: Wang et al., 2020, Wichern et al., 2008, Fustec et al, 2010
A96: Sugarcane | C96: Kyle et al. (2011), Otto et al. (2014) | D96: Guzmán et al. 2014 | E96: Guzmán et al. 2014 | J96: 5.0168342 | L96: Guzmán et al. 2014 | O96: Lassaletta et al., 2014 (from FAO, 2011) | S96: "Generic", IPCC (2019) | V96: =IF([1]C!G96="","",[1]C!G96) -> Paula et al. (2011), Huang et al. (2004), Carvalho et al. (2013), ECN (2017 (leaves) | W96: =IF([1]Humus!G96="","",[1]Humus!G96) -> Herbaceous average | Y96: =IF([1]C!BF96="","",[1]C!BF96) -> Nunes Carvalho et al. (2013) | Z96: =IF([1]Humus!AK96="","",[1]Humus!AK96) -> Herbaceous average | AA96: Based on root mass | AF96: Wang et al., 2020, Wichern et al., 2008, Fustec et al, 2010
A97: Rubber | D97: Guzmán et al. 2014 | O97: Lassaletta et al., 2014 | S97: "Generic", IPCC (2019) | V97: =IF([1]C!G97="","",[1]C!G97) -> Herbaceous average | W97: =IF([1]Humus!G97="","",[1]Humus!G97) -> Fiber, other | Y97: =IF([1]C!BF97="","",[1]C!BF97) -> Plant average | Z97: =IF([1]Humus!AK97="","",[1]Humus!AK97) -> Herbaceous average | AA97: Based on root mass | AF97: Wang et al., 2020, Wichern et al., 2008, Fustec et al, 2010
A98: Tea | D98: Own estimation | E98: Own estimation | O98: Lassaletta et al., 2014 (from FAO, 2011) | S98: "Generic", IPCC (2019) | V98: =IF([1]C!G98="","",[1]C!G98) -> Parikh et al. (2007) | W98: =IF([1]Humus!G98="","",[1]Humus!G98) -> Spices, other | Y98: =IF([1]C!BF98="","",[1]C!BF98) -> Plant average | Z98: =IF([1]Humus!AK98="","",[1]Humus!AK98) -> Herbaceous average | AA98: Based on root mass | AF98: Wang et al., 2020, Wichern et al., 2008, Fustec et al, 2010
A99: Peanuts | C99: Oilseeds average | D99: Oilseeds average | E99: Oilseeds average | F99: Oilseeds average | H99: Oilseeds average | I99: Oilseeds average | J99: Oilseeds average | K99: Oilseeds average | L99: Oilseeds average | M99: Oilseeds average | O99: Oilseeds average | R99: Oilseeds average | S99: "Generic", IPCC (2019) | V99: =IF([1]C!G99="","",[1]C!G99) -> Chen et al. (2015) | W99: =IF([1]Humus!G99="","",[1]Humus!G99) -> Oilseeds, other | Y99: =IF([1]C!BF99="","",[1]C!BF99) -> Plant average | Z99: =IF([1]Humus!AK99="","",[1]Humus!AK99) -> Herbaceous average | AA99: Based on root mass | AF99: Wang et al., 2020, Wichern et al., 2008, Fustec et al, 2010
A100: Industrial crops | C100: industrial crops average | D100: industrial crops average | E100: industrial crops average | F100: industrial crops average | H100: industrial crops average | I100: industrial crops average | J100: industrial crops average | K100: industrial crops average | L100: industrial crops average | M100: industrial crops average | O100: industrial crops average | R100: industrial crops average | S100: "Generic", IPCC (2019) | V100: industrial crops average | W100: industrial crops average | Y100: =IF([1]C!BF100="","",[1]C!BF100) -> Plant average | Z100: =IF([1]Humus!AK100="","",[1]Humus!AK100) -> Herbaceous average | AA100: Based on root mass | AF100: Wang et al., 2020, Wichern et al., 2008, Fustec et al, 2010
...

Sheet Conversores_Dieta
A1: Conversores dietas | B1: Name_biomass | C1: Energía | D1: N | E1: Porción Comestible | F1: Lípidos | G1: Carbohidratos | H1: Calcio | I1: Vitamina A | J1: Energía | K1: Proteinas | Q1: ='[4]Dieta Bruta'!R1 -> 0 | R1: ='[4]Dieta Bruta'!S1 -> 0 | S1: ='[4]Dieta Bruta'!T1 -> 0 | T1: ='[4]Dieta Bruta'!U1 -> 0 | U1: ='[4]Dieta Bruta'!V1 -> 0 | V1: ='[4]Dieta Bruta'!W1 -> 0 | W1: ='[4]Dieta Bruta'!X1 -> 0 | X1: ='[4]Dieta Bruta'!Y1 -> 0 | ... AX1: ='[4]Dieta Bruta'!AY1 -> 0
C2: MJ/kg | D2: kg/kg | F2: grs/kg | G2: grs/ kg | H2: mg/kg | I2: µg/kg | J2: Kcal/Kg | K2: grs/kg | N2: MJ/kg | O2: N/kg | P2: ='[4]Dieta Bruta'!Q2 -> 1910 | Q2: ='[4]Dieta Bruta'!R2 -> 1922 | R2: ='[4]Dieta Bruta'!S2 -> 1933 | S2: ='[4]Dieta Bruta'!T2 -> 1940 | T2: ='[4]Dieta Bruta'!U2 -> 1950 | U2: ='[4]Dieta Bruta'!V2 -> 1960 | V2: ='[4]Dieta Bruta'!W2 -> 1970 | W2: ='[4]Dieta Bruta'!X2 -> 1980 | ... BB2: ='[4]Dieta Bruta'!BC2 -> 2008
A3: Cereales
A4: Harina de Trigo | B4: Wheat | E4: 1 | F4: 12 | G4: 800 | H4: 150 | I4: 0 | J4: 3750 | K4: 93
A5: Avena grano | B5: Oats | E5: 1 | F5: 71 | G5: 598 | H5: 796 | I5: 0 | J5: 3610 | K5: 117
A6: Harina de Centeno | B6: Rye | E6: 1 | F6: 19.3 | G6: 597 | H6: 270 | I6: 0 | J6: 3260 | K6: 100
A7: Harina de Maíz | B7: Maize | E7: 1 | F7: 27 | G7: 760 | H7: 120 | I7: 0 | J7: 3690 | K7: 87
A8: Arroz grano | B8: Rice | E8: 1 | F8: 9 | G8: 860 | H8: 100 | I8: 0 | J8: 3810 | K8: 70
A10: Leguminosas
A11: Garbanzos grano | B11: Chickpea | C11: =J11/238.85 -> 15.616496 | D11: =K11/(6.25*1000) -> 0.03104 | E11: 1 | F11: 50 | G11: 550 | H11: 1450 | I11: 320 | J11: 3730 | K11: 194
A12: Habas grano | B12: Fava bean | C12: =J12/238.85 -> 15.574628 | D12: =K12/(6.25*1000) -> 0.0368 | E12: 1 | F12: 20 | G12: 560 | H12: 1150 | I12: 420 | J12: 3720 | K12: 230
A13: Guisantes grano | B13: Pea | C13: =J13/238.85 -> 15.281557 | D13: =K13/(6.25*1000) -> 0.03456 | E13: 1 | F13: 23 | G13: 560 | H13: 720 | I13: 420 | J13: 3650 | K13: 216
A14: Judías grano | B14: Beans | C14: =J14/238.85 -> 14.611681 | D14: =K14/(6.25*1000) -> 0.0304 | E14: 1 | F14: 14 | G14: 525 | H14: 130 | I14: 0 | J14: 3490 | K14: 190
A15: Lentejas grano | B15: Lentils | C15: =J15/238.85 -> 14.695416 | D15: =K15/(6.25*1000) -> 0.03808 | E15: 1 | F15: 18 | G15: 540 | H15: 560 | I15: 100 | J15: 3510 | K15: 238
A16: Cacahuetes grano | B16: Groundnuts, with shell | C16: =J16/238.85 -> 25.078501 | D16: =K16/(6.25*1000) -> 0.0432 | E16: 1 | F16: 490 | G16: 85 | H16: 610 | I16: 0 | J16: 5990 | K16: 270
A17: algarroba | B17: Carob | C17: =J17/238.85 -> 16.809713 | D17: =K17/(6.25*1000) -> 0.03568 | E17: =AVERAGE(E11:E16) -> 1 | F17: =AVERAGE(F11:F16) -> 102.5 | G17: =AVERAGE(G11:G16) -> 470 | H17: =AVERAGE(H11:H16) -> 770 | I17: =AVERAGE(I11:I16) -> 210 | J17: =AVERAGE(J11:J16) -> 4015 | K17: =AVERAGE(K11:K16) -> 223
A18: Vino | C18: =J18/238.85 -> 0 | D18: =K18/(6.25*1000) -> 0
A19: Vino | B19: Wine | C19: =J19/238.85 -> 3.248901 | D19: =K19/(6.25*1000) -> 0.00016 | E19: 1 | F19: 0 | G19: 11 | H19: 87 | I19: 0 | J19: 776 | K19: 1
C20: =J20/238.85 -> 0 | D20: =K20/(6.25*1000) -> 0
A21: Cerveza | C21: =J21/238.85 -> 0 | D21: =K21/(6.25*1000) -> 0
A22: Cerveza | B22: Beer | C22: =J22/238.85 -> 1.3816203 | D22: =K22/(6.25*1000) -> 0.00048 | E22: 1 | F22: 0 | G22: 24 | H22: 70 | I22: 0 | J22: 330 | K22: 3
C23: =J23/238.85 -> 0 | D23: =K23/(6.25*1000) -> 0
A24: Aceites | C24: =J24/238.85 -> 0 | D24: =K24/(6.25*1000) -> 0
A25: Aceite de oliva | B25: Olive oil | C25: =J25/238.85 -> 37.638685 | D25: =K25/(6.25*1000) -> 0 | E25: 1 | F25: 999 | G25: 0 | H25: 0 | I25: 341 | J25: 8990 | K25: 0
A26: Otros aceites | B26: Oilcrops oil, other | C26: =J26/238.85 -> 37.638685 | D26: =K26/(6.25*1000) -> 0 | E26: =E25 -> 1 | F26: =F25 -> 999 | G26: =G25 -> 0 | H26: =H25 -> 0 | I26: =I25 -> 341 | J26: =J25 -> 8990 | K26: =K25 -> 0
C27: =J27/238.85 -> 0 | D27: =K27/(6.25*1000) -> 0
A28: Raices, tubérculos y bulbos | C28: =J28/238.85 -> 0 | D28: =K28/(6.25*1000) -> 0
A29: Patatas | B29: Potato | C29: =J29/238.85 -> 3.6843207 | D29: =K29/(6.25*1000) -> 0.004 | E29: 0.9 | F29: 2 | G29: 180 | H29: 90 | I29: 0 | J29: 880 | K29: 25
A30: Batata y boniato | B30: =VLOOKUP(A30,[5]Names_Lab!$A$2:$B$198,2,0) -> Sweet potato | C30: =J30/238.85 -> 4.2285954 | D30: =K30/(6.25*1000) -> 0.00192 | E30: 0.79 | F30: 6 | G30: 215 | H30: 220 | I30: 6670 | J30: 1010 | K30: 12
A31: Chufa | B31: Tigernuts | C31: =J31/238.85 -> 18.547205 | D31: =K31/(6.25*1000) -> 0.00976 | E31: 1 | F31: 237 | G31: 425 | H31: 700 | I31: 0 | J31: 4430 | K31: 61
A32: Chirivía | B32: =VLOOKUP(A32,[5]Names_Lab!$A$2:$B$198,2,0) -> #N/A | C32: =J32/238.85 -> 2.9307097 | D32: =K32/(6.25*1000) -> 0.00288 | E32: 0.72 | F32: 11 | G32: 110 | H32: 410 | I32: 50 | J32: 700 | K32: 18
C33: =J33/238.85 -> 0 | D33: =K33/(6.25*1000) -> 0
A34: Azucar | C34: =J34/238.85 -> 0 | D34: =K34/(6.25*1000) -> 0
A35: Total azucar | B35: Brown sugar | C35: =J35/238.85 -> 16.663178 | D35: =K35/(6.25*1000) -> 0 | E35: 1 | F35: 0 | G35: 995 | H35: 20 | I35: 0 | J35: 3980 | K35: 0
A36: Miel | B36: Honey | C36: =J36/238.85 -> 13.146326 | D36: =K36/(6.25*1000) -> 0.0008 | E36: 1 | F36: 0 | G36: 780 | H36: 50 | I36: 0 | J36: 3140 | K36: 5
C37: =J37/238.85 -> 0 | D37: =K37/(6.25*1000) -> 0
A38: Árboles y arbustos frutales | C38: =J38/238.85 -> 0 | D38: =K38/(6.25*1000) -> 0
A39: Aceituna de mesa | B39: =VLOOKUP(A39,[5]Names_Lab!$A$2:$B$198,2,0) -> Olive | C39: =J39/238.85 -> 8.205987 | D39: =K39/(6.25*1000) -> 0.00128 | E39: 0.8 | F39: 200 | G39: 10 | H39: 630 | I39: 220 | J39: 1960 | K39: 8
A40: Acerola | B40: =VLOOKUP(A40,[5]Names_Lab!$A$2:$B$198,2,0) -> Fruits | C40: =J40/238.85 -> 0.71174377 | D40: =K40/(6.25*1000) -> 0.000336 | E40: 0.81 | F40: 2.3 | G40: 35.7 | H40: 117 | I40: 0 | J40: 170 | K40: 2.1
A41: Aguacate | B41: =VLOOKUP(A41,[5]Names_Lab!$A$2:$B$198,2,0) -> Avocado | C41: =J41/238.85 -> 5.9032866 | D41: =K41/(6.25*1000) -> 0.0024 | E41: 0.71 | F41: 120 | G41: 59 | H41: 160 | I41: 250 | J41: 1410 | K41: 15
A42: Albaricoque | B42: =VLOOKUP(A42,[5]Names_Lab!$A$2:$B$198,2,0) -> Apricot | C42: =J42/238.85 -> 1.8840276 | D42: =K42/(6.25*1000) -> 0.00128 | E42: 0.92 | F42: 0 | G42: 95 | H42: 170 | I42: 270 | J42: 450 | K42: 8
A43: Almendra | B43: =VLOOKUP(A43,[5]Names_Lab!$A$2:$B$198,2,0) -> Almonds | C43: =J43/238.85 -> 25.287838 | D43: =K43/(6.25*1000) -> 0.032 | E43: 1 | F43: 535 | G43: 35 | H43: 2540 | I43: 0 | J43: 6040 | K43: 200
A44: Avellana | B44: Hazelnut | C44: =J44/238.85 -> 24.576094 | D44: =K44/(6.25*1000) -> 0.02256 | E44: 1 | F44: 544 | G44: 53 | H44: 1920 | I44: 0 | J44: 5870 | K44: 141
A45: Azufaifa | B45: =VLOOKUP(A45,[5]Names_Lab!$A$2:$B$198,2,0) -> Fruits | C45: =J45/238.85 -> 4.3960645 | D45: =K45/(6.25*1000) -> 0.00224 | E45: 0.94 | F45: 3 | G45: 241 | H45: 330 | I45: 0 | J45: 1050 | K45: 14
A46: Castaña | B46: =VLOOKUP(A46,[5]Names_Lab!$A$2:$B$198,2,0) -> Chestnut | C46: =J46/238.85 -> 5.8614193 | D46: =K46/(6.25*1000) -> 0.00256 | E46: 0.83 | F46: 22 | G46: 304 | H46: 380 | I46: 0 | J46: 1400 | K46: 16
A47: Chirimoya | B47: =VLOOKUP(A47,[5]Names_Lab!$A$2:$B$198,2,0) -> Fruit, tropical fresh nes | C47: =J47/238.85 -> 3.7680553 | D47: =K47/(6.25*1000) -> 0.0016 | E47: 0.6 | F47: 2 | G47: 200 | H47: 300 | I47: 0 | J47: 900 | K47: 10
A48: Higo chumbo | B48: Prickly pears | C48: =J48/238.85 -> 3.0981788 | D48: =K48/(6.25*1000) -> 0.00192 | E48: 0.85 | F48: 0 | G48: 160 | H48: 380 | I48: 80 | J48: 740 | K48: 12
A49: Ciruela | B49: =VLOOKUP(A49,[5]Names_Lab!$A$2:$B$198,2,0) -> Plum | C49: =J49/238.85 -> 2.1352313 | D49: =K49/(6.25*1000) -> 0.00096 | E49: 0.85 | F49: 0 | G49: 110 | H49: 140 | I49: 492 | J49: 510 | K49: 6
A50: Granada | B50: =VLOOKUP(A50,[5]Names_Lab!$A$2:$B$198,2,0) -> Pomegranate | C50: =J50/238.85 -> 1.4234875 | D50: =K50/(6.25*1000) -> 0.00112 | E50: 0.35 | F50: 1 | G50: 75 | H50: 80 | I50: 35 | J50: 340 | K50: 7
A51: Guayaba | B51: =VLOOKUP(A51,[5]Names_Lab!$A$2:$B$198,2,0) -> Fruit, tropical fresh nes | C51: =J51/238.85 -> 1.7584258 | D51: =K51/(6.25*1000) -> 0.00144 | E51: 0.89 | F51: 5 | G51: 58 | H51: 540 | I51: 1220 | J51: 420 | K51: 9
A52: Cereza y guinda | B52: =VLOOKUP(A52,[5]Names_Lab!$A$2:$B$198,2,0) -> Cherries | C52: =J52/238.85 -> 2.7213732 | D52: =K52/(6.25*1000) -> 0.00128 | E52: 0.87 | F52: 5 | G52: 135 | H52: 160 | I52: 30 | J52: 650 | K52: 8
A53: Higo | B53: Figs | C53: =J53/238.85 -> 11.764706 | D53: =K53/(6.25*1000) -> 0.0056 | E53: 1 | F53: 20 | G53: 530 | H53: 1780 | I53: 70 | J53: 2810 | K53: 35
A54: Caqui | B54: =VLOOKUP(A54,[5]Names_Lab!$A$2:$B$198,2,0) -> Persimmon | C54: =J54/238.85 -> 2.8888424 | D54: =K54/(6.25*1000) -> 0.001008 | E54: 0.87 | F54: 3 | G54: 160 | H54: 80 | I54: 0 | J54: 690 | K54: 6.3
A55: Lima | B55: =VLOOKUP(A55,[5]Names_Lab!$A$2:$B$198,2,0) -> Lemon | C55: =J55/238.85 -> 0.71174377 | D55: =K55/(6.25*1000) -> 0.0008 | E55: 0.7 | F55: 2 | G55: 19 | H55: 130 | I55: 17 | J55: 170 | K55: 5
A56: Limón | B56: Lemon | C56: =J56/238.85 -> 1.8421604 | D56: =K56/(6.25*1000) -> 0.00112 | E56: 0.64 | F56: 4 | G56: 90 | H56: 120 | I56: 23 | J56: 440 | K56: 7
A57: Mango | B57: =VLOOKUP(A57,[5]Names_Lab!$A$2:$B$198,2,0) -> Fruit, tropical fresh nes | C57: =J57/238.85 -> 2.8051078 | D57: =K57/(6.25*1000) -> 0.00112 | E57: 0.68 | F57: 2 | G57: 141 | H57: 120 | I57: 3000 | J57: 670 | K57: 7
A58: Manzana | B58: =VLOOKUP(A58,[5]Names_Lab!$A$2:$B$198,2,0) -> Apple | C58: =J58/238.85 -> 2.2189659 | D58: =K58/(6.25*1000) -> 0.00048 | E58: 0.84 | F58: 0 | G58: 120 | H58: 60 | I58: 40 | J58: 530 | K58: 3
A59: Manzana para sidra | B59: =VLOOKUP(A59,[5]Names_Lab!$A$2:$B$198,2,0) -> Apple | C59: =J59/238.85 -> 2.2189659 | D59: =K59/(6.25*1000) -> 0.00048 | E59: 0.84 | F59: 0 | G59: 120 | H59: 60 | I59: 40 | J59: 530 | K59: 3
A60: Melocotón | B60: =VLOOKUP(A60,[5]Names_Lab!$A$2:$B$198,2,0) -> Peach | C60: =J60/238.85 -> 1.7165585 | D60: =K60/(6.25*1000) -> 0.00096 | E60: 0.88 | F60: 0 | G60: 90 | H60: 80 | I60: 40 | J60: 410 | K60: 6
A61: Membrillo | B61: Quince | C61: =J61/238.85 -> 1.7584258 | D61: =K61/(6.25*1000) -> 0.00064 | E61: 0.61 | F61: 0 | G61: 68 | H61: 140 | I61: 0 | J61: 420 | K61: 4
A62: Naranjas y mandarinas | B62: Orange | C62: =J62/238.85 -> 1.7584258 | D62: =K62/(6.25*1000) -> 0.00128 | E62: 0.73 | F62: 0 | G62: 86 | H62: 360 | I62: 400 | J62: 420 | K62: 8 | M62: Se ha equiparado la mandarina a la naranja
A63: Níspero | B63: =VLOOKUP(A63,[5]Names_Lab!$A$2:$B$198,2,0) -> Fruits | C63: =J63/238.85 -> 2.8888424 | D63: =K63/(6.25*1000) -> 0.00064 | E63: 0.62 | F63: 5 | G63: 106 | H63: 300 | I63: 1600 | J63: 690 | K63: 4
A64: Nuez | B64: =VLOOKUP(A64,[5]Names_Lab!$A$2:$B$198,2,0) -> Walnut | C64: =J64/238.85 -> 25.580909 | D64: =K64/(6.25*1000) -> 0.0224 | E64: 1 | F64: 590 | G64: 33 | H64: 770 | I64: 0 | J64: 6110 | K64: 140
A65: Dátil | B65: Dates | C65: =J65/238.85 -> 13.146326 | D65: =K65/(6.25*1000) -> 0.00352 | E65: 0.86 | F65: 4 | G65: 710 | H65: 680 | I65: 70 | J65: 3140 | K65: 22
A66: Pera | B66: =VLOOKUP(A66,[5]Names_Lab!$A$2:$B$198,2,0) -> Pear | C66: =J66/238.85 -> 2.0514968 | D66: =K66/(6.25*1000) -> 0.00064 | E66: 0.88 | F66: 0 | G66: 106 | H66: 120 | I66: 100 | J66: 490 | K66: 4
A67: Plátano | B67: Bananas, platains | C67: =J67/238.85 -> 3.9355244 | D67: =K67/(6.25*1000) -> 0.00192 | E67: 0.66 | F67: 3 | G67: 200 | H67: 90 | I67: 180 | J67: 940 | K67: 12
A68: Pomelo | B68: Grapefruit | C68: =J68/238.85 -> 1.4653548 | D68: =K68/(6.25*1000) -> 0.00128 | E68: 0.68 | F68: 1 | G68: 68 | H68: 230 | I68: 20 | J68: 350 | K68: 8
A69: Uva de mesa | B69: Grapevine | C69: =J69/238.85 -> 2.8888424 | D69: =K69/(6.25*1000) -> 0.00096 | E69: 0.9 | F69: 0 | G69: 161 | H69: 170 | I69: 30 | J69: 690 | K69: 6
C70: =J70/238.85 -> 0 | D70: =K70/(6.25*1000) -> 0
A71: Plantas hortícolas | C71: =J71/238.85 -> 0 | D71: =K71/(6.25*1000) -> 0
A72: Acelga | B72: =VLOOKUP(A72,[5]Names_Lab!$A$2:$B$198,2,0) -> Chard | C72: =J72/238.85 -> 1.7165585 | D72: =K72/(6.25*1000) -> 0.0032 | E72: 0.7 | F72: 4 | G72: 45 | H72: 1130 | I72: 1830 | J72: 410 | K72: 20
A73: Ajo | B73: =VLOOKUP(A73,[5]Names_Lab!$A$2:$B$198,2,0) -> Garlic | C73: =J73/238.85 -> 4.9403391 | D73: =K73/(6.25*1000) -> 0.00848 | E73: 0.76 | F73: 3 | G73: 230 | H73: 114 | I73: 0 | J73: 1180 | K73: 53
A74: Alcachofa | B74: =VLOOKUP(A74,[5]Names_Lab!$A$2:$B$198,2,0) -> Artichoke | C74: =J74/238.85 -> 1.8421604 | D74: =K74/(6.25*1000) -> 0.00368 | E74: 0.36 | F74: 1 | G74: 75 | H74: 450 | I74: 80 | J74: 440 | K74: 23
A75: Alcaparro | B75: =VLOOKUP(A75,[5]Names_Lab!$A$2:$B$198,2,0) -> Caper | C75: =J75/238.85 -> 1.8421604 | D75: =K75/(6.25*1000) -> 0.00384 | E75: 1 | F75: 9 | G75: 49 | H75: 400 | I75: 140 | J75: 440 | K75: 24
A76: Anís | B76: =VLOOKUP(A76,[5]Names_Lab!$A$2:$B$198,2,0) -> Anise | C76: =J76/238.85 -> 14.109274 | D76: =K76/(6.25*1000) -> 0.02816 | E76: 1 | F76: 159 | G76: 500.2 | H76: 6460 | I76: 3110 | J76: 3370 | K76: 176
A77: Apio | B77: =VLOOKUP(A77,[5]Names_Lab!$A$2:$B$198,2,0) -> Celery | C77: =J77/238.85 -> 0.66987649 | D77: =K77/(6.25*1000) -> 0.00208 | E77: 0.65 | F77: 2 | G77: 13 | H77: 550 | I77: 950 | J77: 160 | K77: 13
A78: Azafrán | B78: =VLOOKUP(A78,[5]Names_Lab!$A$2:$B$198,2,0) -> Saffron | C78: =J78/238.85 -> 14.444212 | D78: =K78/(6.25*1000) -> 0.01824 | E78: 1 | F78: 59 | G78: 615 | H78: 1100 | I78: 0 | J78: 3450 | K78: 114
A79: Berenjena | B79: =VLOOKUP(A79,[5]Names_Lab!$A$2:$B$198,2,0) -> Aubergine | C79: =J79/238.85 -> 1.1304166 | D79: =K79/(6.25*1000) -> 0.00192 | E79: 0.85 | F79: 2 | G79: 44 | H79: 111 | I79: 30 | J79: 270 | K79: 12
A80: Berza | B80: =VLOOKUP(A80,[5]Names_Lab!$A$2:$B$198,2,0) -> Cabbage, Broccoli | C80: =J80/238.85 -> 1.8296002 | D80: =K80/(6.25*1000) -> 0.00688 | E80: 0.85 | F80: 9 | G80: 25.4 | H80: 2120 | I80: 8666 | J80: 437 | K80: 43
A81: Borraja | B81: =VLOOKUP(A81,[5]Names_Lab!$A$2:$B$198,2,0) -> Borage | C81: =J81/238.85 -> 1.1722839 | D81: =K81/(6.25*1000) -> 0.00288 | E81: 0.8 | F81: 7 | G81: 31 | H81: 930 | I81: 2100 | J81: 280 | K81: 18
A82: Calabacín | B82: =VLOOKUP(A82,[5]Names_Lab!$A$2:$B$198,2,0) -> Zucchini | C82: =J82/238.85 -> 0.58614193 | D82: =K82/(6.25*1000) -> 0.00096 | E82: 0.7 | F82: 2 | G82: 22 | H82: 240 | I82: 45 | J82: 140 | K82: 6
A83: Calabaza | B83: Squash, pumpkin | C83: =J83/238.85 -> 0.62800921 | D83: =K83/(6.25*1000) -> 0.00112 | E83: 0.67 | F83: 2 | G83: 22 | H83: 290 | I83: 750 | J83: 150 | K83: 7
A84: Cardo | B84: =VLOOKUP(A84,[5]Names_Lab!$A$2:$B$198,2,0) -> Artichoke thistle | C84: =J84/238.85 -> 0.96294746 | D84: =K84/(6.25*1000) -> 0.00224 | E84: 0.8 | F84: 2 | G84: 35 | H84: 1140 | I84: 0 | J84: 230 | K84: 14
A85: Cebolla | B85: =VLOOKUP(A85,[5]Names_Lab!$A$2:$B$198,2,0) -> Onion | C85: =J85/238.85 -> 0.96294746 | D85: =K85/(6.25*1000) -> 0.00224 | E85: 1 | F85: 2 | G85: 35 | H85: 1140 | I85: 0 | J85: 230 | K85: 14
A86: Cebolleta | B86: =VLOOKUP(A86,[5]Names_Lab!$A$2:$B$198,2,0) -> Onion | C86: =J86/238.85 -> 1.2141511 | D86: =K86/(6.25*1000) -> 0.00224 | E86: 0.85 | F86: 0 | G86: 51 | H86: 310 | I86: 0 | J86: 290 | K86: 14
A87: Coles y repollos | B87: =VLOOKUP(A87,[5]Names_Lab!$A$2:$B$198,2,0) -> Cabbage, Broccoli | C87: =J87/238.85 -> 1.5072221 | D87: =K87/(6.25*1000) -> 0.00528 | E87: 0.75 | F87: 3 | G87: 34 | H87: 400 | I87: 40 | J87: 360 | K87: 33
A88: Coliflor | B88: =VLOOKUP(A88,[5]Names_Lab!$A$2:$B$198,2,0) -> Cauliflower | C88: =J88/238.85 -> 1.1304166 | D88: =K88/(6.25*1000) -> 0.00352 | E88: 0.8 | F88: 2 | G88: 31 | H88: 220 | I88: 0 | J88: 270 | K88: 22
A89: Comino | B89: =VLOOKUP(A89,[5]Names_Lab!$A$2:$B$198,2,0) -> Spices, Other | C89: =J89/238.85 -> 18.337869 | D89: =K89/(6.25*1000) -> 0.02848 | E89: 1 | F89: 182 | G89: 454 | H89: 9310 | I89: 1270 | J89: 4380 | K89: 178
A90: Escarola | B90: =VLOOKUP(A90,[5]Names_Lab!$A$2:$B$198,2,0) -> Endive | C90: =J90/238.85 -> 1.0048147 | D90: =K90/(6.25*1000) -> 0.0024 | E90: 0.64 | F90: 3 | G90: 30 | H90: 670 | I90: 730 | J90: 240 | K90: 15
A91: Espárrago | B91: =VLOOKUP(A91,[5]Names_Lab!$A$2:$B$198,2,0) -> Asparagus | C91: =J91/238.85 -> 0.75361105 | D91: =K91/(6.25*1000) -> 0.00432 | E91: 0.6 | F91: 0 | G91: 11 | H91: 220 | I91: 530 | J91: 180 | K91: 27
A92: Espinaca | B92: =VLOOKUP(A92,[5]Names_Lab!$A$2:$B$198,2,0) -> Spinach | C92: =J92/238.85 -> 1.2978857 | D92: =K92/(6.25*1000) -> 0.00416 | E92: 0.81 | F92: 3 | G92: 12 | H92: 900 | I92: 300 | J92: 310 | K92: 26
A93: Fresa y fresón | B93: =VLOOKUP(A93,[5]Names_Lab!$A$2:$B$198,2,0) -> Strawberry | C93: =J93/238.85 -> 1.6746912 | D93: =K93/(6.25*1000) -> 0.00112 | E93: 0.95 | F93: 5 | G93: 70 | H93: 250 | I93: 10 | J93: 400 | K93: 7
A94: Guindilla | B94: =VLOOKUP(A94,[5]Names_Lab!$A$2:$B$198,2,0) -> Chili pepper | C94: =J94/238.85 -> 1.9761356 | D94: =K94/(6.25*1000) -> 0.002992 | E94: 0.95 | F94: 11 | G94: 67 | H94: 140 | I94: 953.3 | J94: 472 | K94: 18.7
