Workbook
Name fish: #REF!
Name fish: [1]HS6_list!$E$6:$L$288
Name fish: [1]HS6_list!$E$6:$L$288
Name fish: [1]HS6_list!$E$6:$L$288
Name fish: [1]HS6_list!$E$6:$L$288
Name fish: [1]HS6_list!$E$6:$L$288
Name fish: [1]HS6_list!$E$6:$L$288
Name fish: [1]HS6_list!$E$6:$L$288
Name fish: [1]HS6_list!$E$6:$L$288
Name fish: [1]HS6_list!$E$6:$L$288
Name fish: [1]HS6_list!$E$6:$L$288
Name fish: [1]HS6_list!$E$6:$L$288
Name fish: [1]HS6_list!$E$6:$L$288
Name fish: [1]HS6_list!$E$6:$L$288
Name fish: #REF!
Name fish: [1]HS6_list!$E$6:$L$288
Name fish: [1]HS6_list!$E$6:$L$288
Name fish: [1]HS6_list!$E$6:$L$288
Name fish: #REF!
Name fish: [1]HS6_list!$E$6:$L$288
Name fish: [1]HS6_list!$E$6:$L$288
Name fish: [1]HS6_list!$E$6:$L$288
Name fish: [1]HS6_list!$E$6:$L$288
Name fish: #REF!
Name fish_map: #REF!
Name fish_map: #REF!
Name fish_map: #REF!
Name fish_map: #REF!
Name fish_map: #REF!
Name fish_map: #REF!
Name fish_map: #REF!
Name fish_map: #REF!
Name fish_map: #REF!
Name fish_map: #REF!
Name fish_map: #REF!
Name fish_map: #REF!
Name fish_map: #REF!
Name fish_map: #REF!
Name fish_map: #REF!
Name fish_map: #REF!
Name fish_map: #REF!
Name fish_map: #REF!
Name fish_map: #REF!
Name fish_map: #REF!
Name fish_map: #REF!
Name fish_map: #REF!
Name fish_map: #REF!
Name fish_map: #REF!
Name hs4list: #REF!
Name hs4list: #REF!
Name hs4list: #REF!
Name hs4list: #REF!
Name hs4list: #REF!
Name hs4list: #REF!
Name hs4list: #REF!
Name hs4list: #REF!
Name hs4list: #REF!
Name hs4list: #REF!
Name hs4list: #REF!
Name hs4list: #REF!

Sheet FAO_areas
A1: Area.Code | B1: Area.Code..M49. | C1: Area | D1: 1961 | E1: 1962 | F1: 1963 | G1: 1964 | H1: 1965 | I1: 1966 | J1: 1967 | K1: 1968 | L1: 1969 | M1: 1970 | N1: 1971 | O1: 1972 | P1: 1973 | Q1: 1974 | R1: 1975 | S1: 1976 | T1: 1977 | U1: 1978 | V1: 1979 | W1: 1980 | X1: 1981 | Y1: 1982 | Z1: 1983 | AA1: 1984 | AB1: 1985 | AC1: 1986 | AD1: 1987 | AE1: 1988 | AF1: 1989 | AG1: 1990 | AH1: 1991 | AI1: 1992 | AJ1: 1993 | AK1: 1994 | AL1: 1995 | AM1: 1996 | AN1: 1997 | AO1: 1998 | AP1: 1999 | AQ1: 2000 | AR1: 2001 | AS1: 2002 | AT1: 2003 | AU1: 2004 | AV1: 2005 | AW1: 2006 | AX1: 2007 | AY1: 2008 | AZ1: 2009 | BA1: 2010 | BB1: 2011 | BC1: 2012 | BD1: 2013 | BE1: 2014 | BF1: 2015 | BG1: 2016 | BH1: 2017 | BI1: 2018 | BJ1: 2019 | BK1: 2020 | BL1: 2021
A2: 1 | B2: '051 | C2: Armenia | AI2: 0.558804 | AJ2: 0.582316 | AK2: 0.549204 | AL2: 0.497124 | AM2: 0.559657 | AN2: 0.573034 | AO2: 0.549734 | AP2: 0.514569 | AQ2: 0.502544 | AR2: 0.570666 | AS2: 0.551215 | AT2: 0.57892 | AU2: 0.610678 | AV2: 0.619221 | AW2: 0.535203 | AX2: 0.572803 | AY2: 0.568765 | AZ2: 0.550857 | BA2: 0.526334 | BB2: 0.536896 | BC2: 0.57482 | BD2: 0.591657 | BE2: 0.602185 | BF2: 0.634306 | BG2: 0.649743 | BH2: 0.551269 | BI2: 0.476292 | BJ2: 0.442291 | BK2: 0.451925 | BL2: 0.357216
A3: 2 | B3: '004 | C3: Afghanistan | D3: 7.245424 | E3: 7.484716 | F3: 7.520068 | G3: 7.579998 | H3: 7.562049 | I3: 7.55436 | J3: 6.90767 | K3: 6.74611 | L3: 6.83225 | M3: 7.02577 | N3: 7.46557 | O3: 8.52386 | P3: 7.39652 | Q3: 7.47267 | R3: 7.57758 | S3: 7.66948 | T3: 7.57558 | U3: 7.565937 | V3: 7.11096 | W3: 6.73806 | X3: 6.5449 | Y3: 6.29743 | Z3: 5.97986 | AA3: 5.792265 | AB3: 5.541895 | AC3: 5.314235 | AD3: 5.56217 | AE3: 5.23216 | AF3: 5.14819 | AG3: 5.048558 | AH3: 5.701755 | AI3: 5.491887 | AJ3: 6.28148 | AK3: 6.52541 | AL3: 6.355857 | AM3: 6.433566 | AN3: 6.480347 | AO3: 6.604257 | AP3: 6.070088 | AQ3: 5.762227 | AR3: 5.13106 | AS3: 5.412389 | AT3: 6.904977 | AU3: 6.178623 | AV3: 7.066848 | AW3: 6.939692 | AX3: 7.022634 | AY3: 6.412082 | AZ3: 7.39669 | BA3: 6.965182 | BB3: 6.560078 | BC3: 7.21623 | BD3: 7.27253 | BE3: 7.727187 | BF3: 6.708478 | BG3: 7.135674 | BH3: 6.125424 | BI3: 5.068016 | BJ3: 6.978333 | BK3: 7.926427 | BL3: 6.140869
A4: 3 | B4: '008 | C4: Albania | D4: 0.855417 | E4: 0.838959 | F4: 0.799436 | G4: 0.887689 | H4: 0.838712 | I4: 0.870198 | J4: 0.896933 | K4: 0.897334 | L4: 0.902807 | M4: 0.910566 | N4: 0.87243 | O4: 0.91204 | P4: 0.924 | Q4: 0.92758 | R4: 0.9109 | S4: 0.9816 | T4: 1.0028 | U4: 1.0065 | V4: 1.0326 | W4: 1.060632 | X4: 1.0397 | Y4: 1.0258 | Z4: 1.0094 | AA4: 0.9852 | AB4: 1.048642 | AC4: 1.06536 | AD4: 1.066896 | AE4: 1.070416 | AF4: 1.058282 | AG4: 0.962206 | AH4: 0.747181 | AI4: 0.711872 | AJ4: 0.782764 | AK4: 0.799353 | AL4: 0.725224 | AM4: 0.692033 | AN4: 0.703379 | AO4: 0.703779 | AP4: 0.635785 | AQ4: 0.616692 | AR4: 0.574746 | AS4: 0.557434 | AT4: 0.567357 | AU4: 0.554407 | AV4: 0.548375 | AW4: 0.546009 | AX4: 0.508766 | AY4: 0.583125 | AZ4: 0.56841 | BA4: 0.561594 | BB4: 0.563576 | BC4: 0.575448 | BD4: 0.572627 | BE4: 0.578253 | BF4: 0.583647 | BG4: 0.587332 | BH4: 0.595585 | BI4: 0.586876 | BJ4: 0.579187 | BK4: 0.580976 | BL4: 0.58982
A5: 4 | B5: '012 | C5: Algeria | D5: 6.817646 | E5: 7.29632 | F5: 7.272325 | G5: 7.08443 | H5: 7.151738 | I5: 5.19543 | J5: 6.57049 | K5: 7.46836 | L5: 7.54359 | M5: 7.97881 | N5: 7.48641 | O5: 8.62213 | P5: 8.05467 | Q5: 7.59043 | R5: 8.05559 | S5: 8.41508 | T5: 7.23079 | U5: 6.92949 | V5: 7.52438 | W5: 8.11731 | X5: 7.45699 | Y5: 6.75551 | Z5: 6.157736 | AA5: 7.098574 | AB5: 8.33285 | AC5: 7.62527 | AD5: 7.36949 | AE5: 5.41994 | AF5: 7.06504 | AG5: 6.454954 | AH5: 8.895348 | AI5: 9.064257 | AJ5: 5.887485 | AK5: 4.509832 | AL5: 7.087178 | AM5: 9.228186 | AN5: 4.218588 | AO5: 8.98894 | AP5: 5.641989 | AQ5: 3.902215 | AR5: 6.625521 | AS5: 5.617244 | AT5: 7.902951 | AU5: 8.227278 | AV5: 7.066841 | AW5: 7.838878 | AX5: 8.251669 | AY5: 5.505953 | AZ5: 8.96647 | BA5: 8.612711 | BB5: 8.168953 | BC5: 9.178356 | BD5: 8.572979 | BE5: 8.11385 | BF5: 8.533148 | BG5: 10.045954 | BH5: 10.359991 | BI5: 9.458586 | BJ5: 9.67256 | BK5: 9.063437 | BL5: 7.081964
A6: 7 | B6: '024 | C6: Angola | D6: 2.990275 | E6: 3.248897 | F6: 3.246638 | G6: 3.257 | H6: 3.221724 | I6: 3.293657 | J6: 3.347989 | K6: 3.396567 | L6: 3.559023 | M6: 3.396175 | N6: 3.453475 | O6: 3.44857 | P6: 3.55817 | Q6: 3.50267 | R6: 3.2477 | S6: 3.0659 | T6: 3.0366 | U6: 3.017 | V6: 2.9685 | W6: 2.895 | X6: 2.8401 | Y6: 2.8831 | Z6: 2.9159 | AA6: 2.9613 | AB6: 3.0065 | AC6: 3.4149 | AD6: 3.5279 | AE6: 3.5348 | AF6: 3.4832 | AG6: 3.007091 | AH6: 3.574067 | AI6: 3.880173 | AJ6: 4.205419 | AK6: 3.982899 | AL6: 3.608599 | AM6: 3.586183 | AN6: 3.626611 | AO6: 3.973026 | AP6: 3.797744 | AQ6: 4.0524 | AR6: 4.585654 | AS6: 5.000968 | AT6: 5.513234 | AU6: 6.594528 | AV6: 6.945744 | AW6: 6.908741 | AX6: 7.661619 | AY6: 6.304829 | AZ6: 9.007867 | BA6: 9.209633 | BB6: 10.425454 | BC6: 7.302954 | BD6: 10.696133 | BE6: 9.95105 | BF6: 10.028192 | BG6: 12.256618 | BH6: 12.575325 | BI6: 12.340178 | BJ6: 12.156901 | BK6: 12.405009 | BL6: 12.464356
A7: 8 | B7: '028 | C7: Antigua and Barbuda | D7: 0.011012 | E7: 0.010411 | F7: 0.010855 | G7: 0.009388 | H7: 0.007386 | I7: 0.003526 | J7: 0.003569 | K7: 0.001355 | L7: 0.002818 | M7: 0.003194 | N7: 0.008464 | O7: 0.001408 | P7: 0.001148 | Q7: 0.000764 | R7: 0.000773 | S7: 0.000951 | T7: 0.000716 | U7: 0.000869 | V7: 0.00114 | W7: 0.001063 | X7: 0.001136 | Y7: 0.001087 | Z7: 0.000886 | AA7: 0.000714 | AB7: 0.00421 | AC7: 0.004152 | AD7: 0.004264 | AE7: 0.004382 | AF7: 0.004068 | AG7: 0.003847 | AH7: 0.006108 | AI7: 0.006228 | AJ7: 0.006183 | AK7: 0.006176 | AL7: 0.005604 | AM7: 0.005698 | AN7: 0.005775 | AO7: 0.005748 | AP7: 0.005832 | AQ7: 0.00603 | AR7: 0.006001 | AS7: 0.006364 | AT7: 0.006692 | AU7: 0.006837 | AV7: 0.006014 | AW7: 0.006238 | AX7: 0.00647 | AY7: 0.006619 | AZ7: 0.006715 | BA7: 0.00687 | BB7: 0.006915 | BC7: 0.006602 | BD7: 0.006593 | BE7: 0.006572 | BF7: 0.006638 | BG7: 0.006478 | BH7: 0.006237 | BI7: 0.006079 | BJ7: 0.005973 | BK7: 0.005733 | BL7: 0.006094
A8: 9 | B8: '032 | C8: Argentina | D8: 25.314554 | E8: 22.530842 | F8: 27.849174 | G8: 29.496232 | H8: 25.002891 | I8: 27.18808 | J8: 29.171299 | K8: 29.242528 | L8: 28.727747 | M8: 27.50735 | N8: 29.788684 | O8: 28.170517 | P8: 28.422198 | Q8: 28.274081 | R8: 28.848048 | S8: 31.610761 | T8: 27.27266 | U8: 30.69887 | V8: 30.082827 | W8: 29.029615 | X8: 32.424637 | Y8: 36.48896 | Z8: 35.964428 | AA8: 34.243211 | AB8: 33.105144 | AC8: 31.093689 | AD8: 28.910946 | AE8: 28.583308 | AF8: 27.27883 | AG8: 28.890194 | AH8: 47.615078 | AI8: 47.129822 | AJ8: 43.510446 | AK8: 46.743649 | AL8: 51.61278 | AM8: 53.61204 | AN8: 60.59014 | AO8: 60.447507 | AP8: 63.086211 | AQ8: 63.6956 | AR8: 64.222114 | AS8: 66.367944 | AT8: 68.11449 | AU8: 71.779567 | AV8: 73.944018 | AW8: 74.599204 | AX8: 80.537725 | AY8: 84.306284 | AZ8: 77.776228 | BA8: 81.425679 | BB8: 90.850569 | BC8: 88.499057 | BD8: 90.736303 | BE8: 90.088102 | BF8: 93.516935 | BG8: 93.038929 | BH8: 92.125701 | BI8: 91.11152 | BJ8: 92.762084 | BK8: 95.159328 | BL8: 95.42235
A9: 10 | B9: '036 | C9: Australia | D9: 17.820915 | E9: 19.264129 | F9: 19.399336 | G9: 20.708313 | H9: 20.748558 | I9: 24.158353 | J9: 24.927578 | K9: 29.436834 | L9: 26.78675 | M9: 22.497741 | N9: 24.863225 | O9: 24.807914 | P9: 27.357289 | Q9: 25.173011 | R9: 26.912875 | S9: 27.596543 | T9: 30.893882 | U9: 31.801524 | V9: 32.811856 | W9: 33.083711 | X9: 35.918398 | Y9: 34.60363 | Z9: 40.368844 | AA9: 38.861055 | AB9: 38.025647 | AC9: 35.847808 | AD9: 32.652757 | AE9: 31.653625 | AF9: 31.110856 | AG9: 31.36389 | AH9: 33.679176 | AI9: 30.889746 | AJ9: 33.196307 | AK9: 35.451338 | AL9: 32.956236 | AM9: 37.868377 | AN9: 42.84067 | AO9: 42.502697 | AP9: 46.63086 | AQ9: 48.149855 | AR9: 48.174382 | AS9: 46.858093 | AT9: 44.610551 | AU9: 50.088676 | AV9: 51.343444 | AW9: 48.462413 | AX9: 45.351812 | AY9: 49.421841 | AZ9: 52.638987 | BA9: 52.678411 | BB9: 52.201912 | BC9: 54.109123 | BD9: 53.336633 | BE9: 50.705 | BF9: 51.387955 | BG9: 48.634577 | BH9: 55.27951 | BI9: 52.442054 | BJ9: 46.420916 | BK9: 43.933647 | BL9: 55.798345
A10: 11 | B10: '040 | C10: Austria | D10: 2.350618 | E10: 2.354237 | F10: 2.338705 | G10: 2.355749 | H10: 2.257076 | I10: 2.332565 | J10: 2.323879 | K10: 2.336605 | L10: 2.389996 | M10: 2.384104 | N10: 2.384159 | O10: 2.40613 | P10: 2.387477 | Q10: 2.400034 | R10: 2.37835 | S10: 2.448059 | T10: 2.436637 | U10: 2.469401 | V10: 2.509165 | W10: 2.530671 | X10: 2.50944 | Y10: 2.504649 | Z10: 2.479836 | AA10: 2.469487 | AB10: 2.554286 | AC10: 2.53766 | AD10: 2.495912 | AE10: 2.44466 | AF10: 2.431202 | AG10: 2.441981 | AH10: 2.567892 | AI10: 2.563349 | AJ10: 2.551296 | AK10: 2.552986 | AL10: 2.417596 | AM10: 2.39999 | AN10: 2.44915 | AO10: 2.452417 | AP10: 2.415751 | AQ10: 2.371423 | AR10: 2.374817 | AS10: 2.350729 | AT10: 2.320124 | AU10: 2.312124 | AV10: 2.302865 | AW10: 2.305269 | AX10: 2.34031 | AY10: 2.394139 | AZ10: 2.40636 | BA10: 2.396224 | BB10: 2.378773 | BC10: 2.368593 | BD10: 2.31416 | BE10: 2.372821 | BF10: 2.328966 | BG10: 2.347122 | BH10: 2.342042 | BI10: 2.0159 | BJ10: 1.99837 | BK10: 1.98175 | BL10: 1.97486
A11: 12 | B11: '044 | C11: Bahamas | D11: 0.005286 | E11: 0.005534 | F11: 0.005786 | G11: 0.006054 | H11: 0.006286 | I11: 0.007384 | J11: 0.008154 | K11: 0.008094 | L11: 0.007684 | M11: 0.008708 | N11: 0.00746 | O11: 0.010048 | P11: 0.01005 | Q11: 0.010342 | R11: 0.011206 | S11: 0.011758 | T11: 0.011628 | U11: 0.01111 | V11: 0.011262 | W11: 0.011128 | X11: 0.011724 | Y11: 0.01163 | Z11: 0.011228 | AA11: 0.011706 | AB11: 0.0137 | AC11: 0.013306 | AD11: 0.013152 | AE11: 0.013611 | AF11: 0.013932 | AG11: 0.013986 | AH11: 0.013332 | AI11: 0.012395 | AJ11: 0.012128 | AK11: 0.012005 | AL11: 0.01237 | AM11: 0.012362 | AN11: 0.012806 | AO11: 0.012566 | AP11: 0.013104 | AQ11: 0.014546 | AR11: 0.01547 | AS11: 0.014122 | AT11: 0.014236 | AU11: 0.01474 | AV11: 0.014632 | AW11: 0.0156 | AX11: 0.015687 | AY11: 0.015546 | AZ11: 0.015073 | BA11: 0.017741 | BB11: 0.018053 | BC11: 0.018796 | BD11: 0.018312 | BE11: 0.019344 | BF11: 0.019608 | BG11: 0.019624 | BH11: 0.019793 | BI11: 0.020002 | BJ11: 0.020126 | BK11: 0.02035 | BL11: 0.020524
A12: 13 | B12: '048 | C12: Bahrain | D12: 0.004376 | E12: 0.004486 | F12: 0.004536 | G12: 0.004536 | H12: 0.004555 | I12: 0.00423 | J12: 0.004253 | K12: 0.004262 | L12: 0.004294 | M12: 0.004345 | N12: 0.004377 | O12: 0.004438 | P12: 0.004503 | Q12: 0.004765 | R12: 0.006248 | S12: 0.007928 | T12: 0.009791 | U12: 0.010058 | V12: 0.010151 | W12: 0.010251 | X12: 0.005676 | Y12: 0.004513 | Z12: 0.004644 | AA12: 0.004674 | AB12: 0.005477 | AC12: 0.005803 | AD12: 0.006338 | AE12: 0.006383 | AF12: 0.006434 | AG12: 0.00511 | AH12: 0.004981 | AI12: 0.00512 | AJ12: 0.005325 | AK12: 0.005376 | AL12: 0.005413 | AM12: 0.005404 | AN12: 0.00535 | AO12: 0.005559 | AP12: 0.005119 | AQ12: 0.005163 | AR12: 0.004858 | AS12: 0.006427 | AT12: 0.006496 | AU12: 0.006294 | AV12: 0.005936 | AW12: 0.007392 | AX12: 0.007305 | AY12: 0.006075 | AZ12: 0.006172 | BA12: 0.006473 | BB12: 0.007597 | BC12: 0.008374 | BD12: 0.009097 | BE12: 0.009939 | BF12: 0.009473 | BG12: 0.009912 | BH12: 0.007725 | BI12: 0.007719 | BJ12: 0.007817 | BK12: 0.007877 | BL12: 0.007898
A13: 14 | B13: '052 | C13: Barbados | D13: 0.046812 | E13: 0.046626 | F13: 0.04441 | G13: 0.047956 | H13: 0.048092 | I13: 0.048016 | J13: 0.049036 | K13: 0.04893 | L13: 0.04762 | M13: 0.047762 | N13: 0.047284 | O13: 0.043676 | P13: 0.044228 | Q13: 0.039412 | R13: 0.038832 | S13: 0.037886 | T13: 0.038396 | U13: 0.039402 | V13: 0.039478 | W13: 0.04141 | X13: 0.040284 | Y13: 0.040642 | Z13: 0.03784 | AA13: 0.035468 | AB13: 0.035022 | AC13: 0.035108 | AD13: 0.033624 | AE13: 0.030536 | AF13: 0.030056 | AG13: 0.028933 | AH13: 0.028683 | AI13: 0.026171 | AJ13: 0.02365 | AK13: 0.027764 | AL13: 0.026324 | AM13: 0.027125 | AN13: 0.025473 | AO13: 0.02409 | AP13: 0.022587 | AQ13: 0.023358 | AR13: 0.022483 | AS13: 0.021577 | AT13: 0.021256 | AU13: 0.019739 | AV13: 0.020207 | AW13: 0.019673 | AX13: 0.018968 | AY13: 0.019714 | AZ13: 0.01956 | BA13: 0.016731 | BB13: 0.016519 | BC13: 0.015629 | BD13: 0.01441 | BE13: 0.013505 | BF13: 0.011994 | BG13: 0.009106 | BH13: 0.011208 | BI13: 0.012278 | BJ13: 0.012369 | BK13: 0.010585 | BL13: 0.009257
A14: 15 | B14: '058 | C14: Belgium-Luxembourg | D14: 1.486415 | E14: 1.475185 | F14: 1.420987 | G14: 1.42972 | H14: 1.419874 | I14: 1.500726 | J14: 1.471975 | K14: 1.468307 | L14: 1.451695 | M14: 1.414483 | N14: 1.408026 | O14: 1.416715 | P14: 1.409668 | Q14: 1.371242 | R14: 1.327795 | S14: 1.314685 | T14: 1.297222 | U14: 1.313405 | V14: 1.299947 | W14: 1.27622 | X14: 1.256606 | Y14: 1.257011 | Z14: 1.221793 | AA14: 1.244917 | AB14: 1.231231 | AC14: 1.224669 | AD14: 1.211898 | AE14: 1.232069 | AF14: 1.229596 | AG14: 1.203634 | AH14: 1.215914 | AI14: 1.210653 | AJ14: 1.191284 | AK14: 1.162744 | AL14: 1.170923 | AM14: 1.164 | AN14: 1.16292 | AO14: 1.238409 | AP14: 1.191652
A15: 16 | B15: '050 | C15: Bangladesh | D15: 20.466749 | E15: 20.812562 | F15: 21.461093 | G15: 21.872808 | H15: 22.341619 | I15: 21.827772 | J15: 23.720076 | K15: 23.41834 | L15: 24.883088 | M15: 24.021363 | N15: 22.59994 | O15: 23.479265 | P15: 24.07651 | Q15: 23.796421 | R15: 25.037441 | S15: 24.549012 | T15: 25.132695 | U15: 25.411867 | V15: 25.668426 | W15: 26.21336 | X15: 26.802315 | Y15: 26.811727 | Z15: 25.284245 | AA15: 26.300693 | AB15: 27.205696 | AC15: 27.360935 | AD15: 26.47954 | AE15: 26.10302 | AF15: 26.592873 | AG15: 26.624419 | AH15: 28.088376 | AI15: 27.900845 | AJ15: 27.219028 | AK15: 27.426707 | AL15: 27.408014 | AM15: 28.046439 | AN15: 28.308796 | AO15: 27.900599 | AP15: 29.211178 | AQ15: 28.892006 | AR15: 28.500034 | AS15: 28.604715 | AT15: 28.356279 | AU15: 27.404783 | AV15: 28.277628 | AW15: 28.361124 | AX15: 28.350717 | AY15: 29.925943 | AZ15: 29.893178 | BA15: 30.408889 | BB15: 31.133768 | BC15: 31.157896 | BD15: 31.340799 | BE15: 31.790911 | BF15: 32.025014 | BG15: 31.215274 | BH15: 33.000802 | BI15: 32.546824 | BJ15: 32.772151 | BK15: 32.807918 | BL15: 33.90826
A16: 18 | B16: '064 | C16: Bhutan | D16: 0.1726 | E16: 0.177935 | F16: 0.18345 | G16: 0.188185 | H16: 0.192925 | I16: 0.19794 | J16: 0.203569 | K16: 0.21036 | L16: 0.21513 | M16: 0.220105 | N16: 0.225415 | O16: 0.230285 | P16: 0.235415 | Q16: 0.240485 | R16: 0.244868 | S16: 0.250598 | T16: 0.25505 | U16: 0.2612 | V16: 0.26906 | W16: 0.27856 | X16: 0.283755 | Y16: 0.290926 | Z16: 0.30369 | AA16: 0.317341 | AB16: 0.30743 | AC16: 0.308725 | AD16: 0.314615 | AE16: 0.250358 | AF16: 0.252835 | AG16: 0.260581 | AH16: 0.277041 | AI16: 0.273631 | AJ16: 0.283962 | AK16: 0.285562 | AL16: 0.296132 | AM16: 0.29468 | AN16: 0.287307 | AO16: 0.279943 | AP16: 0.265962 | AQ16: 0.213471 | AR16: 0.228683 | AS16: 0.190902 | AT16: 0.178393 | AU16: 0.160539 | AV16: 0.26052 | AW16: 0.27159 | AX16: 0.294554 | AY16: 0.212944 | AZ16: 0.206018 | BA16: 0.186007 | BB16: 0.228921 | BC16: 0.187321 | BD16: 0.182446 | BE16: 0.178202 | BF16: 0.161313 | BG16: 0.178507 | BH16: 0.188817 | BI16: 0.135873 | BJ16: 0.128841 | BK16: 0.122855 | BL16: 0.097688
A17: 19 | B17: '068 | C17: Bolivia (Plurinational State of) | D17: 1.408808 | E17: 1.448998 | F17: 1.550282 | G17: 1.571153 | H17: 1.49723 | I17: 1.519199 | J17: 1.439191 | K17: 1.538384 | L17: 1.562554 | M17: 1.55228 | N17: 1.58156 | O17: 1.652255 | P17: 1.724517 | Q17: 1.780585 | R17: 1.913905 | S17: 1.962315 | T17: 2.011992 | U17: 1.99214 | V17: 2.034059 | W17: 2.11684 | X17: 2.195645 | Y17: 2.119631 | Z17: 1.737409 | AA17: 2.391031 | AB17: 2.681898 | AC17: 2.505733 | AD17: 2.483789 | AE17: 2.453535 | AF17: 2.450785 | AG17: 2.416507 | AH17: 3.163746 | AI17: 3.350094 | AJ17: 3.363095 | AK17: 3.588726 | AL17: 4.087967 | AM17: 4.314265 | AN17: 4.638784 | AO17: 5.175888 | AP17: 5.207563 | AQ17: 4.958958 | AR17: 4.959767 | AS17: 5.24118 | AT17: 5.071243 | AU17: 5.572299 | AV17: 6.229739 | AW17: 6.316289 | AX17: 6.610748 | AY17: 6.326121 | AZ17: 7.228867 | BA17: 7.252673 | BB17: 7.62285 | BC17: 8.155123 | BD17: 8.854594 | BE17: 8.616343 | BF17: 8.57009 | BG17: 8.713994 | BH17: 8.32927 | BI17: 9.020061 | BJ17: 9.195062 | BK17: 9.211062 | BL17: 9.537572
A18: 20 | B18: '072 | C18: Botswana | D18: 0.433431 | E18: 0.160082 | F18: 0.1591 | G18: 0.145367 | H18: 0.13101 | I18: 0.223336 | J18: 0.477535 | K18: 0.264393 | L18: 0.389815 | M18: 0.430959 | N18: 0.509558 | O18: 0.245878 | P18: 0.32926 | Q18: 0.3995 | R18: 0.39153 | S18: 0.47496 | T18: 0.44935 | U18: 0.35078 | V18: 0.24108 | W18: 0.48368 | X18: 0.48718 | Y18: 0.223971 | Z18: 0.21461 | AA18: 0.21661 | AB18: 0.29531 | AC18: 0.32631 | AD18: 0.34381 | AE18: 0.66541 | AF18: 0.62731 | AG18: 0.505857 | AH18: 0.333503 | AI18: 0.212895 | AJ18: 0.277805 | AK18: 0.556168 | AL18: 0.334364 | AM18: 0.621594 | AN18: 0.397573 | AO18: 0.195118 | AP18: 0.260777 | AQ18: 0.39758 | AR18: 0.163763 | AS18: 0.272908 | AT18: 0.134999 | AU18: 0.270075 | AV18: 0.241391 | AW18: 0.294312 | AX18: 0.144784 | AY18: 0.29202 | AZ18: 0.389633 | BA18: 0.361522 | BB18: 0.444209 | BC18: 0.27802 | BD18: 0.256831 | BE18: 0.41811 | BF18: 0.161382 | BG18: 0.281949 | BH18: 0.216183 | BI18: 0.41208 | BJ18: 0.213928 | BK18: 0.449045 | BL18: 0.363788
A19: 21 | B19: '076 | C19: Brazil | D19: 44.768595 | E19: 46.679628 | F19: 49.694648 | G19: 51.039987 | H19: 54.23886 | I19: 52.467211 | J19: 57.034237 | K19: 58.516006 | L19: 60.196828 | M19: 62.488098 | N19: 65.904066 | O19: 65.81669 | P19: 66.211848 | Q19: 70.351265 | R19: 73.462418 | S19: 77.031632 | T19: 80.099707 | U19: 78.610629 | V19: 80.596253 | W19: 82.839069 | X19: 81.581083 | Y19: 87.334209 | Z19: 76.056117 | AA19: 83.357098 | AB19: 86.091948 | AC19: 91.149386 | AD19: 92.229856 | AE19: 94.151763 | AF19: 92.55963 | AG19: 85.404003 | AH19: 114.25664 | AI19: 114.56 | AJ19: 105.98232 | AK19: 116.79722 | AL19: 116.00853 | AM19: 103.48578 | AN19: 108.1531 | AO19: 108.78433 | AP19: 112.61616 | AQ19: 115.79277 | AR19: 116.41605 | AS19: 124.27164 | AT19: 135.31566 | AU19: 147.80937 | AV19: 150.77521 | AW19: 146.51454 | AX19: 146.25759 | AY19: 152.84387 | AZ19: 152.78891 | BA19: 154.36711 | BB19: 161.61557 | BC19: 162.70504 | BD19: 172.54028 | BE19: 183.44254 | BF19: 186.13083 | BG19: 185.77091 | BH19: 191.90927 | BI19: 192.57192 | BJ19: 200.41835 | BK19: 206.56506 | BL19: 213.45743
A20: 23 | B20: '084 | C20: Belize | D20: 0.033813 | E20: 0.027536 | F20: 0.030372 | G20: 0.037183 | H20: 0.041694 | I20: 0.046137 | J20: 0.053791 | K20: 0.065584 | L20: 0.059613 | M20: 0.067309 | N20: 0.068429 | O20: 0.073182 | P20: 0.069399 | Q20: 0.081291 | R20: 0.089659 | S20: 0.09489 | T20: 0.09219 | U20: 0.092128 | V20: 0.089704 | W20: 0.100647 | X20: 0.104676 | Y20: 0.103779 | Z20: 0.091696 | AA20: 0.095232 | AB20: 0.101982 | AC20: 0.098706 | AD20: 0.112864 | AE20: 0.110584 | AF20: 0.140714 | AG20: 0.145417 | AH20: 0.17072 | AI20: 0.179387 | AJ20: 0.197348 | AK20: 0.146107 | AL20: 0.178249 | AM20: 0.17455 | AN20: 0.193035 | AO20: 0.194863 | AP20: 0.207618 | AQ20: 0.186297 | AR20: 0.178424 | AS20: 0.174315 | AT20: 0.167501 | AU20: 0.17091 | AV20: 0.177393 | AW20: 0.164225 | AX20: 0.181227 | AY20: 0.187323 | AZ20: 0.199765 | BA20: 0.197646 | BB20: 0.200823 | BC20: 0.200518 | BD20: 0.217576 | BE20: 0.212086 | BF20: 0.231215 | BG20: 0.225283 | BH20: 0.235698 | BI20: 0.237089 | BJ20: 0.2368 | BK20: 0.257733 | BL20: 0.253123
A21: 25 | B21: '090 | C21: Solomon Islands | D21: 0.047658 | E21: 0.046838 | F21: 0.048997 | G21: 0.049248 | H21: 0.04944 | I21: 0.047927 | J21: 0.048038 | K21: 0.046625 | L21: 0.052034 | M21: 0.051814 | N21: 0.052942 | O21: 0.051516 | P21: 0.051686 | Q21: 0.052034 | R21: 0.053088 | S21: 0.054757 | T21: 0.058108 | U21: 0.06047 | V21: 0.066826 | W21: 0.068789 | X21: 0.069795 | Y21: 0.067522 | Z21: 0.067818 | AA21: 0.06918 | AB21: 0.072066 | AC21: 0.073188 | AD21: 0.070848 | AE21: 0.074585 | AF21: 0.07273 | AG21: 0.076205 | AH21: 0.158032 | AI21: 0.166587 | AJ21: 0.167204 | AK21: 0.167714 | AL21: 0.170636 | AM21: 0.168233 | AN21: 0.17123 | AO21: 0.171799 | AP21: 0.171401 | AQ21: 0.176814 | AR21: 0.176018 | AS21: 0.179245 | AT21: 0.184435 | AU21: 0.185017 | AV21: 0.221343 | AW21: 0.229099 | AX21: 0.238615 | AY21: 0.233944 | AZ21: 0.24149 | BA21: 0.208524 | BB21: 0.214493 | BC21: 0.217731 | BD21: 0.222211 | BE21: 0.226398 | BF21: 0.228465 | BG21: 0.231588 | BH21: 0.235243 | BI21: 0.238783 | BJ21: 0.241448 | BK21: 0.25492 | BL21: 0.26889
A22: 26 | B22: '096 | C22: Brunei Darussalam | D22: 0.043604 | E22: 0.041109 | F22: 0.034863 | G22: 0.034347 | H22: 0.035334 | I22: 0.036032 | J22: 0.037978 | K22: 0.037692 | L22: 0.035879 | M22: 0.035607 | N22: 0.03373 | O22: 0.016288 | P22: 0.018336 | Q22: 0.020352 | R22: 0.019432 | S22: 0.019431 | T22: 0.016097 | U22: 0.013185 | V22: 0.012658 | W22: 0.015506 | X22: 0.013716 | Y22: 0.013 | Z22: 0.013391 | AA22: 0.021647 | AB22: 0.019082 | AC22: 0.019029 | AD22: 0.019636 | AE22: 0.019437 | AF22: 0.018829 | AG22: 0.019787 | AH22: 0.01912 | AI22: 0.018451 | AJ22: 0.018383 | AK22: 0.019417 | AL22: 0.021884 | AM22: 0.024046 | AN22: 0.024079 | AO22: 0.023454 | AP22: 0.025881 | AQ22: 0.03109 | AR22: 0.031654 | AS22: 0.033418 | AT22: 0.031416 | AU22: 0.030719 | AV22: 0.029743 | AW22: 0.022363 | AX22: 0.021876 | AY22: 0.022943 | AZ22: 0.024413 | BA22: 0.025169 | BB22: 0.025138 | BC22: 0.026181 | BD22: 0.025632 | BE22: 0.025308 | BF22: 0.021741 | BG22: 0.024908 | BH22: 0.024505 | BI22: 0.023487 | BJ22: 0.023946 | BK22: 0.023605 | BL22: 0.023402
A23: 27 | B23: '100 | C23: Bulgaria | D23: 7.056254 | E23: 6.904297 | F23: 6.859493 | G23: 7.025803 | H23: 6.671298 | I23: 6.701604 | J23: 6.424264 | K23: 6.231674 | L23: 6.104398 | M23: 6.114929 | N23: 6.144148 | O23: 6.107033 | P23: 5.833451 | Q23: 5.887777 | R23: 6.182043 | S23: 6.187284 | T23: 6.151173 | U23: 5.898998 | V23: 5.995043 | W23: 5.682175 | X23: 5.791532 | Y23: 5.885008 | Z23: 5.794658 | AA23: 5.652724 | AB23: 5.282922 | AC23: 5.730461 | AD23: 5.442578 | AE23: 5.686597 | AF23: 5.766498 | AG23: 5.549679 | AH23: 6.579796 | AI23: 7.051579 | AJ23: 6.937474 | AK23: 7.091825 | AL23: 7.136939 | AM23: 6.081935 | AN23: 6.475929 | AO23: 6.732876 | AP23: 6.410203 | AQ23: 6.17587 | AR23: 6.307498 | AS23: 6.556211 | AT23: 6.038345 | AU23: 6.242491 | AV23: 5.992438 | AW23: 5.983896 | AX23: 5.613364 | AY23: 6.352828 | AZ23: 6.500289 | BA23: 6.875754 | BB23: 6.923061 | BC23: 6.91796 | BD23: 7.389626 | BE23: 7.306511 | BF23: 7.112176 | BG23: 7.090395 | BH23: 7.163254 | BI23: 5.051857 | BJ23: 5.124921 | BK23: 5.15002 | BL23: 5.16202
A24: 28 | B24: '104 | C24: Myanmar | D24: 11.933715 | E24: 13.109983 | F24: 13.948517 | G24: 14.120862 | H24: 13.998816 | I24: 13.262518 | J24: 13.58269 | K24: 13.777002 | L24: 13.605868 | M24: 13.856716 | N24: 13.989639 | O24: 13.66257 | P24: 14.087748 | Q24: 14.310594 | R24: 14.566235 | S24: 14.301662 | T24: 14.097157 | U24: 14.581686 | V24: 13.93496 | W24: 14.028571 | X24: 14.599453 | Y24: 14.11637 | Z24: 14.647334 | AA24: 14.70562 | AB24: 15.170845 | AC24: 15.154566 | AD24: 14.235498 | AE24: 14.014356 | AF24: 14.229529 | AG24: 14.82928 | AH24: 17.820047 | AI24: 20.08197 | AJ24: 21.007945 | AK24: 22.401968 | AL24: 23.813125 | AM24: 24.100182 | AN24: 22.714 | AO24: 22.920964 | AP24: 27.511848 | AQ24: 29.400552 | AR24: 30.009127 | AS24: 30.736114 | AT24: 31.920128 | AU24: 32.869072 | AV24: 34.3448 | AW24: 37.445153 | AX24: 38.016074 | AY24: 39.785521 | AZ24: 40.330715 | BA24: 40.217824 | BB24: 38.246226 | BC24: 37.010632 | BD24: 37.674574 | BE24: 37.823016 | BF24: 37.964426 | BG24: 37.672834 | BH24: 37.187004 | BI24: 36.858474 | BJ24: 36.43655 | BK24: 35.98474 | BL24: 35.202913
A25: 29 | B25: '108 | C25: Burundi | D25: 1.528426 | E25: 1.506136 | F25: 1.555018 | G25: 1.639295 | H25: 1.673753 | I25: 1.687522 | J25: 1.73619 | K25: 1.767076 | L25: 1.685764 | M25: 1.716609 | N25: 1.740684 | O25: 1.66425 | P25: 1.779996 | Q25: 1.630269 | R25: 1.799049 | S25: 1.81267 | T25: 1.838841 | U25: 1.771792 | V25: 1.831455 | W25: 1.962092 | X25: 1.929046 | Y25: 2.020284 | Z25: 2.017595 | AA25: 1.897244 | AB25: 2.156775 | AC25: 2.231696 | AD25: 2.306802 | AE25: 2.369862 | AF25: 2.198056 | AG25: 2.219662 | AH25: 2.380198 | AI25: 2.420134 | AJ25: 2.38073 | AK25: 2.054851 | AL25: 2.217791 | AM25: 2.256299 | AN25: 2.265022 | AO25: 2.227038 | AP25: 2.170329 | AQ25: 2.118537 | AR25: 2.326695 | AS25: 2.515387 | AT25: 2.352424 | AU25: 2.479124 | AV25: 2.384049 | AW25: 2.377023 | AX25: 2.235349 | AY25: 2.348943 | AZ25: 2.365653 | BA25: 2.495981 | BB25: 2.459679 | BC25: 2.665095 | BD25: 2.670946 | BE25: 2.634585 | BF25: 2.708954 | BG25: 2.968165 | BH25: 3.135152 | BI25: 3.441976 | BJ25: 4.237267 | BK25: 4.328824 | BL25: 3.767048
A26: 32 | B26: '120 | C26: Cameroon | D26: 3.532028 | E26: 3.80317 | F26: 4.017264 | G26: 3.977009 | H26: 3.857372 | I26: 3.944575 | J26: 4.1792 | K26: 4.249594 | L26: 4.447664 | M26: 4.604254 | N26: 4.872977 | O26: 4.753472 | P26: 4.965713 | Q26: 5.222452 | R26: 5.452146 | S26: 5.219595 | T26: 5.249253 | U26: 5.307076 | V26: 5.31543 | W26: 5.308691 | X26: 5.153537 | Y26: 5.493351 | Z26: 5.623191 | AA26: 4.613288 | AB26: 4.997108 | AC26: 5.325711 | AD26: 4.334184 | AE26: 4.770935 | AF26: 4.696286 | AG26: 4.524702 | AH26: 6.210113 | AI26: 6.512095 | AJ26: 6.925937 | AK26: 7.178144 | AL26: 7.511803 | AM26: 7.557629 | AN26: 7.490411 | AO26: 7.890455 | AP26: 6.775485 | AQ26: 7.14303 | AR26: 7.431531 | AS26: 8.197885 | AT26: 8.630128 | AU26: 8.866428 | AV26: 8.722829 | AW26: 9.082314 | AX26: 9.430526 | AY26: 9.674517 | AZ26: 10.837098 | BA26: 11.768393 | BB26: 12.102304 | BC26: 12.476197 | BD26: 12.699782 | BE26: 13.016739 | BF26: 13.828145 | BG26: 14.027765 | BH26: 13.507481 | BI26: 14.009791 | BJ26: 14.151619 | BK26: 14.103481 | BL26: 14.163854
... A40: 50 | B40: '196 | C40: Cyprus | D40: 0.527892 | E40: 0.531381 | F40: 0.544713 | G40: 0.539232 | H40: 0.544677 | I40: 0.543732 | J40: 0.555113 | K40: 0.578765 | L40: 0.572874 | M40: 0.618622 | N40: 0.644156 | O40: 0.618942 | P40: 0.636615 | Q40: 0.605262 | R40: 0.330699 | S40: 0.35119 | T40: 0.351899 | U40: 0.256534 | V40: 0.254364 | W40: 0.260455 | X40: 0.2583 | Y40: 0.263031 | Z40: 0.264937 | AA40: 0.268315 | AB40: 0.249436 | AC40: 0.244761 | AD40: 0.248772 | AE40: 0.256271 | AF40: 0.255436 | AG40: 0.247891 | AH40: 0.234102 | AI40: 0.265632 | AJ40: 0.267864 | AK40: 0.245601 | AL40: 0.246154 | AM40: 0.242301 | AN40: 0.203841 | AO40: 0.235809 | AP40: 0.233319 | AQ40: 0.215936 | AR40: 0.222719 | AS40: 0.225136 | AT40: 0.253767 | AU40: 0.25119 | AV40: 0.229628 | AW40: 0.216253 | AX40: 0.177388 | AY40: 0.158257 | AZ40: 0.154815 | BA40: 0.144285 | BB40: 0.152599 | BC40: 0.152866 | BD40: 0.133967 | BE40: 0.125328 | BF40: 0.139304 | BG40: 0.12084 | BH40: 0.109065 | BI40: 0.105382 | BJ40: 0.103582 | BK40: 0.121134 | BL40: 0.1077
A41: 51 | B41: '200 | C41: Czechoslovakia | D41: 7.12133 | E41: 7.213353 | F41: 7.22195 | G41: 7.30988 | H41: 6.481888 | I41: 7.079724 | J41: 7.021938 | K41: 6.959797 | L41: 6.875653 | M41: 6.735871 | N41: 6.827301 | O41: 6.936736 | P41: 6.927205 | Q41: 6.867855 | R41: 6.894012 | S41: 6.649873 | T41: 6.815633 | U41: 6.726595 | V41: 6.56074 | W41: 6.506017 | X41: 6.520717 | Y41: 6.496879 | Z41: 6.482385 | AA41: 6.433506 | AB41: 6.706343 | AC41: 6.69092 | AD41: 6.673347 | AE41: 6.575116 | AF41: 6.629786 | AG41: 6.476162 | AH41: 7.114591 | AI41: 7.076819
A42: 52 | B42: '031 | C42: Azerbaijan | AI42: 2.820582 | AJ42: 2.913904 | AK42: 2.669981 | AL42: 2.567831 | AM42: 2.596622 | AN42: 2.577505 | AO42: 2.184724 | AP42: 1.850476 | AQ42: 2.208609 | AR42: 2.414343 | AS42: 2.450471 | AT42: 2.405402 | AU42: 2.548814 | AV42: 2.693585 | AW42: 2.614682 | AX42: 2.445705 | AY42: 2.64223 | AZ42: 2.970738 | BA42: 2.7173 | BB42: 2.786916 | BC42: 2.848245 | BD42: 2.914712 | BE42: 2.755104 | BF42: 2.665221 | BG42: 2.893776 | BH42: 3.216802 | BI42: 3.403453 | BJ42: 3.273126 | BK42: 3.091777 | BL42: 3.130217
A43: 53 | B43: '204 | C43: Benin | D43: 1.821325 | E43: 1.896519 | F43: 1.82923 | G43: 1.745827 | H43: 1.732673 | I43: 1.657986 | J43: 1.806657 | K43: 1.758773 | L43: 1.776633 | M43: 1.822032 | N43: 1.671673 | O43: 1.71601 | P43: 1.692623 | Q43: 1.599368 | R43: 1.418742 | S43: 1.439567 | T43: 1.552495 | U43: 1.957063 | V43: 1.917274 | W43: 1.701093 | X43: 1.871772 | Y43: 1.87374 | Z43: 1.946554 | AA43: 2.062376 | AB43: 2.198763 | AC43: 2.191941 | AD43: 2.032526 | AE43: 2.409007 | AF43: 2.40049 | AG43: 2.434801 | AH43: 3.330167 | AI43: 3.239102 | AJ43: 3.420525 | AK43: 3.639805 | AL43: 4.081382 | AM43: 4.665914 | AN43: 5.065186 | AO43: 5.201304 | AP43: 5.283672 | AQ43: 5.345069 | AR43: 5.28678 | AS43: 5.639043 | AT43: 5.473532 | AU43: 5.581836 | AV43: 5.216716 | AW43: 4.975109 | AX43: 5.199849 | AY43: 6.123846 | AZ43: 6.128504 | BA43: 5.989112 | BB43: 5.959603 | BC43: 7.052763 | BD43: 7.632172 | BE43: 7.923103 | BF43: 7.891513 | BG43: 7.827783 | BH43: 8.599725 | BI43: 9.80934 | BJ43: 10.209046 | BK43: 9.650929 | BL43: 10.324299
A44: 54 | B44: '208 | C44: Denmark | D44: 3.383094 | E44: 3.391456 | F44: 3.483647 | G44: 3.490639 | H44: 3.466791 | I44: 3.467778 | J44: 3.528979 | K44: 3.6205 | L44: 3.671419 | M44: 3.740774 | N44: 3.774146 | O44: 3.804078 | P44: 3.799038 | Q44: 3.760623 | R44: 3.777433 | S44: 3.888745 | T44: 3.962559 | U44: 3.997735 | V44: 4.012754 | W44: 3.985265 | X44: 3.965451 | Y44: 3.958458 | Z44: 3.83993 | AA44: 3.932756 | AB44: 3.92831 | AC44: 3.923847 | AD44: 3.890515 | AE44: 3.911088 | AF44: 3.843862 | AG44: 3.891746 | AH44: 4.427723 | AI44: 4.259493 | AJ44: 3.89511 | AK44: 3.788645 | AL44: 3.780253 | AM44: 3.779387 | AN44: 3.834712 | AO44: 3.876835 | AP44: 3.851075 | AQ44: 3.645488 | AR44: 3.606615 | AS44: 3.613651 | AT44: 3.555776 | AU44: 3.611154 | AV44: 3.590809 | AW44: 3.577892 | AX44: 3.64061 | AY44: 3.740957 | AZ44: 3.692293 | BA44: 3.729376 | BB44: 3.66363 | BC44: 3.603117 | BD44: 3.622779 | BE44: 3.606606 | BF44: 3.691307 | BG44: 3.656424 | BH44: 3.67503 | BI44: 3.241 | BJ44: 3.1588 | BK44: 3.1553 | BL44: 3.15508
A45: 55 | B45: '212 | C45: Dominica | D45: 0.013764 | E45: 0.013642 | F45: 0.015774 | G45: 0.017866 | H45: 0.01786 | I45: 0.022148 | J45: 0.01902 | K45: 0.01909 | L45: 0.01924 | M45: 0.01654 | N45: 0.01649 | O45: 0.01683 | P45: 0.01506 | Q45: 0.01728 | R45: 0.017612 | S45: 0.01878 | T45: 0.02003 | U45: 0.02284 | V45: 0.01765 | W45: 0.014326 | X45: 0.015812 | Y45: 0.016146 | Z45: 0.01733 | AA45: 0.016404 | AB45: 0.035208 | AC45: 0.038467 | AD45: 0.043546 | AE45: 0.048005 | AF45: 0.045913 | AG45: 0.040121 | AH45: 0.043898 | AI45: 0.046103 | AJ45: 0.046321 | AK45: 0.043783 | AL45: 0.040254 | AM45: 0.047106 | AN45: 0.049293 | AO45: 0.047014 | AP45: 0.046932 | AQ45: 0.046646 | AR45: 0.04367 | AS45: 0.043756 | AT45: 0.037961 | AU45: 0.040707 | AV45: 0.040859 | AW45: 0.042664 | AX45: 0.043228 | AY45: 0.040221 | AZ45: 0.040392 | BA45: 0.047877 | BB45: 0.040403 | BC45: 0.041746 | BD45: 0.0425 | BE45: 0.044124 | BF45: 0.04825 | BG45: 0.054905 | BH45: 0.049842 | BI45: 0.048963 | BJ45: 0.049214 | BK45: 0.049447 | BL45: 0.049198
A46: 56 | B46: '214 | C46: Dominican Republic | D46: 1.118686 | E46: 1.162035 | F46: 1.081679 | G46: 1.099675 | H46: 1.04889 | I46: 1.130058 | J46: 1.123617 | K46: 1.12029 | L46: 1.242654 | M46: 1.276259 | N46: 1.324504 | O46: 1.33352 | P46: 1.392476 | Q46: 1.412639 | R46: 1.374428 | S46: 1.47869 | T46: 1.460994 | U46: 1.514109 | V46: 1.432493 | W46: 1.468635 | X46: 1.480215 | Y46: 1.450861 | Z46: 1.529272 | AA46: 1.634938 | AB46: 1.697987 | AC46: 1.59287 | AD46: 1.702636 | AE46: 1.705763 | AF46: 1.793632 | AG46: 1.511202 | AH46: 1.696555 | AI46: 1.681599 | AJ46: 1.720265 | AK46: 1.626784 | AL46: 1.780992 | AM46: 1.700746 | AN46: 1.665686 | AO46: 1.705283 | AP46: 1.495778 | AQ46: 1.539845 | AR46: 1.614464 | AS46: 1.588984 | AT46: 1.47675 | AU46: 1.425726 | AV46: 1.482518 | AW46: 1.492035 | AX46: 1.53561 | AY46: 1.494066 | AZ46: 1.585707 | BA46: 1.587524 | BB46: 1.705355 | BC46: 1.606221 | BD46: 1.651325 | BE46: 1.659753 | BF46: 1.641278 | BG46: 1.849436 | BH46: 1.888208 | BI46: 1.964928 | BJ46: 1.976439 | BK46: 1.87543 | BL46: 1.867325
A47: 57 | B47: '112 | C47: Belarus | AI47: 8.1596 | AJ47: 7.942686 | AK47: 7.846768 | AL47: 8.005646 | AM47: 7.791928 | AN47: 7.841134 | AO47: 7.827637 | AP47: 7.676616 | AQ47: 7.688606 | AR47: 7.812356 | AS47: 7.15012 | AT47: 6.685974 | AU47: 7.114337 | AV47: 6.842286 | AW47: 6.919494 | AX47: 7.416303 | AY47: 7.757315 | AZ47: 7.77127 | BA47: 7.538823 | BB47: 7.547531 | BC47: 8.116442 | BD47: 7.698804 | BE47: 7.750281 | BF47: 6.767702 | BG47: 6.616449 | BH47: 7.026346 | BI47: 6.876218 | BJ47: 7.076142 | BK47: 7.216731 | BL47: 7.374936
A48: 58 | B48: '218 | C48: Ecuador | D48: 2.301199 | E48: 2.416153 | F48: 2.523958 | G48: 2.834434 | H48: 3.015287 | I48: 2.945352 | J48: 3.207518 | K48: 3.012869 | L48: 2.943731 | M48: 2.914962 | N48: 2.907298 | O48: 2.87252 | P48: 2.644081 | Q48: 2.752777 | R48: 2.773872 | S48: 2.81597 | T48: 2.655372 | U48: 2.256745 | V48: 2.331498 | W48: 2.469954 | X48: 2.568166 | Y48: 2.477108 | Z48: 2.253349 | AA48: 2.516823 | AB48: 2.603951 | AC48: 3.617545 | AD48: 3.71662 | AE48: 3.685282 | AF48: 3.734422 | AG48: 3.750185 | AH48: 3.664427 | AI48: 4.624638 | AJ48: 4.679002 | AK48: 4.844792 | AL48: 4.80126 | AM48: 4.793458 | AN48: 4.787059 | AO48: 3.998133 | AP48: 4.389343 | AQ48: 4.670825 | AR48: 4.638365 | AS48: 4.576796 | AT48: 4.518649 | AU48: 4.659356 | AV48: 4.458538 | AW48: 4.304748 | AX48: 4.431982 | AY48: 4.337492 | AZ48: 4.691991 | BA48: 4.730171 | BB48: 4.901556 | BC48: 4.623276 | BD48: 4.782386 | BE48: 4.626594 | BF48: 4.644608 | BG48: 4.271342 | BH48: 4.376386 | BI48: 4.084911 | BJ48: 4.04716 | BK48: 4.120303 | BL48: 4.120736
A49: 59 | B49: '818 | C49: Egypt | D49: 5.539922 | E49: 5.992354 | F49: 6.0023 | G49: 6.001058 | H49: 5.57697 | I49: 5.943839 | J49: 5.899256 | K49: 6.25079 | L49: 6.134587 | M49: 6.079796 | N49: 6.076379 | O49: 6.115174 | P49: 6.123355 | Q49: 6.327365 | R49: 6.43252 | S49: 6.585958 | T49: 6.347695 | U49: 6.477155 | V49: 6.53792 | W49: 6.477126 | X49: 6.473678 | Y49: 6.547526 | Z49: 6.543545 | AA49: 6.428972 | AB49: 6.480207 | AC49: 6.617655 | AD49: 6.754023 | AE49: 6.886682 | AF49: 7.109388 | AG49: 7.42195 | AH49: 9.093305 | AI49: 9.246403 | AJ49: 9.375146 | AK49: 9.220495 | AL49: 9.768194 | AM49: 9.823004 | AN49: 10.064945 | AO49: 9.91858 | AP49: 10.059534 | AQ49: 9.981298 | AR49: 10.075828 | AS49: 10.249043 | AT49: 10.120284 | AU49: 10.470125 | AV49: 10.898997 | AW49: 10.951954 | AX49: 11.017588 | AY49: 10.988398 | AZ49: 11.143748 | BA49: 10.943933 | BB49: 11.312961 | BC49: 11.53557 | BD49: 11.490885 | BE49: 11.802537 | BF49: 11.681028 | BG49: 11.302433 | BH49: 11.290889 | BI49: 10.340002 | BJ49: 12.352175 | BK49: 11.715572 | BL49: 11.466268
A50: 60 | B50: '222 | C50: El Salvador | D50: 0.923237 | E50: 0.981845 | F50: 0.930695 | G50: 0.92718 | H50: 1.040074 | I50: 1.062585 | J50: 1.010587 | K50: 1.022078 | L50: 0.990156 | M50: 1.055736 | N50: 1.12378 | O50: 1.128726 | P50: 1.109858 | Q50: 1.181711 | R50: 1.291108 | S50: 1.226219 | T50: 1.267591 | U50: 1.338063 | V50: 1.40743 | W50: 1.384982 | X50: 1.276629 | Y50: 1.232883 | Z50: 1.224908 | AA50: 1.238759 | AB50: 1.279827 | AC50: 1.290807 | AD50: 1.326751 | AE50: 1.325941 | AF50: 1.290561 | AG50: 1.357265 | AH50: 1.565805 | AI50: 1.605573 | AJ50: 1.529696 | AK50: 1.511089 | AL50: 1.440109 | AM50: 1.404385 | AN50: 1.527581 | AO50: 1.463531 | AP50: 1.388801 | AQ50: 1.336465 | AR50: 1.4114 | AS50: 1.229456 | AT50: 1.226691 | AU50: 1.250213 | AV50: 1.262849 | AW50: 1.260104 | AX50: 1.241855 | AY50: 1.376923 | AZ50: 1.368013 | BA50: 1.333368 | BB50: 1.35579 | BC50: 1.455987 | BD50: 1.433724 | BE50: 1.474173 | BF50: 1.402876 | BG50: 1.452028 | BH50: 1.327601 | BI50: 1.305737 | BJ50: 1.282314 | BK50: 1.280037 | BL50: 1.372546
A51: 61 | B51: '226 | C51: Equatorial Guinea | D51: 0.1519 | E51: 0.1534 | F51: 0.1465 | G51: 0.147 | H51: 0.1465 | I51: 0.1506 | J51: 0.1536 | K51: 0.17 | L51: 0.16 | M51: 0.16 | N51: 0.1622 | O51: 0.1404 | P51: 0.1364 | Q51: 0.1349 | R51: 0.1354 | S51: 0.1349 | T51: 0.1339 | U51: 0.1359 | V51: 0.1359 | W51: 0.1378 | X51: 0.1379 | Y51: 0.1434 | Z51: 0.1407 | AA51: 0.145 | AB51: 0.15 | AC51: 0.1522 | AD51: 0.1542 | AE51: 0.1542 | AF51: 0.1543 | AG51: 0.16304 | AH51: 0.186761 | AI51: 0.197606 | AJ51: 0.168571 | AK51: 0.182752 | AL51: 0.171517 | AM51: 0.178275 | AN51: 0.179541 | AO51: 0.165717 | AP51: 0.175477 | AQ51: 0.176349 | AR51: 0.175601 | AS51: 0.158955 | AT51: 0.166097 | AU51: 0.173297 | AV51: 0.174241 | AW51: 0.16682 | AX51: 0.175192 | AY51: 0.17195 | AZ51: 0.164817 | BA51: 0.167347 | BB51: 0.167876 | BC51: 0.16564 | BD51: 0.167043 | BE51: 0.169458 | BF51: 0.17414 | BG51: 0.173832 | BH51: 0.176139 | BI51: 0.179075 | BJ51: 0.180216 | BK51: 0.180272 | BL51: 0.176752
A52: 62 | B52: '230 | C52: Ethiopia PDR | D52: 15.3472 | E52: 15.997 | F52: 16.13466 | G52: 16.25713 | H52: 16.45285 | I52: 16.64235 | J52: 16.838 | K52: 17.08377 | L52: 17.30757 | M52: 17.5468 | N52: 17.80843 | O52: 17.31906 | P52: 15.12795 | Q52: 15.124068 | R52: 13.35915 | S52: 12.866914 | T52: 12.544456 | U52: 12.90558 | V52: 13.329593 | W52: 14.549527 | X52: 13.693152 | Y52: 13.707481 | Z52: 14.480622 | AA52: 13.695333 | AB52: 14.109978 | AC52: 14.333262 | AD52: 14.060797 | AE52: 14.531458 | AF52: 14.079212 | AG52: 14.316497 | AH52: 14.945415 | AI52: 14.673054
A53: 63 | B53: '233 | C53: Estonia | AI53: 0.997142 | AJ53: 0.877136 | AK53: 0.766058 | AL53: 0.743041 | AM53: 0.718177 | AN53: 0.798362 | AO53: 0.872414 | AP53: 0.814241 | AQ53: 0.846414 | AR53: 0.727254 | AS53: 0.695834 | AT53: 0.746735 | AU53: 0.753735 | AV53: 0.771663 | AW53: 0.805935 | AX53: 0.862984 | AY53: 0.901149 | AZ53: 0.930353 | BA53: 0.899341 | BB53: 0.917344 | BC53: 0.899945 | BD53: 0.940615 | BE53: 0.976407 | BF53: 1.00775 | BG53: 1.054956 | BH53: 1.046196 | BI53: 0.88493 | BJ53: 0.90679 | BK53: 0.93069 | BL53: 0.93022
A54: 64 | B54: '234 | C54: Faroe Islands | D54: 0.00027 | E54: 0.000238 | F54: 0.00026 | G54: 0.000248 | H54: 0.000222 | I54: 0.000202 | J54: 0.000202 | K54: 0.000192 | L54: 0.00018 | M54: 0.000196 | N54: 0.000194 | O54: 0.000188 | P54: 0.000166 | Q54: 0.000138 | R54: 0.000154 | S54: 0.00019 | T54: 0.00019 | U54: 0.00019 | V54: 0.00019 | W54: 0.00019 | X54: 0.00019 | Y54: 0.00019 | Z54: 0.000194 | AA54: 0.000198 | AB54: 0.000204 | AC54: 0.000206 | AD54: 0.000206 | AE54: 0.000208 | AF54: 0.00021 | AG54: 0.000212 | AH54: 0.000214 | AI54: 0.00022 | AJ54: 0.000218 | AK54: 0.000218 | AL54: 0.000218 | AM54: 0.000218 | AN54: 0.000218 | AO54: 0.000216 | AP54: 0.000214 | AQ54: 0.000214 | AR54: 0.000212 | AS54: 0.00021 | AT54: 0.000208 | AU54: 0.000206 | AV54: 0.000204 | AW54: 0.000204 | AX54: 0.0002 | AY54: 0.000202 | AZ54: 0.000202 | BA54: 0.0002 | BB54: 0.000206 | BC54: 0.00021 | BD54: 0.00022 | BE54: 0.000232 | BF54: 0.000194 | BG54: 0.000206 | BH54: 0.000206 | BI54: 0.000206 | BJ54: 0.000206 | BK54: 0.000206 | BL54: 0.000206
A55: 66 | B55: '242 | C55: Fiji | D55: 0.136687 | E55: 0.137459 | F55: 0.136695 | G55: 0.1433 | H55: 0.14338 | I55: 0.142852 | J55: 0.147525 | K55: 0.15757 | L55: 0.156712 | M55: 0.15232 | N55: 0.139661 | O55: 0.12668 | P55: 0.123939 | Q55: 0.12415 | R55: 0.127267 | S55: 0.127595 | T55: 0.138076 | U55: 0.141125 | V55: 0.157371 | W55: 0.168374 | X55: 0.167036 | Y55: 0.176015 | Z55: 0.160119 | AA55: 0.18806 | AB55: 0.255971 | AC55: 0.251896 | AD55: 0.245446 | AE55: 0.228887 | AF55: 0.234387 | AG55: 0.274536 | AH55: 0.362849 | AI55: 0.388518 | AJ55: 0.391194 | AK55: 0.395316 | AL55: 0.385783 | AM55: 0.391203 | AN55: 0.392357 | AO55: 0.356069 | AP55: 0.33313 | AQ55: 0.329657 | AR55: 0.371312 | AS55: 0.370558 | AT55: 0.350372 | AU55: 0.361585 | AV55: 0.35611 | AW55: 0.357729 | AX55: 0.350836 | AY55: 0.363817 | AZ55: 0.331722 | BA55: 0.149704 | BB55: 0.169521 | BC55: 0.133929 | BD55: 0.157198 | BE55: 0.157116 | BF55: 0.134534 | BG55: 0.126451 | BH55: 0.12776 | BI55: 0.125719 | BJ55: 0.129338 | BK55: 0.146474 | BL55: 0.139302
A56: 67 | B56: '246 | C56: Finland | D56: 2.273177 | E56: 2.326124 | F56: 2.317982 | G56: 2.452346 | H56: 2.465602 | I56: 2.449456 | J56: 2.543002 | K56: 2.559434 | L56: 2.473292 | M56: 2.562174 | N56: 2.574898 | O56: 2.607998 | P56: 2.654446 | Q56: 2.789878 | R56: 2.804306 | S56: 2.914866 | T56: 2.58806 | U56: 2.677194 | V56: 2.686984 | W56: 2.565448 | X56: 2.550484 | Y56: 2.577528 | Z56: 2.690404 | AA56: 2.62089 | AB56: 2.737412 | AC56: 2.637678 | AD56: 2.526032 | AE56: 2.694592 | AF56: 2.642762 | AG56: 2.665808 | AH56: 2.412402 | AI56: 2.238154 | AJ56: 2.249348 | AK56: 2.279042 | AL56: 2.396026 | AM56: 2.530708 | AN56: 2.603056 | AO56: 2.686584 | AP56: 2.636298 | AQ56: 2.679132 | AR56: 2.708016 | AS56: 2.758506 | AT56: 2.767128 | AU56: 2.612108 | AV56: 2.761632 | AW56: 2.76941 | AX56: 2.659376 | AY56: 2.697298 | AZ56: 2.631742 | BA56: 2.505396 | BB56: 2.477064 | BC56: 2.349342 | BD56: 2.470692 | BE56: 2.480318 | BF56: 2.329496 | BG56: 2.29727 | BH56: 2.005316 | BI56: 2.02812 | BJ56: 2.08122 | BK56: 2.09778 | BL56: 2.0991
A57: 68 | B57: '250 | C57: France | D57: 25.872028 | E57: 26.377586 | F57: 25.946327 | G57: 25.807212 | H57: 25.769162 | I57: 25.086835 | J57: 25.225676 | K57: 25.248904 | L57: 25.157287 | M57: 24.966983 | N57: 25.352485 | O57: 25.491234 | P57: 25.735693 | Q57: 25.879877 | R57: 25.659111 | S57: 25.351618 | T57: 25.698227 | U57: 25.768546 | V57: 25.665 | W57: 25.861898 | X57: 25.597788 | Y57: 25.735893 | Z57: 25.042253 | AA57: 25.862717 | AB57: 26.133287 | AC57: 25.896734 | AD57: 26.242918 | AE57: 26.085238 | AF57: 26.540145 | AG57: 26.137762 | AH57: 29.631415 | AI57: 29.510474 | AJ57: 27.061067 | AK57: 27.347651 | AL57: 27.702772 | AM57: 28.499092 | AN57: 29.63374 | AO57: 29.862829 | AP57: 29.675145 | AQ57: 29.14398 | AR57: 28.692721 | AS57: 28.86215 | AT57: 28.508863 | AU57: 29.065734 | AV57: 29.041786 | AW57: 29.124737 | AX57: 29.164872 | AY57: 29.719884 | AZ57: 29.961377 | BA57: 29.874639 | BB57: 29.868363 | BC57: 29.978966 | BD57: 29.954047 | BE57: 30.206608 | BF57: 30.373574 | BG57: 30.426781 | BH57: 30.05035 | BI57: 24.874732 | BJ57: 25.110914 | BK57: 24.478086 | BL57: 25.090152
A58: 69 | B58: '254 | C58: French Guiana | D58: 0.00518 | E58: 0.005706 | F58: 0.00396 | G58: 0.003644 | H58: 0.003674 | I58: 0.0034 | J58: 0.00325 | K58: 0.00334 | L58: 0.0033 | M58: 0.003939 | N58: 0.004906 | O58: 0.004908 | P58: 0.004865 | Q58: 0.004975 | R58: 0.006295 | S58: 0.006444 | T58: 0.007006 | U58: 0.008244 | V58: 0.008908 | W58: 0.00733 | X58: 0.007007 | Y58: 0.006881 | Z58: 0.008051 | AA58: 0.009507 | AB58: 0.008928 | AC58: 0.011724 | AD58: 0.0131 | AE58: 0.015434 | AF58: 0.020186 | AG58: 0.022714 | AH58: 0.027063 | AI58: 0.027632 | AJ58: 0.026788 | AK58: 0.028949 | AL58: 0.030074 | AM58: 0.032178 | AN58: 0.032524 | AO58: 0.03214 | AP58: 0.029496 | AQ58: 0.032049 | AR58: 0.031407 | AS58: 0.031705 | AT58: 0.028873 | AU58: 0.036322 | AV58: 0.038442 | AW58: 0.040567
A59: 70 | B59: '258 | C59: French Polynesia | D59: 0.038177 | E59: 0.044004 | F59: 0.041712 | G59: 0.039011 | H59: 0.034846 | I59: 0.034477 | J59: 0.031218 | K59: 0.030375 | L59: 0.040162 | M59: 0.037122 | N59: 0.034476 | O59: 0.032639 | P59: 0.026497 | Q59: 0.024473 | R59: 0.039555 | S59: 0.034641 | T59: 0.026651 | U59: 0.02459 | V59: 0.027693 | W59: 0.034574 | X59: 0.029839 | Y59: 0.034924 | Z59: 0.022861 | AA59: 0.020196 | AB59: 0.025187 | AC59: 0.025113 | AD59: 0.023872 | AE59: 0.024866 | AF59: 0.024876 | AG59: 0.025191 | AH59: 0.066075 | AI59: 0.06648 | AJ59: 0.065997 | AK59: 0.066504 | AL59: 0.071558 | AM59: 0.067683 | AN59: 0.066556 | AO59: 0.049979 | AP59: 0.053132 | AQ59: 0.062508 | AR59: 0.059458 | AS59: 0.06587 | AT59: 0.066111 | AU59: 0.063349 | AV59: 0.072786 | AW59: 0.066315 | AX59: 0.073671 | AY59: 0.070712 | AZ59: 0.063199 | BA59: 0.067325 | BB59: 0.072393 | BC59: 0.0725 | BD59: 0.072232 | BE59: 0.071827 | BF59: 0.068324 | BG59: 0.072147 | BH59: 0.072872 | BI59: 0.074631 | BJ59: 0.07523 | BK59: 0.078175 | BL59: 0.077829
A60: 72 | B60: '262 | C60: Djibouti | D60: 0.0004 | E60: 0.0004 | F60: 0.0004 | G60: 0.0004 | H60: 0.00056 | I60: 0.00058 | J60: 0.00062 | K60: 0.00066 | L60: 0.00068 | M60: 0.0007 | N60: 0.0007 | O60: 0.00092 | P60: 0.00094 | Q60: 0.00096 | R60: 0.00096 | S60: 0.00106 | T60: 0.00114 | U60: 0.0012 | V60: 0.0018 | W60: 0.0066 | X60: 0.006804 | Y60: 0.007004 | Z60: 0.007004 | AA60: 0.007606 | AB60: 0.008088 | AC60: 0.008892 | AD60: 0.009067 | AE60: 0.008114 | AF60: 0.009251 | AG60: 0.023061 | AH60: 0.024371 | AI60: 0.024675 | AJ60: 0.024578 | AK60: 0.024759 | AL60: 0.024738 | AM60: 0.024886 | AN60: 0.025257 | AO60: 0.025462 | AP60: 0.02651 | AQ60: 0.027391 | AR60: 0.028461 | AS60: 0.029258 | AT60: 0.021813 | AU60: 0.025585 | AV60: 0.025835 | AW60: 0.021806 | AX60: 0.024639 | AY60: 0.024841 | AZ60: 0.025307 | BA60: 0.023519 | BB60: 0.024025 | BC60: 0.028397 | BD60: 0.028389 | BE60: 0.026961 | BF60: 0.026467 | BG60: 0.027556 | BH60: 0.055225 | BI60: 0.076213 | BJ60: 0.102065 | BK60: 0.114217 | BL60: 0.1345
A61: 73 | B61: '268 | C61: Georgia | AI61: 1.1342 | AJ61: 1.033307 | AK61: 1.08278 | AL61: 1.154894 | AM61: 1.181379 | AN61: 1.45579 | AO61: 1.432241 | AP61: 1.488958 | AQ61: 1.164187 | AR61: 1.294865 | AS61: 1.23937 | AT61: 1.364113 | AU61: 1.216325 | AV61: 1.383901 | AW61: 0.808135 | AX61: 0.882432 | AY61: 0.884124 | AZ61: 0.792458 | BA61: 0.686854 | BB61: 0.770311 | BC61: 0.749606 | BD61: 0.968951 | BE61: 0.774508 | BF61: 0.777547 | BG61: 0.723293 | BH61: 0.636473 | BI61: 0.712884 | BJ61: 0.71985 | BK61: 0.782162 | BL61: 0.774262
A62: 74 | B62: '266 | C62: Gabon | D62: 0.1666 | E62: 0.16946 | F62: 0.164 | G62: 0.165208 | H62: 0.168072 | I62: 0.17936 | J62: 0.18098 | K62: 0.19024 | L62: 0.18794 | M62: 0.18963 | N62: 0.2001 | O62: 0.2013 | P62: 0.21152 | Q62: 0.21648 | R62: 0.216157 | S62: 0.224957 | T62: 0.248877 | U62: 0.266402 | V62: 0.27689 | W62: 0.293396 | X62: 0.28178 | Y62: 0.2835 | Z62: 0.29113 | AA62: 0.293158 | AB62: 0.29938 | AC62: 0.31296 | AD62: 0.31954 | AE62: 0.33913 | AF62: 0.339998 | AG62: 0.354944 | AH62: 0.38767 | AI62: 0.391729 | AJ62: 0.382314 | AK62: 0.383815 | AL62: 0.382882 | AM62: 0.400405 | AN62: 0.398827 | AO62: 0.410503 | AP62: 0.408771 | AQ62: 0.420367 | AR62: 0.415794 | AS62: 0.424125 | AT62: 0.43154 | AU62: 0.419207 | AV62: 0.428414 | AW62: 0.430184 | AX62: 0.43572 | AY62: 0.464284 | AZ62: 0.470302 | BA62: 0.488296 | BB62: 0.521094 | BC62: 0.533636 | BD62: 0.552941 | BE62: 0.563627 | BF62: 0.570443 | BG62: 0.568864 | BH62: 0.587646 | BI62: 0.584729 | BJ62: 0.589366 | BK62: 0.594414 | BL62: 0.601575
A63: 75 | B63: '270 | C63: Gambia | D63: 0.285258 | E63: 0.29552 | F63: 0.28422 | G63: 0.288478 | H63: 0.290782 | I63: 0.29368 | J63: 0.26268 | K63: 0.288944 | L63: 0.282088 | M63: 0.289335 | N63: 0.303564 | O63: 0.28914 | P63: 0.300717 | Q63: 0.2565 | R63: 0.246951 | S63: 0.241928 | T63: 0.242378 | U63: 0.263346 | V63: 0.189454 | W63: 0.217253 | X63: 0.259405 | Y63: 0.28982 | Z63: 0.247935 | AA63: 0.255632 | AB63: 0.289223 | AC63: 0.284804 | AD63: 0.303875 | AE63: 0.307177 | AF63: 0.306339 | AG63: 0.31796 | AH63: 0.506933 | AI63: 0.418165 | AJ63: 0.423051 | AK63: 0.463079 | AL63: 0.49683 | AM63: 0.448827 | AN63: 0.502012 | AO63: 0.484223 | AP63: 0.602138 | AQ63: 0.700358 | AR63: 0.799406 | AS63: 0.678585 | AT63: 0.737514 | AU63: 0.804099 | AV63: 0.781963 | AW63: 0.821161 | AX63: 0.805271 | AY63: 0.959921 | AZ63: 1.112718 | BA63: 1.129257 | BB63: 0.835951 | BC63: 0.922877 | BD63: 0.838715 | BE63: 0.776089 | BF63: 0.855953 | BG63: 0.768947 | BH63: 0.684009 | BI63: 0.48336 | BJ63: 0.60353 | BK63: 0.612844 | BL63: 0.625362
A64: 79 | B64: '276 | C64: Germany | D64: 19.747349 | E64: 19.997818 | F64: 19.98877 | G64: 20.091584 | H64: 19.662739 | I64: 19.414998 | J64: 19.463184 | K64: 19.552057 | L64: 19.381979 | M64: 19.454982 | N64: 19.632712 | O64: 19.682004 | P64: 19.74332 | Q64: 19.876477 | R64: 19.928822 | S64: 20.013451 | T64: 19.910252 | U64: 19.927987 | V64: 19.457086 | W64: 19.3708 | X64: 19.177165 | Y64: 19.090337 | Z64: 18.947213 | AA64: 18.914929 | AB64: 19.30887 | AC64: 19.103283 | AD64: 18.967129 | AE64: 18.780367 | AF64: 18.670232 | AG64: 18.230002 | AH64: 18.772425 | AI64: 19.057983 | AJ64: 18.282641 | AK64: 18.717265 | AL64: 18.797799 | AM64: 18.984323 | AN64: 19.708496 | AO64: 20.189767 | AP64: 20.204489 | AQ64: 20.340061 | AR64: 20.231389 | AS64: 20.38492 | AT64: 20.147125 | AU64: 20.337451 | AV64: 20.191142 | AW64: 20.02477 | AX64: 20.073512 | AY64: 20.349055 | AZ64: 20.42409 | BA64: 19.733888 | BB64: 19.219037 | BC64: 19.149097 | BD64: 19.539927 | BE64: 19.263335 | BF64: 19.041673 | BG64: 18.908711 | BH64: 18.896093 | BI64: 15.804598 | BJ64: 15.93268 | BK64: 15.43872 | BL64: 15.49704
A65: 80 | B65: '070 | C65: Bosnia and Herzegovina | AI65: 1.109111 | AJ65: 1.008398 | AK65: 0.899436 | AL65: 0.854157 | AM65: 0.909322 | AN65: 1.164657 | AO65: 1.243076 | AP65: 1.207348 | AQ65: 1.190977 | AR65: 1.191957 | AS65: 1.20154 | AT65: 1.186851 | AU65: 1.293935 | AV65: 1.22512 | AW65: 1.241541 | AX65: 1.258202 | AY65: 1.255253 | AZ65: 1.244348 | BA65: 1.206286 | BB65: 1.250406 | BC65: 1.185666 | BD65: 1.323744 | BE65: 1.07758 | BF65: 1.244771 | BG65: 1.292426 | BH65: 1.198801 | BI65: 1.417182 | BJ65: 1.292181 | BK65: 1.408477 | BL65: 1.310983
A66: 81 | B66: '288 | C66: Ghana | D66: 4.245076 | E66: 4.26837 | F66: 4.352169 | G66: 4.495872 | H66: 4.237605 | I66: 4.163728 | J66: 4.43436 | K66: 4.30734 | L66: 4.681836 | M66: 5.934737 | N66: 5.904128 | O66: 5.595709 | P66: 5.613754 | Q66: 5.997042 | R66: 5.687004 | S66: 5.41219 | T66: 4.877717 | U66: 4.548487 | V66: 5.12064 | W66: 5.136317 | X66: 5.0368 | Y66: 4.7215 | Z66: 4.5138 | AA66: 6.44102 | AB66: 5.818143 | AC66: 5.661516 | AD66: 5.946968 | AE66: 5.574681 | AF66: 6.215532 | AG66: 4.775472 | AH66: 6.897748 | AI66: 7.086236 | AJ66: 7.154859 | AK66: 7.123734 | AL66: 7.900895 | AM66: 8.352226 | AN66: 8.363616 | AO66: 9.219602 | AP66: 9.12503 | AQ66: 9.492072 | AR66: 9.979097 | AS66: 11.143611 | AT66: 11.686638 | AU66: 12.021082 | AV66: 12.043316 | AW66: 12.301293 | AX66: 11.035411 | AY66: 12.260864 | AZ66: 12.5792 | BA66: 12.639724 | BB66: 13.31766 | BC66: 13.309498 | BD66: 13.003688 | BE66: 13.35367 | BF66: 13.196295 | BG66: 13.249758 | BH66: 14.083868 | BI66: 14.594495 | BJ66: 14.702706 | BK66: 14.825192 | BL66: 15.001931
A67: 83 | B67: '296 | C67: Kiribati | D67: 0.038854 | E67: 0.039136 | F67: 0.028248 | G67: 0.03238 | H67: 0.035602 | I67: 0.032104 | J67: 0.032196 | K67: 0.039743 | L67: 0.039825 | M67: 0.039917 | N67: 0.034494 | O67: 0.024446 | P67: 0.032598 | Q67: 0.03473 | R67: 0.032882 | S67: 0.031964 | T67: 0.029976 | U67: 0.034978 | V67: 0.03498 | W67: 0.034982 | X67: 0.042014 | Y67: 0.041036 | Z67: 0.036058 | AA67: 0.04108 | AB67: 0.040062 | AC67: 0.047574 | AD67: 0.045066 | AE67: 0.041018 | AF67: 0.03899 | AG67: 0.041948 | AH67: 0.08172 | AI67: 0.0847 | AJ67: 0.078716 | AK67: 0.07878 | AL67: 0.078838 | AM67: 0.096956 | AN67: 0.096994 | AO67: 0.082037 | AP67: 0.08206 | AQ67: 0.079061 | AR67: 0.079178 | AS67: 0.07933 | AT67: 0.079426 | AU67: 0.085554 | AV67: 0.085642 | AW67: 0.088634 | AX67: 0.0919 | AY67: 0.092018 | AZ67: 0.092032 | BA67: 0.06241 | BB67: 0.062834 | BC67: 0.063455 | BD67: 0.064236 | BE67: 0.064984 | BF67: 0.065134 | BG67: 0.073135 | BH67: 0.073154 | BI67: 0.085663 | BJ67: 0.097483 | BK67: 0.097495 | BL67: 0.093106
A68: 84 | B68: '300 | C68: Greece | D68: 5.621444 | E68: 5.613093 | F68: 5.357903 | G68: 5.45767 | H68: 5.45156 | I68: 5.30494 | J68: 5.241844 | K68: 5.175187 | L68: 5.004608 | M68: 4.944111 | N68: 4.95661 | O68: 4.815728 | P68: 4.702542 | Q68: 4.783093 | R68: 4.761949 | S68: 4.739459 | T68: 4.702744 | U68: 4.735679 | V68: 4.762861 | W68: 4.783367 | X68: 4.777891 | Y68: 4.752237 | Z68: 4.714116 | AA68: 4.662014 | AB68: 5.614315 | AC68: 5.555719 | AD68: 5.56251 | AE68: 5.449951 | AF68: 5.456754 | AG68: 5.441807 | AH68: 6.915994 | AI68: 7.058397 | AJ68: 6.918513 | AK68: 6.984296 | AL68: 7.093345 | AM68: 7.108557 | AN68: 7.082361 | AO68: 7.104323 | AP68: 7.133263 | AQ68: 7.082994 | AR68: 7.03518 | AS68: 6.962003 | AT68: 6.871497 | AU68: 6.80812 | AV68: 6.754921 | AW68: 6.64556 | AX68: 6.518248 | AY68: 6.184691 | AZ68: 6.161685 | BA68: 6.216018 | BB68: 6.363317 | BC68: 6.313765 | BD68: 6.183055 | BE68: 5.864817 | BF68: 6.078793 | BG68: 5.648818 | BH68: 5.664125 | BI68: 4.00819 | BJ68: 3.82405 | BK68: 3.64685 | BL68: 3.41288
A69: 86 | B69: '308 | C69: Grenada | D69: 0.019741 | E69: 0.019949 | F69: 0.020285 | G69: 0.019043 | H69: 0.023491 | I69: 0.023635 | J69: 0.023951 | K69: 0.024673 | L69: 0.024218 | M69: 0.023828 | N69: 0.023022 | O69: 0.023076 | P69: 0.020737 | Q69: 0.019528 | R69: 0.022584 | S69: 0.023594 | T69: 0.023894 | U69: 0.025584 | V69: 0.02602 | W69: 0.0214 | X69: 0.020788 | Y69: 0.018982 | Z69: 0.019346 | AA69: 0.019958 | AB69: 0.026521 | AC69: 0.023984 | AD69: 0.024046 | AE69: 0.02372 | AF69: 0.023432 | AG69: 0.023959 | AH69: 0.028912 | AI69: 0.027939 | AJ69: 0.028491 | AK69: 0.029237 | AL69: 0.027076 | AM69: 0.025398 | AN69: 0.024703 | AO69: 0.024025 | AP69: 0.024763 | AQ69: 0.024761 | AR69: 0.023332 | AS69: 0.025453 | AT69: 0.0232 | AU69: 0.023589 | AV69: 0.015581 | AW69: 0.018112 | AX69: 0.018561 | AY69: 0.018831 | AZ69: 0.018335 | BA69: 0.022112 | BB69: 0.023132 | BC69: 0.023006 | BD69: 0.02351 | BE69: 0.025936 | BF69: 0.026977 | BG69: 0.026258 | BH69: 0.024964 | BI69: 0.024236 | BJ69: 0.022425 | BK69: 0.021017 | BL69: 0.021864
A70: 87 | B70: '312 | C70: Guadeloupe | D70: 0.095866 | E70: 0.094392 | F70: 0.09207 | G70: 0.089754 | H70: 0.091358 | I70: 0.095915 | J70: 0.088258 | K70: 0.091319 | L70: 0.087779 | M70: 0.086537 | N70: 0.08605 | O70: 0.08633 | P70: 0.081104 | Q70: 0.080598 | R70: 0.073301 | S70: 0.06854 | T70: 0.068072 | U70: 0.066709 | V70: 0.065502 | W70: 0.06476 | X70: 0.068598 | Y70: 0.063562 | Z70: 0.059014 | AA70: 0.052622 | AB70: 0.054993 | AC70: 0.057768 | AD70: 0.060074 | AE70: 0.059907 | AF70: 0.063732 | AG70: 0.053288 | AH70: 0.05387 | AI70: 0.053399 | AJ70: 0.056533 | AK70: 0.048798 | AL70: 0.050649 | AM70: 0.047578 | AN70: 0.049807 | AO70: 0.049097 | AP70: 0.048957 | AQ70: 0.046845 | AR70: 0.046808 | AS70: 0.047763 | AT70: 0.048618 | AU70: 0.050378 | AV70: 0.044721 | AW70: 0.043691
A71: 89 | B71: '320 | C71: Guatemala | D71: 2.014552 | E71: 2.09025 | F71: 2.266474 | G71: 2.364558 | H71: 2.28356 | I71: 2.23543 | J71: 2.340648 | K71: 2.373448 | L71: 2.341362 | M71: 2.403931 | N71: 2.459659 | O71: 2.354324 | P71: 2.063426 | Q71: 2.222283 | R71: 2.39316 | S71: 2.489917 | T71: 2.450476 | U71: 2.389694 | V71: 2.185332 | W71: 2.412229 | X71: 2.54224 | Y71: 2.465049 | Z71: 2.303622 | AA71: 2.417819 | AB71: 2.672061 | AC71: 2.735804 | AD71: 2.872023 | AE71: 2.614402 | AF71: 2.420027 | AG71: 2.620452 | AH71: 3.027606 | AI71: 3.165392 | AJ71: 3.021517 | AK71: 2.805507 | AL71: 2.660144 | AM71: 2.84215 | AN71: 2.797383 | AO71: 2.984379 | AP71: 2.928994 | AQ71: 2.960024 | AR71: 3.105576 | AS71: 3.198803 | AT71: 3.244118 | AU71: 3.258512 | AV71: 3.288893 | AW71: 3.362839 | AX71: 3.744354 | AY71: 4.083822 | AZ71: 4.064423 | BA71: 4.104603 | BB71: 4.205856 | BC71: 4.34576 | BD71: 4.466315 | BE71: 4.555977 | BF71: 4.678899 | BG71: 4.712698 | BH71: 4.739557 | BI71: 4.947376 | BJ71: 4.595202 | BK71: 4.746127 | BL71: 4.714471
A72: 90 | B72: '324 | C72: Guinea | D72: 1.899645 | E72: 1.90613 | F72: 1.86179 | G72: 1.90235 | H72: 1.86035 | I72: 1.92502 | J72: 2.00127 | K72: 2.04096 | L72: 2.03977 | M72: 2.10965 | N72: 2.12133 | O72: 2.07777 | P72: 2.10443 | Q72: 2.13954 | R72: 2.17544 | S72: 2.23813 | T72: 2.26982 | U72: 2.308979 | V72: 2.356312 | W72: 2.400486 | X72: 2.436588 | Y72: 2.461128 | Z72: 2.499355 | AA72: 2.620986 | AB72: 2.667379 | AC72: 2.646181 | AD72: 2.656694 | AE72: 2.742922 | AF72: 2.843103 | AG72: 2.987186 | AH72: 3.997256 | AI72: 4.289394 | AJ72: 4.441025 | AK72: 4.547237 | AL72: 4.633418 | AM72: 4.778682 | AN72: 4.929799 | AO72: 5.110991 | AP72: 5.299139 | AQ72: 5.475126 | AR72: 5.395243 | AS72: 5.614854 | AT72: 5.87367 | AU72: 6.121786 | AV72: 6.375791 | AW72: 6.574674 | AX72: 6.822672 | AY72: 7.128882 | AZ72: 6.878437 | BA72: 8.349023 | BB72: 8.480457 | BC72: 9.467268 | BD72: 9.644693 | BE72: 10.669115 | BF72: 11.147844 | BG72: 11.435644 | BH72: 11.882736 | BI72: 12.256532 | BJ72: 11.650393 | BK72: 11.776024 | BL72: 11.976154
A73: 91 | B73: '328 | C73: Guyana | D73: 0.334037 | E73: 0.317024 | F73: 0.273004 | G73: 0.413721 | H73: 0.365667 | I73: 0.39339 | J73: 0.361851 | K73: 0.349093 | L73: 0.363397 | M73: 0.347313 | N73: 0.357694 | O73: 0.309505 | P73: 0.3205 | Q73: 0.37166 | R73: 0.386887 | S73: 0.337273 | T73: 0.415446 | U73: 0.386747 | V73: 0.325197 | W73: 0.32011 | X73: 0.341134 | Y73: 0.35762 | Z73: 0.280304 | AA73: 0.329754 | AB73: 0.289312 | AC73: 0.319714 | AD73: 0.294614 | AE73: 0.287968 | AF73: 0.26877 | AG73: 0.235238 | AH73: 0.295565 | AI73: 0.313036 | AJ73: 0.359694 | AK73: 0.369338 | AL73: 0.436966 | AM73: 0.452522 | AN73: 0.501152 | AO73: 0.432687 | AP73: 0.472997 | AQ73: 0.431706 | AR73: 0.448806 | AS73: 0.393235 | AT73: 0.442046 | AU73: 0.427853 | AV73: 0.401194 | AW73: 0.4057 | AX73: 0.389453 | AY73: 0.435665 | AZ73: 0.450991 | BA73: 0.429742 | BB73: 0.448303 | BC73: 0.444852 | BD73: 0.486228 | BE73: 0.525855 | BF73: 0.543892 | BG73: 0.449236 | BH73: 0.484599 | BI73: 0.464332 | BJ73: 0.478291 | BK73: 0.494613 | BL73: 0.434249
A74: 93 | B74: '332 | C74: Haiti | D74: 1.900544 | E74: 1.893222 | F74: 1.918436 | G74: 1.955206 | H74: 1.97618 | I74: 1.988882 | J74: 2.01181 | K74: 2.000438 | L74: 2.039468 | M74: 2.071042 | N74: 2.105334 | O74: 2.12169 | P74: 2.022115 | Q74: 1.95753 | R74: 1.924165 | S74: 1.894986 | T74: 2.000533 | U74: 2.214971 | V74: 2.247403 | W74: 2.148295 | X74: 2.08966 | Y74: 2.061046 | Z74: 2.150356 | AA74: 2.14771 | AB74: 2.416218 | AC74: 2.41758 | AD74: 2.383425 | AE74: 2.404401 | AF74: 2.328303 | AG74: 2.065749 | AH74: 2.340358 | AI74: 2.385288 | AJ74: 2.269867 | AK74: 2.272916 | AL74: 2.174861 | AM74: 2.160958 | AN74: 2.320355 | AO74: 2.136409 | AP74: 2.248305 | AQ74: 2.20581 | AR74: 2.126147 | AS74: 2.099802 | AT74: 2.152076 | AU74: 2.194094 | AV74: 2.331187 | AW74: 2.315365 | AX74: 2.80584 | AY74: 2.55107 | AZ74: 2.861592 | BA74: 3.236247 | BB74: 3.232135 | BC74: 2.82087 | BD74: 3.37587 | BE74: 3.78892 | BF74: 3.148226 | BG74: 3.10719 | BH74: 3.235446 | BI74: 3.381476 | BJ74: 2.418241 | BK74: 2.389031 | BL74: 2.687645
A75: 95 | B75: '340 | C75: Honduras | D75: 1.005044 | E75: 1.041449 | F75: 1.044541 | G75: 1.153175 | H75: 1.088498 | I75: 1.087448 | J75: 1.115317 | K75: 1.133186 | L75: 1.156172 | M75: 1.161973 | N75: 1.181735 | O75: 1.205817 | P75: 1.194273 | Q75: 1.164634 | R75: 1.337925 | S75: 1.452775 | T75: 1.685402 | U75: 1.732939 | V75: 1.456248 | W75: 1.467342 | X75: 1.461022 | Y75: 1.258564 | Z75: 1.295584 | AA75: 1.403905 | AB75: 1.252009 | AC75: 1.363115 | AD75: 1.329805 | AE75: 1.395944 | AF75: 1.474297 | AG75: 1.542441 | AH75: 1.773433 | AI75: 1.706091 | AJ75: 1.725155 | AK75: 1.846446 | AL75: 1.738012 | AM75: 1.795246 | AN75: 1.734069 | AO75: 1.869794 | AP75: 1.801926 | AQ75: 1.751854 | AR75: 1.67583 | AS75: 1.854449 | AT75: 1.778892 | AU75: 1.804977 | AV75: 1.840312 | AW75: 1.831644 | AX75: 1.946346 | AY75: 1.88417 | AZ75: 1.942358 | BA75: 1.968556 | BB75: 2.011797 | BC75: 2.069088 | BD75: 2.121055 | BE75: 1.924635 | BF75: 2.109333 | BG75: 2.212554 | BH75: 2.403686 | BI75: 2.492915 | BJ75: 2.378091 | BK75: 2.36505 | BL75: 2.385458
A76: 96 | B76: '344 | C76: China, Hong Kong SAR | D76: 0.052058 | E76: 0.04295 | F76: 0.035172 | G76: 0.034628 | H76: 0.033658 | I76: 0.044424 | J76: 0.041288 | K76: 0.043672 | L76: 0.04098 | M76: 0.038719 | N76: 0.035796 | O76: 0.034356 | P76: 0.032704 | Q76: 0.030612 | R76: 0.029978 | S76: 0.03057 | T76: 0.030456 | U76: 0.029284 | V76: 0.020396 | W76: 0.01891 | X76: 0.01889 | Y76: 0.018666 | Z76: 0.019358 | AA76: 0.018282 | AB76: 0.017182 | AC76: 0.01762 | AD76: 0.016777 | AE76: 0.016012 | AF76: 0.014635 | AG76: 0.014013 | AH76: 0.013184 | AI76: 0.011279 | AJ76: 0.010268 | AK76: 0.010181 | AL76: 0.008663 | AM76: 0.00819 | AN76: 0.008031 | AO76: 0.007069 | AP76: 0.006163 | AQ76: 0.005097 | AR76: 0.004169 | AS76: 0.004071 | AT76: 0.004043 | AU76: 0.004104 | AV76: 0.004065 | AW76: 0.004124 | AX76: 0.00417 | AY76: 0.004153 | AZ76: 0.004112 | BA76: 0.00412 | BB76: 0.004146 | BC76: 0.004202 | BD76: 0.0042 | BE76: 0.004146 | BF76: 0.004051 | BG76: 0.004111 | BH76: 0.004133 | BI76: 0.004102 | BJ76: 0.004065 | BK76: 0.004063 | BL76: 0.00406
A77: 97 | B77: '348 | C77: Hungary | D77: 8.711387 | E77: 8.719779 | F77: 8.505737 | G77: 8.635411 | H77: 8.520889 | I77: 8.455712 | J77: 8.307344 | K77: 8.370026 | L77: 8.302337 | M77: 7.727412 | N77: 7.953369 | O77: 8.069323 | P77: 8.08206 | Q77: 8.117647 | R77: 7.964405 | S77: 7.84448 | T77: 7.687821 | U77: 7.671391 | V77: 7.489825 | W77: 7.422763 | X77: 7.241634 | Y77: 7.38034 | Z77: 7.376769 | AA77: 7.445259 | AB77: 7.698681 | AC77: 7.793744 | AD77: 7.95322 | AE77: 8.047284 | AF77: 7.919846 | AG77: 7.602735 | AH77: 8.907423 | AI77: 8.505982 | AJ77: 8.305765 | AK77: 8.64738 | AL77: 8.58466 | AM77: 8.65867 | AN77: 8.771464 | AO77: 8.395603 | AP77: 8.145637 | AQ77: 7.766021 | AR77: 8.488449 | AS77: 8.515972 | AT77: 8.594863 | AU77: 8.821328 | AV77: 8.749699 | AW77: 8.566938 | AX77: 8.610826 | AY77: 8.992241 | AZ77: 8.952316 | BA77: 8.257837 | BB77: 8.595069 | BC77: 8.653816 | BD77: 8.796376 | BE77: 8.875688 | BF77: 8.822772 | BG77: 8.707306 | BH77: 8.740614 | BI77: 6.333668 | BJ77: 6.41872 | BK77: 6.18719 | BL77: 6.14271
A78: 98 | B78: '191 | C78: Croatia | AI78: 1.815472 | AJ78: 1.918463 | AK78: 1.886641 | AL78: 1.875987 | AM78: 1.870061 | AN78: 1.87418 | AO78: 2.128797 | AP78: 2.110006 | AQ78: 1.764122 | AR78: 1.788777 | AS78: 1.811319 | AT78: 1.797959 | AU78: 1.671137 | AV78: 1.757083 | AW78: 1.769991 | AX78: 1.705168 | AY78: 1.75207 | AZ78: 1.76953 | BA78: 1.742816 | BB78: 1.750558 | BC78: 1.78759 | BD78: 1.798689 | BE78: 1.620147 | BF78: 1.740065 | BG78: 1.853459 | BH78: 1.751704 | BI78: 1.338878 | BJ78: 1.38403 | BK78: 1.49754 | BL78: 1.39428
A79: 99 | B79: '352 | C79: Iceland | D79: 0.001446 | E79: 0.001446 | F79: 0.001466 | G79: 0.001466 | H79: 0.00147 | I79: 0.00085 | J79: 0.00105 | K79: 0.00073 | L79: 0.001226 | M79: 0.001364 | N79: 0.002826 | O79: 0.002146 | P79: 0.001346 | Q79: 0.002046 | R79: 0.00145 | S79: 0.001658 | T79: 0.001662 | U79: 0.002066 | V79: 0.00166 | W79: 0.00207 | X79: 0.001792 | Y79: 0.001972 | Z79: 0.002072 | AA79: 0.002072 | AB79: 0.002072 | AC79: 0.002082 | AD79: 0.002078 | AE79: 0.002084 | AF79: 0.001894 | AG79: 0.002092 | AH79: 0.00308 | AI79: 0.002074 | AJ79: 0.0017 | AK79: 0.001688 | AL79: 0.001694 | AM79: 0.0019 | AN79: 0.001708 | AO79: 0.002028 | AP79: 0.00153 | AQ79: 0.001468 | AR79: 0.00173 | AS79: 0.00173 | AT79: 0.001754 | AU79: 0.001674 | AV79: 0.001618 | AW79: 0.001512 | AX79: 0.001512 | AY79: 0.001512 | AZ79: 0.001512 | BA79: 0.001512 | BB79: 0.001129 | BC79: 0.00111 | BD79: 0.00107 | BE79: 0.001276 | BF79: 0.004189 | BG79: 0.005881 | BH79: 0.005486 | BI79: 0.004272 | BJ79: 0.005702 | BK79: 0.003926 | BL79: 0.005828
A80: 100 | B80: '356 | C80: India | D80: 274.83073 | E80: 280.62597 | F80: 280.00495 | G80: 282.60448 | H80: 279.76679 | I80: 276.54661 | J80: 283.24343 | K80: 287.6666 | L80: 290.76683 | M80: 293.41613 | N80: 292.54245 | O80: 288.27297 | P80: 299.88139 | Q80: 294.87892 | R80: 297.89161 | S80: 300.19842 | T80: 304.84343 | U80: 309.46116 | V80: 307.2158 | W80: 306.12322 | X80: 309.68663 | Y80: 304.824 | Z80: 316.25701 | AA80: 313.81223 | AB80: 311.1473 | AC80: 312.54764 | AD80: 298.58075 | AE80: 311.27022 | AF80: 316.45522 | AG80: 314.17847 | AH80: 393.78023 | AI80: 387.03867 | AJ80: 392.03989 | AK80: 389.47516 | AL80: 398.02898 | AM80: 402.3606 | AN80: 400.27386 | AO80: 405.07763 | AP80: 399.98762 | AQ80: 393.39313 | AR80: 384.88124 | AS80: 373.4167 | AT80: 387.1311 | AU80: 398.53392 | AV80: 406.96598 | AW80: 410.98616 | AX80: 424.60061 | AY80: 420.75541 | AZ80: 411.16459 | BA80: 429.75792 | BB80: 444.40152 | BC80: 434.81888 | BD80: 441.32534 | BE80: 449.70329 | BF80: 440.17572 | BG80: 440.30214 | BH80: 457.67723 | BI80: 450.3003 | BJ80: 439.3566 | BK80: 460.81655 | BL80: 481.11318
A81: 101 | B81: '360 | C81: Indonesia | D81: 29.628055 | E81: 32.222575 | F81: 30.228259 | G81: 33.115662 | H81: 31.691331 | I81: 34.536783 | J81: 31.640576 | K81: 34.329485 | L81: 32.83095 | M81: 34.045199 | N81: 34.172847 | O81: 32.779774 | P81: 36.672723 | Q81: 35.593752 | R81: 34.780553 | S81: 32.988957 | T81: 34.2107 | U81: 36.604072 | V81: 36.15306 | W81: 37.1929 | X81: 38.705581 | Y81: 36.096483 | Z81: 38.413952 | AA81: 41.03262 | AB81: 40.03494 | AC81: 42.391952 | AD81: 41.116208 | AE81: 43.76338 | AF81: 44.348734 | AG81: 44.838246 | AH81: 55.039742 | AI81: 59.753581 | AJ81: 58.109511 | AK81: 58.668376 | AL81: 63.034259 | AM81: 63.12176 | AN81: 61.149041 | AO81: 63.681565 | AP81: 63.885333 | AQ81: 64.187898 | AR81: 64.405093 | AS81: 65.051672 | AT81: 66.83958 | AU81: 68.728788 | AV81: 71.044449 | AW81: 70.657825 | AX81: 72.987296 | AY81: 76.422773 | AZ81: 78.933621 | BA81: 87.702164 | BB81: 88.752346 | BC81: 90.647223 | BD81: 92.58354 | BE81: 92.328525 | BF81: 92.674957 | BG81: 92.853592 | BH81: 103.26576 | BI81: 106.17268 | BJ81: 99.565579 | BK81: 101.26556 | BL81: 100.52094
A82: 102 | B82: '364 | C82: Iran (Islamic Republic of) | D82: 12.324148 | E82: 12.234158 | F82: 11.863733 | G82: 12.486433 | H82: 15.221619 | I82: 17.484935 | J82: 15.879517 | K82: 17.849164 | L82: 17.190805 | M82: 17.523318 | N82: 16.794895 | O82: 17.927331 | P82: 18.225769 | Q82: 18.756648 | R82: 19.597021 | S82: 18.728324 | T82: 18.00303 | U82: 17.775458 | V82: 17.653542 | W82: 19.819226 | X82: 22.326148 | Y82: 21.308883 | Z82: 21.650666 | AA82: 21.44986 | AB82: 22.553625 | AC82: 23.027888 | AD82: 24.05397 | AE82: 23.823871 | AF82: 24.314366 | AG82: 24.633388 | AH82: 25.684225 | AI82: 27.229264 | AJ82: 27.169725 | AK82: 26.247746 | AL82: 26.669258 | AM82: 27.247564 | AN82: 26.006443 | AO82: 26.766744 | AP82: 22.922446 | AQ82: 23.102094 | AR82: 24.763894 | AS82: 27.005941 | AT82: 27.002942 | AU82: 27.722224 | AV82: 29.050094 | AW82: 28.522927 | AX82: 29.896435 | AY82: 23.100019 | AZ82: 27.140575 | BA82: 26.725495 | BB82: 26.476287 | BC82: 27.665366 | BD82: 27.467875 | BE82: 26.319084 | BF82: 25.290458 | BG82: 25.806293 | BH82: 25.441189 | BI82: 25.328417 | BJ82: 29.980627 | BK82: 25.962199 | BL82: 25.096042
A83: 103 | B83: '368 | C83: Iraq | D83: 4.495185 | E83: 5.33965 | F83: 4.083358 | G83: 4.873653 | H83: 5.520486 | I83: 5.33665 | J83: 5.589658 | K83: 5.467963 | L83: 4.950923 | M83: 4.820568 | N83: 3.62255 | O83: 6.082714 | P83: 4.075155 | Q83: 4.952957 | R83: 4.633783 | S83: 4.958492 | T83: 3.637736 | U83: 5.280634 | V83: 4.465029 | W83: 5.291992 | X83: 5.2109 | Y83: 5.4451 | Z83: 5.6526 | AA83: 2.930481 | AB83: 7.247899 | AC83: 6.8513 | AD83: 5.084805 | AE83: 6.042315 | AF83: 4.514053 | AG83: 7.851572 | AH83: 7.844397 | AI83: 9.265588 | AJ83: 10.834814 | AK83: 8.756314 | AL83: 7.968556 | AM83: 8.387935 | AN83: 7.262531 | AO83: 7.411857 | AP83: 7.133894 | AQ83: 6.585885 | AR83: 7.078505 | AS83: 8.216741 | AT83: 7.492908 | AU83: 7.077706 | AV83: 9.323113 | AW83: 7.229385 | AX83: 7.339078 | AY83: 4.500764 | AZ83: 4.200819 | BA83: 6.378611 | BB83: 6.112134 | BC83: 5.533224 | BD83: 7.420198 | BE83: 8.260018 | BF83: 3.550415 | BG83: 3.628993 | BH83: 3.782922 | BI83: 3.02792 | BJ83: 6.770028 | BK83: 8.368157 | BL83: 5.33347
A84: 104 | B84: '372 | C84: Ireland | D84: 1.122262 | E84: 1.112464 | F84: 1.058416 | G84: 1.001766 | H84: 0.961364 | I84: 0.867234 | J84: 0.903792 | K84: 0.906524 | L84: 0.88861 | M84: 0.932426 | N84: 0.94776 | O84: 0.91085 | P84: 0.868818 | Q84: 0.83877 | R84: 0.837176 | S84: 0.87528 | T84: 0.935884 | U84: 0.94494 | V84: 0.966897 | W84: 1.050175 | X84: 1.012845 | Y84: 0.986295 | Z84: 0.946579 | AA84: 0.973222 | AB84: 0.954133 | AC84: 0.882188 | AD84: 0.826606 | AE84: 0.795977 | AF84: 0.775747 | AG84: 0.74388 | AH84: 0.758707 | AI84: 0.763391 | AJ84: 0.733446 | AK84: 0.722479 | AL84: 0.708521 | AM84: 0.746371 | AN84: 0.768206 | AO84: 0.754279 | AP84: 0.718675 | AQ84: 0.679408 | AR84: 0.69327 | AS84: 0.720772 | AT84: 0.729185 | AU84: 0.741053 | AV84: 0.686438 | AW84: 0.627308 | AX84: 0.630894 | AY84: 0.708959 | AZ84: 0.6706 | BA84: 0.624995 | BB84: 0.680076 | BC84: 0.729487 | BD84: 0.706806 | BE84: 0.68675 | BF84: 0.668337 | BG84: 0.653294 | BH84: 0.638318 | BI84: 0.57466 | BJ84: 0.58523 | BK84: 0.59605 | BL84: 0.60722
A85: 105 | B85: '376 | C85: Israel | D85: 0.558991 | E85: 0.507743 | F85: 0.536205 | G85: 0.605182 | H85: 0.614663 | I85: 0.573166 | J85: 0.62118 | K85: 0.625426 | L85: 0.623971 | M85: 0.5883 | N85: 0.612455 | O85: 0.627326 | P85: 0.607754 | Q85: 0.65512 | R85: 0.629716 | S85: 0.617344 | T85: 0.630978 | U85: 0.625812 | V85: 0.612838 | W85: 0.625984 | X85: 0.619673 | Y85: 0.59553 | Z85: 0.616713 | AA85: 0.562034 | AB85: 0.580171 | AC85: 0.587467 | AD85: 0.574841 | AE85: 0.567452 | AF85: 0.579252 | AG85: 0.590335 | AH85: 0.659804 | AI85: 0.674956 | AJ85: 0.682076 | AK85: 0.670697 | AL85: 0.692493 | AM85: 0.681317 | AN85: 0.681456 | AO85: 0.704065 | AP85: 0.599264 | AQ85: 0.602921 | AR85: 0.646533 | AS85: 0.659486 | AT85: 0.670769 | AU85: 0.644999 | AV85: 0.662401 | AW85: 0.661781 | AX85: 0.653934 | AY85: 0.587767 | AZ85: 0.575844 | BA85: 0.579873 | BB85: 0.591117 | BC85: 0.64281 | BD85: 0.666585 | BE85: 0.667112 | BF85: 0.646057 | BG85: 0.596906 | BH85: 0.585289 | BI85: 0.630418 | BJ85: 0.625912 | BK85: 0.661799 | BL85: 0.6374
A86: 106 | B86: '380 | C86: Italy | D86: 24.067332 | E86: 24.205414 | F86: 23.709132 | G86: 23.375081 | H86: 22.758205 | I86: 22.618907 | J86: 22.08236 | K86: 22.034326 | L86: 21.715687 | M86: 21.491601 | N86: 20.198868 | O86: 19.528167 | P86: 19.184366 | Q86: 19.134366 | R86: 18.945072 | S86: 18.997203 | T86: 17.546042 | U86: 18.824661 | V86: 18.581837 | W86: 18.602287 | X86: 18.383684 | Y86: 18.475155 | Z86: 17.922565 | AA86: 17.813157 | AB86: 17.270184 | AC86: 17.576322 | AD86: 17.453516 | AE86: 17.052026 | AF86: 17.253873 | AG86: 16.765793 | AH86: 18.923327 | AI86: 18.38209 | AJ86: 17.438116 | AK86: 17.812125 | AL86: 17.900557 | AM86: 17.974557 | AN86: 18.168083 | AO86: 18.149331 | AP86: 18.002468 | AQ86: 17.8972 | AR86: 17.615383 | AS86: 17.403652 | AT86: 17.007025 | AU86: 16.965013 | AV86: 16.572473 | AW86: 16.069997 | AX86: 15.867729 | AY86: 16.060946 | AZ86: 15.099841 | BA86: 15.059667 | BB86: 14.737476 | BC86: 14.394012 | BD86: 14.582019 | BE86: 14.533654 | BF86: 14.469454 | BG86: 14.335227 | BH86: 14.202434 | BI86: 11.514313 | BJ86: 11.47446 | BK86: 11.3813 | BL86: 11.29862
A87: 107 | B87: '384 | C87: Côte d'Ivoire | D87: 3.375448 | E87: 3.878812 | F87: 4.00969 | G87: 4.206871 | H87: 4.289274 | I87: 4.306952 | J87: 4.513448 | K87: 4.594495 | L87: 4.743303 | M87: 4.710886 | N87: 4.790583 | O87: 4.910095 | P87: 5.126394 | Q87: 5.538099 | R87: 6.189686 | S87: 6.380516 | T87: 6.678362 | U87: 6.995053 | V87: 7.118095 | W87: 6.227569 | X87: 6.426157 | Y87: 6.704261 | Z87: 6.838995 | AA87: 7.147711 | AB87: 7.234967 | AC87: 7.65512 | AD87: 7.941174 | AE87: 8.456825 | AF87: 8.381738 | AG87: 8.561271 | AH87: 9.504607 | AI87: 9.556864 | AJ87: 9.369479 | AK87: 9.689595 | AL87: 10.33044 | AM87: 10.157626 | AN87: 9.841868 | AO87: 9.760232 | AP87: 10.076052 | AQ87: 10.229425 | AR87: 9.594712 | AS87: 10.025512 | AT87: 9.879968 | AU87: 10.695583 | AV87: 11.303831 | AW87: 12.03487 | AX87: 12.483479 | AY87: 12.089576 | AZ87: 12.363935 | BA87: 12.756497 | BB87: 13.096197 | BC87: 14.649596 | BD87: 16.160377 | BE87: 17.587342 | BF87: 20.077102 | BG87: 19.347396 | BH87: 20.745691 | BI87: 22.428059 | BJ87: 22.663194 | BK87: 24.312855 | BL87: 23.836687
A88: 108 | B88: '398 | C88: Kazakhstan | AI88: 47.455018 | AJ88: 46.535326 | AK88: 41.981192 | AL88: 35.618104 | AM88: 33.715575 | AN88: 30.388442 | AO88: 24.921176 | AP88: 24.284361 | AQ88: 27.112781 | AR88: 28.825907 | AS88: 30.649549 | AT88: 30.992285 | AU88: 31.690908 | AV88: 31.292368 | AW88: 31.935655 | AX88: 33.919955 | AY88: 34.580086 | AZ88: 37.894279 | BA88: 36.363138 | BB88: 38.619782 | BC88: 36.145218 | BD88: 38.488782 | BE88: 36.84619 | BF88: 36.582715 | BG88: 38.36331 | BH88: 40.423248 | BI88: 41.051808 | BJ88: 41.205407 | BK88: 41.921046 | BL88: 42.82559
A89: 109 | B89: '388 | C89: Jamaica | D89: 0.372307 | E89: 0.375509 | F89: 0.343865 | G89: 0.344707 | H89: 0.337785 | I89: 0.334656 | J89: 0.33418 | K89: 0.329388 | L89: 0.305242 | M89: 0.316856 | N89: 0.339215 | O89: 0.348181 | P89: 0.320078 | Q89: 0.339594 | R89: 0.344804 | S89: 0.347776 | T89: 0.3185 | U89: 0.333454 | V89: 0.314409 | W89: 0.319304 | X89: 0.301296 | Y89: 0.291376 | Z89: 0.295666 | AA89: 0.304513 | AB89: 0.33981 | AC89: 0.316562 | AD89: 0.31836 | AE89: 0.301993 | AF89: 0.286394 | AG89: 0.295287 | AH89: 0.368936 | AI89: 0.392234 | AJ89: 0.423575 | AK89: 0.458444 | AL89: 0.455503 | AM89: 0.48141 | AN89: 0.449799 | AO89: 0.421434 | AP89: 0.424651 | AQ89: 0.378498 | AR89: 0.362889 | AS89: 0.397302 | AT89: 0.398553 | AU89: 0.386156 | AV89: 0.367851 | AW89: 0.396001 | AX89: 0.392801 | AY89: 0.384819 | AZ89: 0.360312 | BA89: 0.261336 | BB89: 0.263345 | BC89: 0.267855 | BD89: 0.26486 | BE89: 0.259264 | BF89: 0.255843 | BG89: 0.253989 | BH89: 0.245394 | BI89: 0.248687 | BJ89: 0.24464 | BK89: 0.23609 | BL89: 0.243684
A90: 110 | B90: '392 | C90: Japan | D90: 14.09232 | E90: 13.94026 | F90: 13.59204 | G90: 13.23182 | H90: 12.911444 | I90: 12.68864 | J90: 12.30118 | K90: 12.028805 | L90: 11.69399 | M90: 10.65083 | N90: 9.879894 | O90: 9.494 | P90: 9.16146 | Q90: 9.23575 | R90: 9.24719 | S90: 9.192914 | T90: 9.112373 | U90: 8.816044 | V90: 8.789177 | W90: 8.662306 | X90: 8.543703 | Y90: 8.504994 | Z90: 8.521855 | AA90: 8.57385 | AB90: 8.565767 | AC90: 8.463312 | AD90: 8.225135 | AE90: 8.134191 | AF90: 8.016305 | AG90: 7.850389 | AH90: 8.033832 | AI90: 7.904176 | AJ90: 7.75953 | AK90: 7.67586 | AL90: 7.458254 | AM90: 7.194191 | AN90: 7.01291 | AO90: 6.746863 | AP90: 6.709037 | AQ90: 6.693568 | AR90: 6.630991 | AS90: 6.602777 | AT90: 6.565223 | AU90: 6.543197 | AV90: 6.525116 | AW90: 6.45583 | AX90: 6.370575 | AY90: 6.30039 | AZ90: 6.27545 | BA90: 6.274643 | BB90: 6.187735 | BC90: 6.173348 | BD90: 6.152378 | BE90: 6.125949 | BF90: 6.093888 | BG90: 6.069864 | BH90: 6.030169 | BI90: 5.828617 | BJ90: 5.803635 | BK90: 5.768213 | BL90: 5.654234
A91: 112 | B91: '400 | C91: Jordan | D91: 1.108174 | E91: 1.123602 | F91: 0.916408 | G91: 1.191721 | H91: 1.178042 | I91: 0.904493 | J91: 0.879959 | K91: 0.768615 | L91: 0.628416 | M91: 0.683811 | N91: 0.754886 | O91: 0.764012 | P91: 0.468722 | Q91: 0.843711 | R91: 0.500097 | S91: 0.540909 | T91: 0.498149 | U91: 0.544244 | V91: 0.434302 | W91: 0.520225 | X91: 0.455048 | Y91: 0.466606 | Z91: 0.4753 | AA91: 0.36931 | AB91: 0.451151 | AC91: 0.282973 | AD91: 0.410405 | AE91: 0.413753 | AF91: 0.321127 | AG91: 0.390412 | AH91: 0.406497 | AI91: 0.430326 | AJ91: 0.329711 | AK91: 0.341087 | AL91: 0.396366 | AM91: 0.33193 | AN91: 0.411719 | AO91: 0.387887 | AP91: 0.279359 | AQ91: 0.324778 | AR91: 0.322235 | AS91: 0.442032 | AT91: 0.365772 | AU91: 0.343069 | AV91: 0.402392 | AW91: 0.400255 | AX91: 0.342254 | AY91: 0.343655 | AZ91: 0.35737 | BA91: 0.37635 | BB91: 0.384077 | BC91: 0.388029 | BD91: 0.414425 | BE91: 0.421685 | BF91: 0.416362 | BG91: 0.410015 | BH91: 0.34307 | BI91: 0.35582 | BJ91: 0.377398 | BK91: 0.365793 | BL91: 0.333274
A92: 113 | B92: '417 | C92: Kyrgyzstan | AI92: 1.496005 | AJ92: 1.593459 | AK92: 1.627 | AL92: 1.70629 | AM92: 1.870658 | AN92: 1.968291 | AO92: 1.972076 | AP92: 2.051717 | AQ92: 1.912138 | AR92: 2.029309 | AS92: 2.005861 | AT92: 2.011486 | AU92: 2.101577 | AV92: 2.07451 | AW92: 2.067377 | AX92: 1.984243 | AY92: 2.029493 | AZ92: 1.987312 | BA92: 1.887876 | BB92: 1.975181 | BC92: 1.950928 | BD92: 1.983856 | BE92: 1.945035 | BF92: 2.00686 | BG92: 1.976092 | BH92: 1.971844 | BI92: 1.994061 | BJ92: 1.981442 | BK92: 1.963911 | BL92: 1.954557
A93: 114 | B93: '404 | C93: Kenya | D93: 4.215745 | E93: 4.602326 | F93: 4.832448 | G93: 4.992702 | H93: 5.291503 | I93: 5.024548 | J93: 5.463774 | K93: 5.862163 | L93: 5.805483 | M93: 5.699302 | N93: 5.622676 | O93: 5.980268 | P93: 6.495731 | Q93: 6.580991 | R93: 6.713597 | S93: 7.09072 | T93: 7.250479 | U93: 7.199158 | V93: 6.851013 | W93: 6.309899 | X93: 5.893125 | Y93: 6.138283 | Z93: 6.332317 | AA93: 5.498384 | AB93: 6.965233 | AC93: 7.041782 | AD93: 7.161273 | AE93: 7.756554 | AF93: 8.325976 | AG93: 7.888078 | AH93: 8.626907 | AI93: 9.121413 | AJ93: 8.576955 | AK93: 9.077225 | AL93: 9.00957 | AM93: 7.901733 | AN93: 8.209597 | AO93: 8.011682 | AP93: 8.654641 | AQ93: 8.335175 | AR93: 8.961849 | AS93: 9.008647 | AT93: 9.174572 | AU93: 8.335365 | AV93: 9.419334 | AW93: 10.216284 | AX93: 9.096053 | AY93: 8.694791 | AZ93: 9.80638 | BA93: 9.898332 | BB93: 10.821376 | BC93: 11.448572 | BD93: 11.595484 | BE93: 11.483109 | BF93: 11.352841 | BG93: 11.713792 | BH93: 11.121253 | BI93: 12.019208 | BJ93: 12.278294 | BK93: 11.73512 | BL93: 11.857992
A94: 115 | B94: '116 | C94: Cambodia | D94: 4.904887 | E94: 5.135033 | F94: 5.101365 | G94: 5.434964 | H94: 5.390362 | I94: 4.97761 | J94: 4.72484 | K94: 5.368298 | L94: 4.581169 | M94: 5.355139 | N94: 4.29371 | O94: 3.242095 | P94: 2.070054 | Q94: 1.55806 | R94: 2.2314 | S94: 2.449025 | T94: 2.46738 | U94: 2.430015 | V94: 1.97408 | W94: 3.34426 | X94: 3.1442 | Y94: 3.684715 | Z94: 3.67514 | AA94: 2.371069 | AB94: 3.467271 | AC94: 3.58982 | AD94: 3.27744 | AE94: 4.27482 | AF94: 4.264525 | AG94: 4.267826 | AH94: 4.133304 | AI94: 4.081539 | AJ94: 4.31831 | AK94: 3.68082 | AL94: 4.536492 | AM94: 4.495954 | AN94: 4.624942 | AO94: 4.644258 | AP94: 4.995947 | AQ94: 4.61985 | AR94: 4.795599 | AS94: 4.873424 | AT94: 5.545544 | AU94: 5.43149 | AV94: 6.21427 | AW94: 6.440276 | AX94: 6.656673 | AY94: 6.88035 | AZ94: 7.185069 | BA94: 7.555133 | BB94: 8.078694 | BC94: 8.197893 | BD94: 8.166685 | BE94: 7.894535 | BF94: 7.87244 | BG94: 8.016042 | BH94: 8.576854 | BI94: 9.016228 | BJ94: 9.0972 | BK94: 9.315806 | BL94: 9.298708
A95: 116 | B95: '408 | C95: Democratic People's Republic of Korea | D95: 4.1684 | E95: 4.2503 | F95: 4.4412 | G95: 4.4864 | H95: 4.4306 | I95: 4.3532 | J95: 4.3713 | K95: 4.36406 | L95: 4.4266 | M95: 4.4477 | N95: 4.4938 | O95: 4.5262 | P95: 4.6238 | Q95: 4.7287 | R95: 4.8386 | S95: 4.8592 | T95: 4.9182 | U95: 4.9454 | V95: 4.963 | W95: 4.9845 | X95: 5.0709 | Y95: 5.0284 | Z95: 5.0732 | AA95: 5.0932 | AB95: 5.149 | AC95: 5.1589 | AD95: 5.3435 | AE95: 5.3174 | AF95: 5.3728 | AG95: 5.41575 | AH95: 6.20419 | AI95: 6.029001 | AJ95: 5.760013 | AK95: 5.976494 | AL95: 5.803585 | AM95: 5.599828 | AN95: 5.73826 | AO95: 5.8197 | AP95: 5.81269 | AQ95: 5.677894 | AR95: 5.759301 | AS95: 5.888052 | AT95: 5.909628 | AU95: 5.833386 | AV95: 5.958185 | AW95: 5.887357 | AX95: 5.86344 | AY95: 5.910701 | AZ95: 5.87095 | BA95: 5.84245 | BB95: 5.806 | BC95: 5.7674 | BD95: 5.7854 | BE95: 5.76114 | BF95: 5.90582 | BG95: 5.361523 | BH95: 5.230809 | BI95: 5.16851 | BJ95: 5.434332 | BK95: 5.531229 | BL95: 5.525689
A96: 117 | B96: '410 | C96: Republic of Korea | D96: 5.282953 | E96: 5.425294 | F96: 5.526062 | G96: 5.867941 | H96: 6.240249 | I96: 6.034614 | J96: 6.139124 | K96: 6.122617 | L96: 6.188923 | M96: 6.142401 | N96: 5.856298 | O96: 5.808483 | P96: 5.717123 | Q96: 5.857024 | R96: 5.765284 | S96: 5.833288 | T96: 5.529706 | U96: 5.508622 | V96: 5.363846 | W96: 5.124906 | X96: 5.127426 | Y96: 4.938221 | Z96: 4.91948 | AA96: 4.881811 | AB96: 4.675062 | AC96: 4.663733 | AD96: 4.707007 | AE96: 4.640988 | AF96: 4.567177 | AG96: 4.440887 | AH96: 4.76538 | AI96: 4.595995 | AJ96: 4.606463 | AK96: 4.46875 | AL96: 4.475021 | AM96: 4.407812 | AN96: 4.318402 | AO96: 4.348377 | AP96: 4.331467 | AQ96: 4.330943 | AR96: 4.322219 | AS96: 4.139337 | AT96: 3.961932 | AU96: 3.942378 | AV96: 3.876141 | AW96: 3.751063 | AX96: 3.666789 | AY96: 3.6235 | AZ96: 3.576996 | BA96: 3.502235 | BB96: 3.434097 | BC96: 3.400283 | BD96: 3.366223 | BE96: 3.335239 | BF96: 3.216408 | BG96: 3.177691 | BH96: 3.106883 | BI96: 3.095045 | BJ96: 3.072539 | BK96: 3.009789 | BL96: 2.985006
A97: 118 | B97: '414 | C97: Kuwait | D97: 0.000357 | E97: 0.000405 | F97: 0.000445 | G97: 0.000527 | H97: 0.000573 | I97: 0.000692 | J97: 0.000772 | K97: 0.00096 | L97: 0.001168 | M97: 0.001339 | N97: 0.001556 | O97: 0.001252 | P97: 0.001425 | Q97: 0.001801 | R97: 0.001685 | S97: 0.001799 | T97: 0.002214 | U97: 0.002233 | V97: 0.002427 | W97: 0.002854 | X97: 0.003103 | Y97: 0.003249 | Z97: 0.003479 | AA97: 0.003608 | AB97: 0.00568 | AC97: 0.007136 | AD97: 0.007783 | AE97: 0.009304 | AF97: 0.010281 | AG97: 0.007784 | AH97: 0.00281 | AI97: 0.001332 | AJ97: 0.004337 | AK97: 0.00562 | AL97: 0.00743 | AM97: 0.008947 | AN97: 0.009776 | AO97: 0.01215 | AP97: 0.012713 | AQ97: 0.01325 | AR97: 0.013059 | AS97: 0.014315 | AT97: 0.016528 | AU97: 0.016706 | AV97: 0.018795 | AW97: 0.020288 | AX97: 0.021937 | AY97: 0.020872 | AZ97: 0.022447 | BA97: 0.023227 | BB97: 0.026705 | BC97: 0.024061 | BD97: 0.025308 | BE97: 0.022953 | BF97: 0.019842 | BG97: 0.019654 | BH97: 0.021664 | BI97: 0.021156 | BJ97: 0.023299 | BK97: 0.02426 | BL97: 0.02306
A98: 119 | B98: '428 | C98: Latvia | AI98: 1.762694 | AJ98: 1.67609 | AK98: 1.244464 | AL98: 1.079472 | AM98: 1.138908 | AN98: 1.211912 | AO98: 1.166618 | AP98: 1.049452 | AQ98: 1.047554 | AR98: 1.123044 | AS98: 1.096284 | AT98: 1.147896 | AU98: 1.238326 | AV98: 1.341602 | AW98: 1.461168 | AX98: 1.495032 | AY98: 1.460764 | AZ98: 1.466716 | BA98: 1.451324 | BB98: 1.487644 | BC98: 1.56929 | BD98: 1.635072 | BE98: 1.666502 | BF98: 1.743043 | BG98: 1.8697 | BH98: 1.776713 | BI98: 1.62714 | BJ98: 1.72468 | BK98: 1.7707 | BL98: 1.8149
A99: 120 | B99: '418 | C99: Lao People's Democratic Republic | D99: 1.342289 | E99: 1.29 | F99: 1.30803 | G99: 1.94989 | H99: 1.95865 | I99: 1.98201 | J99: 2.047144 | K99: 1.43918 | L99: 1.458426 | M99: 1.462966 | N99: 1.46642 | O99: 1.46549 | P99: 1.46595 | Q99: 1.507157 | R99: 1.49359 | S99: 1.214746 | T99: 1.291631 | U99: 1.336489 | V99: 1.572921 | W99: 1.666222 | X99: 1.708606 | Y99: 1.700198 | Z99: 1.613795 | AA99: 1.5408 | AB99: 1.550891 | AC99: 1.506775 | AD99: 1.32254 | AE99: 1.348454 | AF99: 1.477757 | AG99: 1.605848 | AH99: 1.449086 | AI99: 1.485426 | AJ99: 1.454328 | AK99: 1.5892 | AL99: 1.479655 | AM99: 1.489096 | AN99: 1.629813 | AO99: 1.720268 | AP99: 1.896788 | AQ99: 2.067514 | AR99: 2.079798 | AS99: 2.0954 | AT99: 2.189898 | AU99: 2.243093 | AV99: 2.187034 | AW99: 2.278614 | AX99: 2.340644 | AY99: 2.615633 | AZ99: 2.808741 | BA99: 2.931964 | BB99: 2.976725 | BC99: 3.138035 | BD99: 3.188573 | BE99: 3.597026 | BF99: 3.772282 | BG99: 3.8373 | BH99: 3.553461 | BI99: 3.358401 | BJ99: 3.340385 | BK99: 3.510459 | BL99: 3.718677
A100: 121 | B100: '422 | C100: Lebanon | D100: 0.410612 | E100: 0.399106 | F100: 0.387738 | G100: 0.433709 | H100: 0.436148 | I100: 0.433447 | J100: 0.404814 | K100: 0.41856 | L100: 0.367755 | M100: 0.372155 | N100: 0.382846 | O100: 0.390271 | P100: 0.38559 | Q100: 0.394353 | R100: 0.373772 | S100: 0.344292 | T100: 0.350462 | U100: 0.348702 | V100: 0.35243 | W100: 0.30416 | X100: 0.30481 | Y100: 0.304104 | Z100: 0.305358 | AA100: 0.299107 | AB100: 0.33028 | AC100: 0.357554 | AD100: 0.416507 | AE100: 0.433447 | AF100: 0.449402 | AG100: 0.460144 | AH100: 0.521094 | AI100: 0.531149 | AJ100: 0.516229 | AK100: 0.514062 | AL100: 0.534499 | AM100: 0.553966 | AN100: 0.542408 | AO100: 0.525074 | AP100: 0.531462 | AQ100: 0.518901 | AR100: 0.504606 | AS100: 0.528929 | AT100: 0.543032 | AU100: 0.541578 | AV100: 0.545894 | AW100: 0.558389 | AX100: 0.554729 | AY100: 0.545591 | AZ100: 0.505394 | BA100: 0.452429 | BB100: 0.479968 | BC100: 0.498623 | BD100: 0.49361 | BE100: 0.498487 | BF100: 0.517732 | BG100: 0.521721 | BH100: 0.531341 | BI100: 0.528697 | BJ100: 0.530638 | BK100: 0.548853 | BL100: 0.547205
A101: 122 | B101: '426 | C101: Lesotho | D101: 0.59519 | E101: 0.59286 | F101: 0.59097 | G101: 0.59609 | H101: 0.62097 | I101: 0.60771 | J101: 0.63231 | K101: 0.676276 | L101: 0.67809 | M101: 0.671492 | N101: 0.702974 | O101: 0.607784 | P101: 0.5713 | Q101: 0.654234 | R101: 0.527302 | S101: 0.46543 | T101: 0.389276 | U101: 0.455174 | V101: 0.446956 | W101: 0.445086 | X101: 0.452232 | Y101: 0.437504 | Z101: 0.405004 | AA101: 0.454572 | AB101: 0.509954 | AC101: 0.44832 | AD101: 0.53733 | AE101: 0.63875 | AF101: 0.491822 | AG101: 0.51763 | AH101: 0.348868 | AI101: 0.343592 | AJ101: 0.349124 | AK101: 0.593708 | AL101: 0.245248 | AM101: 0.486552 | AN101: 0.464062 | AO101: 0.304814 | AP101: 0.4288 | AQ101: 0.478884 | AR101: 0.576181 | AS101: 0.468665 | AT101: 0.447736 | AU101: 0.416228 | AV101: 0.377746 | AW101: 0.544976 | AX101: 0.409928 | AY101: 0.434944 | AZ101: 0.405098 | BA101: 0.465928 | BB101: 0.380308 | BC101: 0.372912 | BD101: 0.351902 | BE101: 0.409218 | BF101: 0.318756 | BG101: 0.148832 | BH101: 0.513636 | BI101: 0.520492 | BJ101: 0.135908 | BK101: 0.18257 | BL101: 0.396248
A102: 123 | B102: '430 | C102: Liberia | D102: 0.68764 | E102: 0.70904 | F102: 0.76706 | G102: 0.80326 | H102: 0.82228 | I102: 0.58158 | J102: 0.5797 | K102: 0.59832 | L102: 0.61636 | M102: 0.66248 | N102: 0.696114 | O102: 0.704992 | P102: 0.72645 | Q102: 0.77479 | R102: 0.74684 | S102: 0.75956 | T102: 0.77256 | U102: 0.76188 | V102: 0.77956 | W102: 0.78332 | X102: 0.82096 | Y102: 0.82893 | Z102: 0.86597 | AA102: 0.85754 | AB102: 0.874212 | AC102: 0.880868 | AD102: 0.885481 | AE102: 0.89724 | AF102: 0.94645 | AG102: 0.693092 | AH102: 0.566621 | AI102: 0.608465 | AJ102: 0.495342 | AK102: 0.445117 | AL102: 0.444006 | AM102: 0.524002 | AN102: 0.720132 | AO102: 0.806456 | AP102: 0.831667 | AQ102: 0.853909 | AR102: 0.829217 | AS102: 0.818046 | AT102: 0.826312 | AU102: 0.841087 | AV102: 0.847526 | AW102: 0.869267 | AX102: 0.953756 | AY102: 0.977108 | AZ102: 1.032139 | BA102: 1.050924 | BB102: 1.081245 | BC102: 1.080399 | BD102: 1.011155 | BE102: 1.04236 | BF102: 1.057494 | BG102: 1.406484 | BH102: 1.068206 | BI102: 1.098163 | BJ102: 1.149573 | BK102: 1.181766 | BL102: 1.172574
A103: 124 | B103: '434 | C103: Libya | D103: 1.039186 | E103: 1.185057 | F103: 1.063121 | G103: 1.055801 | H103: 0.962263 | I103: 1.053567 | J103: 1.257046 | K103: 1.3274 | L103: 1.325908 | M103: 0.817052 | N103: 0.52025 | O103: 0.674021 | P103: 1.024121 | Q103: 1.101781 | R103: 1.318318 | S103: 1.606064 | T103: 0.942769 | U103: 1.543361 | V103: 1.386542 | W103: 1.293287 | X103: 1.0757 | Y103: 0.934285 | Z103: 1.28011 | AA103: 1.13331 | AB103: 1.17094 | AC103: 1.26343 | AD103: 1.335594 | AE103: 1.311654 | AF103: 1.428297 | AG103: 1.288647 | AH103: 1.301285 | AI103: 1.178526 | AJ103: 1.094918 | AK103: 1.06911 | AL103: 1.020469 | AM103: 1.081677 | AN103: 1.126602 | AO103: 1.237311 | AP103: 1.372167 | AQ103: 1.382368 | AR103: 1.313026 | AS103: 1.320332 | AT103: 1.389466 | AU103: 1.511903 | AV103: 1.561337 | AW103: 1.505846 | AX103: 1.508209 | AY103: 1.509714 | AZ103: 1.512551 | BA103: 1.622304 | BB103: 1.741032 | BC103: 1.840544 | BD103: 1.882247 | BE103: 1.885069 | BF103: 1.678439 | BG103: 1.847875 | BH103: 1.578309 | BI103: 1.741338 | BJ103: 1.597904 | BK103: 1.568651 | BL103: 1.564394
A104: 126 | B104: '440 | C104: Lithuania | AI104: 2.869392 | AJ104: 3.053295 | AK104: 2.947999 | AL104: 2.656562 | AM104: 2.76429 | AN104: 3.00845 | AO104: 2.998354 | AP104: 2.882237 | AQ104: 2.6719 | AR104: 2.554852 | AS104: 2.527905 | AT104: 2.367386 | AU104: 2.453364 | AV104: 2.628886 | AW104: 2.71191 | AX104: 2.836764 | AY104: 2.796684 | AZ104: 3.078376 | BA104: 3.0716 | BB104: 3.20514 | BC104: 3.39238 | BD104: 3.491182 | BE104: 3.577176 | BF104: 3.641474 | BG104: 3.760205 | BH104: 3.598259 | BI104: 3.23694 | BJ104: 3.36596 | BK104: 3.4603 | BL104: 3.46677
A105: 127 | B105: '584 | C105: Marshall Islands | AH105: 0.03 | AI105: 0.042 | AJ105: 0.036 | AK105: 0.033519 | AL105: 0.042 | AM105: 0.045 | AN105: 0.042 | AO105: 0.03 | AP105: 0.024 | AQ105: 0.024 | AR105: 0.024 | AS105: 0.024 | AT105: 0.024 | AU105: 0.024 | AV105: 0.024 | AW105: 0.024 | AX105: 0.024 | AY105: 0.024 | AZ105: 0.024 | BA105: 0.024 | BB105: 0.024 | BC105: 0.024 | BD105: 0.024 | BE105: 0.022872 | BF105: 0.022872 | BG105: 0.022872 | BH105: 0.022872 | BI105: 0.020352 | BJ105: 0.019551 | BK105: 0.019551 | BL105: 0.020568
A106: 128 | B106: '446 | C106: China, Macao SAR | D106: 7e-05 | E106: 5e-05 | F106: 5e-05 | G106: 4e-05 | H106: 4e-05 | I106: 6.5e-05 | J106: 5e-05 | K106: 5e-05 | L106: 6e-05 | M106: 5e-05 | N106: 5e-05 | O106: 6e-05 | P106: 6e-05 | Q106: 6e-05 | R106: 6e-05 | S106: 6e-05 | T106: 6e-05 | U106: 7e-05 | V106: 7e-05 | W106: 8e-05 | X106: 8e-05 | Y106: 8e-05 | Z106: 8.5e-05 | AA106: 8.5e-05 | AB106: 8e-05 | AC106: 8e-05 | AD106: 8e-05 | AE106: 7e-05 | AF106: 7e-05 | AG106: 6e-05 | AH106: 7.1e-05 | AI106: 8e-05 | AJ106: 8.5e-05 | AK106: 9e-05 | AL106: 9.4e-05 | AM106: 0.0001 | AN106: 0.000102 | AO106: 0.000105 | AP106: 0.000107 | AQ106: 0.00011 | AR106: 0.000112 | AS106: 0.000115 | AT106: 0.000117 | AU106: 0.000119 | AV106: 0.000121 | AW106: 0.000124 | AX106: 0.000125 | AY106: 0.000128 | AZ106: 0.000129 | BA106: 0.00013 | BB106: 0.000127 | BC106: 0.000125 | BD106: 0.000125 | BE106: 0.00013 | BF106: 0.00013 | BG106: 0.000129 | BH106: 0.000128 | BI106: 0.000132 | BJ106: 0.000132 | BK106: 0.000133 | BL106: 0.000134
A107: 129 | B107: '450 | C107: Madagascar | D107: 2.979575 | E107: 3.109905 | F107: 3.131005 | G107: 3.22766 | H107: 3.24132 | I107: 3.49062 | J107: 3.561645 | K107: 3.63862 | L107: 3.64161 | M107: 3.616738 | N107: 3.691983 | O107: 3.770514 | P107: 3.805371 | Q107: 3.910924 | R107: 3.996265 | S107: 4.080256 | T107: 4.215865 | U107: 4.280127 | V107: 4.320399 | W107: 4.461011 | X107: 4.466016 | Y107: 4.536756 | Z107: 4.653192 | AA107: 4.661084 | AB107: 4.757747 | AC107: 4.851599 | AD107: 4.532382 | AE107: 4.630088 | AF107: 4.746753 | AG107: 4.852324 | AH107: 5.151533 | AI107: 5.116367 | AJ107: 5.407806 | AK107: 5.091568 | AL107: 5.182076 | AM107: 5.217026 | AN107: 5.316158 | AO107: 5.365173 | AP107: 5.375037 | AQ107: 5.414532 | AR107: 5.436686 | AS107: 5.392922 | AT107: 5.444905 | AU107: 5.501254 | AV107: 5.669829 | AW107: 5.780347 | AX107: 5.832929 | AY107: 5.878614 | AZ107: 5.94578 | BA107: 5.988586 | BB107: 5.959306 | BC107: 6.128398 | BD107: 5.428521 | BE107: 5.811754 | BF107: 5.565857 | BG107: 5.861538 | BH107: 5.774616 | BI107: 6.157276 | BJ107: 6.517293 | BK107: 6.51534 | BL107: 6.35519
A108: 130 | B108: '454 | C108: Malawi | D108: 2.635049 | E108: 2.687589 | F108: 2.762519 | G108: 2.771289 | H108: 3.271248 | I108: 3.307472 | J108: 3.038553 | K108: 3.429989 | L108: 3.469058 | M108: 3.363066 | N108: 3.600776 | O108: 3.749854 | P108: 3.930918 | Q108: 3.877711 | R108: 3.651418 | S108: 3.714092 | T108: 3.772261 | U108: 3.91251 | V108: 3.935601 | W108: 3.570741 | X108: 3.824867 | Y108: 4.052445 | Z108: 3.929374 | AA108: 4.011199 | AB108: 4.01003 | AC108: 4.14282 | AD108: 4.152043 | AE108: 4.203009 | AF108: 4.298054 | AG108: 4.489786 | AH108: 5.046656 | AI108: 4.821975 | AJ108: 4.876162 | AK108: 4.4876 | AL108: 5.027321 | AM108: 5.224725 | AN108: 5.310768 | AO108: 5.56375 | AP108: 5.839032 | AQ108: 5.985544 | AR108: 6.323914 | AS108: 6.143778 | AT108: 6.775918 | AU108: 6.833118 | AV108: 7.050199 | AW108: 7.500027 | AX108: 6.568337 | AY108: 7.54232 | AZ108: 7.740283 | BA108: 8.022176 | BB108: 8.125389 | BC108: 9.049711 | BD108: 9.157107 | BE108: 9.373936 | BF108: 9.201772 | BG108: 9.059888 | BH108: 9.479857 | BI108: 9.502616 | BJ108: 9.895876 | BK108: 10.341154 | BL108: 10.445347
A109: 131 | B109: '458 | C109: Malaysia | D109: 2.863817 | E109: 2.923352 | F109: 3.100863 | G109: 3.137483 | H109: 3.298958 | I109: 3.181712 | J109: 3.237462 | K109: 3.427078 | L109: 3.594143 | M109: 3.707433 | N109: 3.859999 | O109: 4.027346 | P109: 4.303549 | Q109: 4.334991 | R109: 4.340168 | S109: 4.505634 | T109: 4.581663 | U109: 4.477238 | V109: 4.631928 | W109: 4.673477 | X109: 4.762141 | Y109: 4.74163 | Z109: 4.811632 | AA109: 4.781051 | AB109: 5.017197 | AC109: 5.175836 | AD109: 5.294762 | AE109: 5.643998 | AF109: 5.775581 | AG109: 5.890791 | AH109: 11.560961 | AI109: 11.741184 | AJ109: 11.970239 | AK109: 12.211921 | AL109: 12.389401 | AM109: 12.796192 | AN109: 13.309125 | AO109: 13.722758 | AP109: 14.337419 | AQ109: 14.449 | AR109: 14.671413 | AS109: 15.162038 | AT109: 15.520068 | AU109: 15.715082 | AV109: 16.22705 | AW109: 16.286311 | AX109: 16.715917 | AY109: 17.193356 | AZ109: 17.585535 | BA109: 18.064998 | BB109: 18.607587 | BC109: 18.78742 | BD109: 19.220513 | BE109: 17.51238 | BF109: 18.104694 | BG109: 18.552503 | BH109: 18.902197 | BI109: 19.161624 | BJ109: 19.246841 | BK109: 19.247323 | BL109: 18.978756
A110: 132 | B110: '462 | C110: Maldives | D110: 0.005673 | E110: 0.005875 | F110: 0.006091 | G110: 0.006485 | H110: 0.006667 | I110: 0.007281 | J110: 0.007111 | K110: 0.007073 | L110: 0.006909 | M110: 0.007205 | N110: 0.007089 | O110: 0.006665 | P110: 0.008851 | Q110: 0.009397 | R110: 0.013044 | S110: 0.008235 | T110: 0.008781 | U110: 0.008405 | V110: 0.007793 | W110: 0.008383 | X110: 0.009073 | Y110: 0.009433 | Z110: 0.010129 | AA110: 0.010913 | AB110: 0.011049 | AC110: 0.011171 | AD110: 0.011157 | AE110: 0.011107 | AF110: 0.010901 | AG110: 0.008979 | AH110: 0.013616 | AI110: 0.014629 | AJ110: 0.014444 | AK110: 0.013947 | AL110: 0.014068 | AM110: 0.015584 | AN110: 0.0141 | AO110: 0.013048 | AP110: 0.011532 | AQ110: 0.014228 | AR110: 0.019368 | AS110: 0.023554 | AT110: 0.025091 | AU110: 0.025101 | AV110: 0.014954 | AW110: 0.006875 | AX110: 0.005457 | AY110: 0.00597 | AZ110: 0.011152 | BA110: 0.009341 | BB110: 0.007966 | BC110: 0.006697 | BD110: 0.006111 | BE110: 0.00665 | BF110: 0.008869 | BG110: 0.007532 | BH110: 0.007736 | BI110: 0.007984 | BJ110: 0.008196 | BK110: 0.008421 | BL110: 0.007268
A111: 133 | B111: '466 | C111: Mali | D111: 3.707105 | E111: 3.78919 | F111: 3.885617 | G111: 3.098419 | H111: 3.014458 | I111: 3.2089 | J111: 3.635639 | K111: 3.283293 | L111: 3.341256 | M111: 3.138892 | N111: 3.078445 | O111: 3.07396 | P111: 3.283846 | Q111: 3.580295 | R111: 3.636206 | S111: 4.174954 | T111: 4.177745 | U111: 2.889639 | V111: 3.2368 | W111: 3.35688 | X111: 3.537508 | Y111: 3.951769 | Z111: 4.161871 | AA111: 4.005999 | AB111: 4.094559 | AC111: 3.981117 | AD111: 3.980259 | AE111: 5.758515 | AF111: 5.51583 | AG111: 6.058564 | AH111: 6.883723 | AI111: 7.916637 | AJ111: 8.830321 | AK111: 8.670078 | AL111: 8.153543 | AM111: 7.369957 | AN111: 7.563915 | AO111: 7.814557 | AP111: 8.763321 | AQ111: 7.231746 | AR111: 9.160985 | AS111: 10.050913 | AT111: 11.182544 | AU111: 8.895355 | AV111: 10.467659 | AW111: 10.509913 | AX111: 10.482472 | AY111: 10.217982 | AZ111: 9.92019 | BA111: 10.799125 | BB111: 15.419391 | BC111: 13.459386 | BD111: 13.831841 | BE111: 13.910586 | BF111: 15.46632 | BG111: 17.022695 | BH111: 17.713124 | BI111: 18.634841 | BJ111: 18.562748 | BK111: 17.069945 | BL111: 19.160157
A112: 134 | B112: '470 | C112: Malta | D112: 0.030094 | E112: 0.029764 | F112: 0.029319 | G112: 0.028827 | H112: 0.025846 | I112: 0.023687 | J112: 0.02344 | K112: 0.022855 | L112: 0.022693 | M112: 0.02026 | N112: 0.019648 | O112: 0.018887 | P112: 0.018034 | Q112: 0.0195 | R112: 0.01939 | S112: 0.020114 | T112: 0.019901 | U112: 0.01947 | V112: 0.019996 | W112: 0.020346 | X112: 0.018695 | Y112: 0.01905 | Z112: 0.019732 | AA112: 0.019034 | AB112: 0.022388 | AC112: 0.021846 | AD112: 0.02135 | AE112: 0.021386 | AF112: 0.020642 | AG112: 0.020621 | AH112: 0.020178 | AI112: 0.021219 | AJ112: 0.021749 | AK112: 0.023019 | AL112: 0.024211 | AM112: 0.01983 | AN112: 0.02153 | AO112: 0.023114 | AP112: 0.022697 | AQ112: 0.023038 | AR112: 0.024091 | AS112: 0.021403 | AT112: 0.021384 | AU112: 0.023317 | AV112: 0.02279 | AW112: 0.026001 | AX112: 0.023588 | AY112: 0.026487 | AZ112: 0.025123 | BA112: 0.024874 | BB112: 0.025276 | BC112: 0.025112 | BD112: 0.025097 | BE112: 0.026061 | BF112: 0.026067 | BG112: 0.023916 | BH112: 0.025471 | BI112: 0.00252 | BJ112: 0.00252 | BK112: 0.00234 | BL112: 0.00236
A113: 135 | B113: '474 | C113: Martinique | D113: 0.05638 | E113: 0.05563 | F113: 0.056635 | G113: 0.05443 | H113: 0.05434 | I113: 0.0527 | J113: 0.04787 | K113: 0.04786 | L113: 0.04619 | M113: 0.04425 | N113: 0.04632 | O113: 0.04833 | P113: 0.044928 | Q113: 0.04467 | R113: 0.04512 | S113: 0.045776 | T113: 0.04559 | U113: 0.044642 | V113: 0.0401 | W113: 0.03685 | X113: 0.034542 | Y113: 0.03645 | Z113: 0.03648 | AA113: 0.036994 | AB113: 0.040785 | AC113: 0.042169 | AD113: 0.040191 | AE113: 0.038664 | AF113: 0.036928 | AG113: 0.035719 | AH113: 0.036257 | AI113: 0.036435 | AJ113: 0.036176 | AK113: 0.036714 | AL113: 0.036155 | AM113: 0.043468 | AN113: 0.044826 | AO113: 0.045368 | AP113: 0.046159 | AQ113: 0.043177 | AR113: 0.043425 | AS113: 0.045388 | AT113: 0.06552 | AU113: 0.056897 | AV113: 0.036567 | AW113: 0.035165
...

Sheet regions_full
A1: polity_code | B1: polity_name | C1: V1 | D1: code | E1: iso3c | F1: FAOSTAT_name | G1: EU27 | H1: name | I1: eia | J1: iea | K1: water_code | L1: water_area | M1: baci | N1: fish | O1: region_code | P1: cbs | Q1: fabio_code | R1: ADB_Region | S1: region | T1: uISO3c | U1: Lassaletta | V1: region_krausmann | W1: region_HANPP | X1: region_krausmann2 | Y1: region_UN_sub | Z1: region_UN | AA1: region_ILO1 | AB1: region_ILO2 | AC1: region_ILO3 | AD1: region_IEA | AE1: region_IPCC | AF1: region_labour | AG1: region_labour_agg | AH1: region_labour_mech | AI1: region_test
B2: =IFERROR(VLOOKUP(A2,polities_whep!$A$1:$G$199,2,0),"") | C2: 30 | D2: 30 | E2: ATA | F2: =VLOOKUP(D2,FAO_areas!$A$2:$C$246,3,0) -> #N/A | G2: FALSE | H2: Antarctica | I2: Antarctica | K2: 999 | L2: Global average | M2: NA | N2: 10 | O2: 19 | P2: FALSE | Q2: 999 | S2: #N/A | T2: 1 | U2: Antarctica | V2: Northern Africa and Western Asia | W2: North Africa and West Asia | X2: MENA
B3: =IFERROR(VLOOKUP(A3,polities_whep!$A$1:$G$199,2,0),"") | C3: 259 | D3: 351 | F3: =VLOOKUP(D3,FAO_areas!$A$2:$C$246,3,0) -> China | G3: FALSE | H3: China | K3: 351 | L3: China | M3: 156 | N3: 156 | O3: 14 | P3: FALSE | S3: East Asia | T3: 1 | U3: China | V3: Eastern Asia | W3: East Asia | X3: S&E Asia
B4: =IFERROR(VLOOKUP(A4,polities_whep!$A$1:$G$199,2,0),"") | C4: 149 | D4: 152 | E4: NTZ | F4: =VLOOKUP(D4,FAO_areas!$A$2:$C$246,3,0) -> #N/A | G4: FALSE | H4: Neutral Zone | K4: 999 | L4: Global average | M4: NA | N4: 536 | O4: 12 | P4: FALSE | Q4: 999 | S4: Middle East | T4: 1 | U4: Neutral Zone | V4: Northern Africa and Western Asia | W4: North Africa and West Asia | X4: MENA | AI4: =IF(Z4="Europe","Europe","Other") -> Other
B5: =IFERROR(VLOOKUP(A5,polities_whep!$A$1:$G$199,2,0),"") | C5: 245 | D5: 254 | E5: OXY | F5: =VLOOKUP(D5,FAO_areas!$A$2:$C$246,3,0) -> #N/A | G5: FALSE | H5: Others (adjustment) | K5: 999 | L5: Global average | M5: NA | N5: NA | O5: NA | P5: FALSE | Q5: 999 | S5: #N/A | T5: 1 | U5: Others (adjustment) | V5: Northern Africa and Western Asia | W5: North Africa and West Asia | X5: MENA
B6: =IFERROR(VLOOKUP(A6,polities_whep!$A$1:$G$199,2,0),"") | C6: 260 | D6: 999 | E6: ROW | F6: =VLOOKUP(D6,FAO_areas!$A$2:$C$246,3,0) -> #N/A | G6: FALSE | H6: RoW | K6: 999 | L6: Global average | M6: NA | N6: NA | O6: NA | P6: TRUE | Q6: 999 | S6: #N/A | T6: 1 | U6: RoW | V6: Northern Africa and Western Asia | W6: North Africa and West Asia | X6: RoW | Y6: RoW | Z6: RoW | AA6: RoW | AB6: RoW | AC6: RoW | AD6: RoW | AE6: RoW | AF6: RoW | AG6: RoW | AH6: RoW | AI6: =IF(Z6="Europe","Europe","Other") -> Other
B7: =IFERROR(VLOOKUP(A7,polities_whep!$A$1:$G$199,2,0),"") | C7: 244 | D7: 252 | E7: UXY | F7: =VLOOKUP(D7,FAO_areas!$A$2:$C$246,3,0) -> #N/A | G7: FALSE | H7: Unspecified | K7: 999 | L7: Global average | M7: NA | N7: 896 | O7: NA | P7: FALSE | Q7: 999 | T7: 1 | U7: Unspecified | V7: Northern Africa and Western Asia | W7: North Africa and West Asia | X7: MENA | AI7: =IF(Z7="Europe","Europe","Other") -> Other
A8: =VLOOKUP(Q8,regions_fabio!$A$2:$C$192,3,0) -> AFG | B8: =IFERROR(VLOOKUP(A8,polities_whep!$A$1:$G$199,2,0),"") -> Afghanistan | C8: 2 | D8: 2 | E8: AFG | F8: =VLOOKUP(D8,FAO_areas!$A$2:$C$246,3,0) -> Afghanistan | G8: FALSE | H8: Afghanistan | I8: Afghanistan | K8: 2 | L8: Afghanistan | M8: 4 | N8: 4 | O8: 13 | P8: TRUE | Q8: 2 | S8: South Asia | T8: 1 | U8: Afghanistan | V8: Southern Asia | W8: South and Central Asia | X8: Southern Asia | Y8: Southern Asia | Z8: Asia | AA8: Asia and the Pacific | AB8: Southern Asia | AC8: Southern Asia | AD8: Emerging | AE8: Annex_II | AF8: Southern Asia | AG8: SE-Asia | AH8: no_mech | AI8: =IF(Z8="Europe","Europe","Other") -> Other
A9: RAFR | B9: =IFERROR(VLOOKUP(A9,polities_whep!$A$1:$G$199,2,0),"") -> Africa Other | C9: 45 | D9: 45 | E9: COM | F9: =VLOOKUP(D9,FAO_areas!$A$2:$C$246,3,0) -> Comoros | G9: FALSE | H9: Comoros | I9: Comoros | K9: 45 | L9: Comoros | M9: 174 | N9: 174 | O9: 7 | P9: FALSE | Q9: 999 | S9: Eastern Africa | T9: 1 | U9: Comoros | V9: Subsaharan Africa | W9: Sub-saharan Africa | X9: SSA | Y9: Sub-Saharan Africa | Z9: Africa | AA9: Africa | AB9: Sub-Saharan Africa | AC9: Eastern Africa | AD9: Emerging | AE9: Annex_II | AF9: Eastern Africa | AG9: SAA | AH9: no_mech | AI9: =IF(Z9="Europe","Europe","Other") -> Other
A10: RAFR | B10: =IFERROR(VLOOKUP(A10,polities_whep!$A$1:$G$199,2,0),"") -> Africa Other | C10: 250 | D10: 270 | E10: MYT | F10: =VLOOKUP(D10,FAO_areas!$A$2:$C$246,3,0) -> #N/A | G10: FALSE | H10: Mayotte | K10: 999 | L10: Global average | M10: 175 | N10: 175 | O10: 7 | P10: FALSE | Q10: 999 | S10: Eastern Africa | T10: 1 | U10: Mayotte | V10: Subsaharan Africa | W10: Sub-saharan Africa | X10: SSA | Y10: Sub-Saharan Africa | Z10: Africa | AA10: Africa | AB10: Sub-Saharan Africa | AC10: Eastern Africa | AD10: Emerging | AE10: Annex_II | AF10: Eastern Africa | AG10: SAA | AH10: no_mech | AI10: =IF(Z10="Europe","Europe","Other") -> Other
A11: RAFR | B11: =IFERROR(VLOOKUP(A11,polities_whep!$A$1:$G$199,2,0),"") -> Africa Other | C11: 179 | D11: 182 | E11: REU | F11: =VLOOKUP(D11,FAO_areas!$A$2:$C$246,3,0) -> Réunion | G11: FALSE | H11: Reunion | I11: Reunion | K11: 182 | L11: Reunion | M11: NA | N11: 638 | O11: 7 | P11: FALSE | Q11: 999 | S11: Eastern Africa | T11: 1 | U11: Reunion | V11: Subsaharan Africa | W11: Sub-saharan Africa | X11: SSA | Y11: Sub-Saharan Africa | Z11: Africa | AA11: Africa | AB11: Sub-Saharan Africa | AC11: Eastern Africa | AD11: Emerging | AE11: Annex_II | AF11: Eastern Africa | AG11: SAA | AH11: no_mech | AI11: =IF(Z11="Europe","Europe","Other") -> Other
A12: RAFR | B12: =IFERROR(VLOOKUP(A12,polities_whep!$A$1:$G$199,2,0),"") -> Africa Other | C12: 184 | D12: 187 | E12: SHN | F12: =VLOOKUP(D12,FAO_areas!$A$2:$C$246,3,0) -> #N/A | G12: FALSE | H12: Saint Helena, Ascension and Tristan da Cunha | I12: Saint Helena | K12: 999 | L12: Global average | M12: 654 | N12: 654 | O12: 6 | P12: FALSE | Q12: 999 | S12: Western Africa | T12: 1 | U12: Saint Helena, Ascension and Tristan da Cunha | V12: Subsaharan Africa | W12: Sub-saharan Africa | X12: SSA | Y12: Sub-Saharan Africa | Z12: Africa | AA12: Africa | AB12: Sub-Saharan Africa | AC12: Western Africa | AD12: Emerging | AE12: Annex_II | AF12: Western Africa | AG12: SAA | AH12: no_mech | AI12: =IF(Z12="Europe","Europe","Other") -> Other
A13: RAFR | B13: =IFERROR(VLOOKUP(A13,polities_whep!$A$1:$G$199,2,0),"") -> Africa Other | C13: 193 | D13: 196 | E13: SYC | F13: =VLOOKUP(D13,FAO_areas!$A$2:$C$246,3,0) -> Seychelles | G13: FALSE | H13: Seychelles | I13: Seychelles | K13: 196 | L13: Seychelles | M13: 690 | N13: 690 | O13: 7 | P13: FALSE | Q13: 999 | S13: Eastern Africa | T13: 1 | U13: Seychelles | V13: Subsaharan Africa | W13: Sub-saharan Africa | X13: SSA | Y13: Sub-Saharan Africa | Z13: Africa | AA13: Africa | AB13: Sub-Saharan Africa | AC13: Eastern Africa | AD13: Emerging | AE13: Annex_II | AF13: Eastern Africa | AG13: SAA | AH13: no_mech | AI13: =IF(Z13="Europe","Europe","Other") -> Other
A14: RAFR | B14: =IFERROR(VLOOKUP(A14,polities_whep!$A$1:$G$199,2,0),"") -> Africa Other | C14: 201 | D14: 205 | E14: ESH | F14: =VLOOKUP(D14,FAO_areas!$A$2:$C$246,3,0) -> #N/A | G14: FALSE | H14: Western Sahara | I14: Western Sahara | K14: 205 | L14: Western Sahara | M14: NA | N14: 732 | O14: 5 | P14: FALSE | Q14: 999 | S14: Northern Africa | T14: 1 | U14: Western Sahara | V14: Northern Africa and Western Asia | W14: North Africa and West Asia | X14: MENA | Y14: Northern Africa | Z14: Africa | AA14: Africa | AB14: Northern Africa | AC14: Northern Africa | AF14: Northern Africa | AG14: MENA | AH14: no_mech | AI14: =IF(Z14="Europe","Europe","Other") -> Other
A15: RAFR | B15: Africa Other
A16: =VLOOKUP(Q16,regions_fabio!$A$2:$C$192,3,0) -> ALB | B16: =IFERROR(VLOOKUP(A16,polities_whep!$A$1:$G$199,2,0),"") -> Albania | C16: 3 | D16: 3 | E16: ALB | F16: =VLOOKUP(D16,FAO_areas!$A$2:$C$246,3,0) -> Albania | G16: FALSE | H16: Albania | I16: Albania | J16: Albania | K16: 3 | L16: Albania | M16: 8 | N16: 8 | O16: 10 | P16: TRUE | Q16: 3 | S16: Eastern Europe | T16: 1 | U16: Albania | V16: Eastern and South Eastern Europe | W16: East Europe | X16: Europe | Y16: Southern Europe | Z16: Europe | AA16: Europe and Central Asia | AB16: Northern, Southern and Western Europe | AC16: Southern Europe | AD16: Emerging | AE16: Annex_II | AF16: Southern Europe | AG16: Europe | AH16: mech | AI16: =IF(Z16="Europe","Europe","Other") -> Europe
A17: =VLOOKUP(Q17,regions_fabio!$A$2:$C$192,3,0) -> DZA | B17: =IFERROR(VLOOKUP(A17,polities_whep!$A$1:$G$199,2,0),"") -> Algeria | C17: 4 | D17: 4 | E17: DZA | F17: =VLOOKUP(D17,FAO_areas!$A$2:$C$246,3,0) -> Algeria | G17: FALSE | H17: Algeria | I17: Algeria | J17: Algeria | K17: 4 | L17: Algeria | M17: 12 | N17: 12 | O17: 5 | P17: TRUE | Q17: 4 | S17: Northern Africa | T17: 1 | U17: Algeria | V17: Northern Africa and Western Asia | W17: North Africa and West Asia | X17: MENA | Y17: Northern Africa | Z17: Africa | AA17: Africa | AB17: Northern Africa | AC17: Northern Africa | AD17: Emerging | AE17: Annex_II | AF17: Northern Africa | AG17: MENA | AH17: no_mech | AI17: =IF(Z17="Europe","Europe","Other") -> Other
A18: =VLOOKUP(Q18,regions_fabio!$A$2:$C$192,3,0) -> AGO | B18: =IFERROR(VLOOKUP(A18,polities_whep!$A$1:$G$199,2,0),"") -> Angola | C18: 7 | D18: 7 | E18: AGO | F18: =VLOOKUP(D18,FAO_areas!$A$2:$C$246,3,0) -> Angola | G18: FALSE | H18: Angola | I18: Angola | J18: Angola | K18: 7 | L18: Angola | M18: 24 | N18: 24 | O18: 8 | P18: TRUE | Q18: 7 | S18: Southern Africa | T18: 1 | U18: Angola | V18: Subsaharan Africa | W18: Sub-saharan Africa | X18: SSA | Y18: Sub-Saharan Africa | Z18: Africa | AA18: Africa | AB18: Sub-Saharan Africa | AC18: Central Africa | AD18: Emerging | AE18: Annex_II | AF18: Middle Africa | AG18: SAA | AH18: Middle Africa | AI18: =IF(Z18="Europe","Europe","Other") -> Other
A19: =VLOOKUP(Q19,regions_fabio!$A$2:$C$192,3,0) -> ATG | B19: =IFERROR(VLOOKUP(A19,polities_whep!$A$1:$G$199,2,0),"") -> Antigua and Barbuda | C19: 8 | D19: 8 | E19: ATG | F19: =VLOOKUP(D19,FAO_areas!$A$2:$C$246,3,0) -> Antigua and Barbuda | G19: FALSE | H19: Antigua and Barbuda | I19: Antigua and Barbuda | K19: 8 | L19: Antigua and Barbuda | M19: 28 | N19: 28 | O19: 3 | P19: TRUE | Q19: 8 | S19: Central America | T19: 1 | U19: Antigua and Barbuda | V19: Latin America and the Caribbean | W19: Latin America and Caribbean | X19: LACA | Y19: Latin America and the Caribbean | Z19: Americas | AA19: Americas | AB19: Latin America and the Caribbean | AC19: Caribbean | AD19: Emerging | AE19: Annex_II | AF19: Caribbean & Centra Am. | AG19: LACA | AH19: no_mech | AI19: =IF(Z19="Europe","Europe","Other") -> Other
A20: =VLOOKUP(Q20,regions_fabio!$A$2:$C$192,3,0) -> ARG | B20: =IFERROR(VLOOKUP(A20,polities_whep!$A$1:$G$199,2,0),"") -> Argentina | C20: 9 | D20: 9 | E20: ARG | F20: =VLOOKUP(D20,FAO_areas!$A$2:$C$246,3,0) -> Argentina | G20: FALSE | H20: Argentina | I20: Argentina | J20: Argentina | K20: 9 | L20: Argentina | M20: 32 | N20: 32 | O20: 4 | P20: TRUE | Q20: 9 | S20: South America | T20: 1 | U20: Argentina | V20: Latin America and the Caribbean | W20: Latin America and Caribbean | X20: LACA | Y20: Latin America and the Caribbean | Z20: Americas | AA20: Americas | AB20: Latin America and the Caribbean | AC20: South America | AD20: Emerging | AE20: Annex_II | AF20: South America - South Cone | AG20: LACA | AH20: mech | AI20: =IF(Z20="Europe","Europe","Other") -> Other
A21: =VLOOKUP(Q21,regions_fabio!$A$2:$C$192,3,0) -> ARM | B21: =IFERROR(VLOOKUP(A21,polities_whep!$A$1:$G$199,2,0),"") -> Armenia | C21: 1 | D21: 1 | E21: ARM | F21: =VLOOKUP(D21,FAO_areas!$A$2:$C$246,3,0) -> Armenia | G21: FALSE | H21: Armenia | I21: Armenia | J21: Armenia | K21: 1 | L21: Armenia | M21: 51 | N21: 51 | O21: 11 | P21: TRUE | Q21: 1 | S21: Former USSR | T21: 1 | U21: Armenia | V21: Central Asia and Russian Federation | W21: South and Central Asia | X21: CAS & Russia | Y21: Western Asia | Z21: Asia | AA21: Europe and Central Asia | AB21: Central and Western Asia | AC21: Western Asia | AD21: Emerging | AE21: Annex_II | AF21: FSU | AG21: FSU | AH21: no_mech | AI21: =IF(Z21="Europe","Europe","Other") -> Other
A22: RASI | B22: =IFERROR(VLOOKUP(A22,polities_whep!$A$1:$G$199,2,0),"") -> Asia Other | C22: 18 | D22: 18 | E22: BTN | F22: =VLOOKUP(D22,FAO_areas!$A$2:$C$246,3,0) -> Bhutan | G22: FALSE | H22: Bhutan | I22: Bhutan | K22: 18 | L22: Bhutan | M22: 64 | N22: 64 | O22: 13 | P22: FALSE | Q22: 999 | S22: South Asia | T22: 1 | U22: Bhutan | V22: Southern Asia | W22: South and Central Asia | X22: Southern Asia | Y22: Southern Asia | Z22: Asia | AA22: Asia and the Pacific | AB22: Southern Asia | AC22: Southern Asia | AD22: Emerging | AE22: Annex_II | AF22: Southern Asia | AG22: SE-Asia | AH22: no_mech | AI22: =IF(Z22="Europe","Europe","Other") -> Other
A23: RASI | B23: =IFERROR(VLOOKUP(A23,polities_whep!$A$1:$G$199,2,0),"") -> Asia Other | C23: 24 | D23: 24 | E23: IOT | F23: =VLOOKUP(D23,FAO_areas!$A$2:$C$246,3,0) -> #N/A | G23: FALSE | H23: British Indian Ocean Territory | K23: 999 | L23: Global average | M23: 86 | N23: 86 | O23: 13 | P23: FALSE | Q23: 999 | S23: South Asia | T23: 1 | U23: British Indian Ocean Territory | V23: Southern Asia | W23: South and Central Asia | X23: Southern Asia | Y23: Sub-Saharan Africa | Z23: Asia | AA23: Asia and the Pacific | AB23: Southern Asia | AC23: Southern Asia | AD23: Emerging | AE23: Annex_II | AF23: Southern Asia | AG23: SE-Asia | AH23: no_mech | AI23: =IF(Z23="Europe","Europe","Other") -> Other
A24: RASI | B24: =IFERROR(VLOOKUP(A24,polities_whep!$A$1:$G$199,2,0),"") -> Asia Other | C24: 161 | D24: 164 | E24: PCI | F24: =VLOOKUP(D24,FAO_areas!$A$2:$C$246,3,0) -> #N/A | G24: FALSE | H24: Pacific Islands Trust Territory | K24: 999 | L24: Global average | M24: NA | N24: 582 | O24: 15 | P24: FALSE | Q24: 999 | S24: South East Asia | T24: 1 | U24: Pacific Islands Trust Territory | V24: Southeastern Asia | W24: South and Central Asia | X24: S&E Asia | Y24: Australia and New Zealand | Z24: Asia | AA24: Asia and the Pacific | AB24: South-Eastern Asia and the Pacific | AC24: Pacific Islands | AD24: Emerging | AE24: Annex_II | AF24: Pacific | AG24: AUS | AH24: mech | AI24: =IF(Z24="Europe","Europe","Other") -> Other
A25: RASI | B25: Asia Other
A26: =VLOOKUP(Q26,regions_fabio!$A$2:$C$192,3,0) -> AUS | B26: =IFERROR(VLOOKUP(A26,polities_whep!$A$1:$G$199,2,0),"") -> Australia | C26: 10 | D26: 10 | E26: AUS | F26: =VLOOKUP(D26,FAO_areas!$A$2:$C$246,3,0) -> Australia | G26: FALSE | H26: Australia | I26: Australia | J26: Australia | K26: 10 | L26: Australia | M26: 36 | N26: 36 | O26: 16 | P26: TRUE | Q26: 10 | S26: Oceania | T26: 1 | U26: Australia | V26: Australia and Oceania | W26: North America and Oceania | X26: Oceania | Y26: Australia and New Zealand | Z26: Oceania | AA26: Asia and the Pacific | AB26: South-Eastern Asia and the Pacific | AC26: Pacific Islands | AD26: Advanced | AE26: Annex_I | AF26: Pacific | AG26: AUS | AH26: mech | AI26: =IF(Z26="Europe","Europe","Other") -> Other
A27: =VLOOKUP(Q27,regions_fabio!$A$2:$C$192,3,0) -> AUT | B27: =IFERROR(VLOOKUP(A27,polities_whep!$A$1:$G$199,2,0),"") -> Austria | C27: 11 | D27: 11 | E27: AUT | F27: =VLOOKUP(D27,FAO_areas!$A$2:$C$246,3,0) -> Austria | G27: TRUE | H27: Austria | I27: Austria | J27: Austria | K27: 11 | L27: Austria | M27: 40 | N27: 40 | O27: 9 | P27: TRUE | Q27: 11 | S27: OECD Europe | T27: 1 | U27: Austria | V27: Western Europe | W27: West Europe | X27: Europe | Y27: Western Europe | Z27: Europe | AA27: Europe and Central Asia | AB27: Northern, Southern and Western Europe | AC27: Western Europe | AD27: Advanced | AE27: Annex_I | AF27: Western Europe | AG27: Europe | AH27: mech | AI27: =IF(Z27="Europe","Europe","Other") -> Europe
A28: =VLOOKUP(Q28,regions_fabio!$A$2:$C$192,3,0) -> AZE | B28: =IFERROR(VLOOKUP(A28,polities_whep!$A$1:$G$199,2,0),"") -> Azerbaijan | C28: 52 | D28: 52 | E28: AZE | F28: =VLOOKUP(D28,FAO_areas!$A$2:$C$246,3,0) -> Azerbaijan | G28: FALSE | H28: Azerbaijan | I28: Azerbaijan | J28: Azerbaijan | K28: 52 | L28: Azerbaijan | M28: 31 | N28: 31 | O28: 11 | P28: TRUE | Q28: 52 | S28: Former USSR | T28: 1 | U28: Azerbaijan | V28: Central Asia and Russian Federation | W28: South and Central Asia | X28: CAS & Russia | Y28: Western Asia | Z28: Asia | AA28: Europe and Central Asia | AB28: Central and Western Asia | AC28: Western Asia | AD28: Emerging | AE28: Annex_II | AF28: FSU | AG28: FSU | AH28: no_mech | AI28: =IF(Z28="Europe","Europe","Other") -> Other
A29: =VLOOKUP(Q29,regions_fabio!$A$2:$C$192,3,0) -> BHS | B29: =IFERROR(VLOOKUP(A29,polities_whep!$A$1:$G$199,2,0),"") -> Bahamas | C29: 12 | D29: 12 | E29: BHS | F29: =VLOOKUP(D29,FAO_areas!$A$2:$C$246,3,0) -> Bahamas | G29: FALSE | H29: Bahamas | I29: Bahamas, The | K29: 12 | L29: Bahamas | M29: 44 | N29: 44 | O29: 3 | P29: TRUE | Q29: 12 | S29: Central America | T29: 1 | U29: Bahamas | V29: Latin America and the Caribbean | W29: Latin America and Caribbean | X29: LACA | Y29: Latin America and the Caribbean | Z29: Americas | AA29: Americas | AB29: Latin America and the Caribbean | AC29: Caribbean | AD29: Emerging | AE29: Annex_II | AF29: Caribbean & Centra Am. | AG29: LACA | AH29: no_mech | AI29: =IF(Z29="Europe","Europe","Other") -> Other
A30: =VLOOKUP(Q30,regions_fabio!$A$2:$C$192,3,0) -> BHR | B30: =IFERROR(VLOOKUP(A30,polities_whep!$A$1:$G$199,2,0),"") -> Bahrain | C30: 13 | D30: 13 | E30: BHR | F30: =VLOOKUP(D30,FAO_areas!$A$2:$C$246,3,0) -> Bahrain | G30: FALSE | H30: Bahrain | I30: Bahrain | J30: Bahrain | K30: 13 | L30: Bahrain | M30: 48 | N30: 48 | O30: 12 | P30: TRUE | Q30: 13 | S30: Middle East | T30: 1 | U30: Bahrain | V30: Northern Africa and Western Asia | W30: North Africa and West Asia | X30: MENA | Y30: Western Asia | Z30: Asia | AA30: Arab States | AB30: Arab States | AC30: Arab States | AD30: Emerging | AE30: Annex_II | AF30: Western Asia | AG30: MENA | AH30: no_mech | AI30: =IF(Z30="Europe","Europe","Other") -> Other
A31: =VLOOKUP(Q31,regions_fabio!$A$2:$C$192,3,0) -> BGD | B31: =IFERROR(VLOOKUP(A31,polities_whep!$A$1:$G$199,2,0),"") -> Bangladesh | C31: 16 | D31: 16 | E31: BGD | F31: =VLOOKUP(D31,FAO_areas!$A$2:$C$246,3,0) -> Bangladesh | G31: FALSE | H31: Bangladesh | I31: Bangladesh | J31: Bangladesh | K31: 16 | L31: Bangladesh | M31: 50 | N31: 50 | O31: 13 | P31: TRUE | Q31: 16 | S31: South Asia | T31: 1 | U31: Bangladesh | V31: Southern Asia | W31: South and Central Asia | X31: Southern Asia | Y31: Southern Asia | Z31: Asia | AA31: Asia and the Pacific | AB31: Southern Asia | AC31: Southern Asia | AD31: Emerging | AE31: Annex_II | AF31: Southern Asia | AG31: SE-Asia | AH31: no_mech | AI31: =IF(Z31="Europe","Europe","Other") -> Other
A32: =VLOOKUP(Q32,regions_fabio!$A$2:$C$192,3,0) -> BRB | B32: =IFERROR(VLOOKUP(A32,polities_whep!$A$1:$G$199,2,0),"") -> Barbados | C32: 14 | D32: 14 | E32: BRB | F32: =VLOOKUP(D32,FAO_areas!$A$2:$C$246,3,0) -> Barbados | G32: FALSE | H32: Barbados | I32: Barbados | K32: 14 | L32: Barbados | M32: 52 | N32: 52 | O32: 3 | P32: TRUE | Q32: 14 | S32: Central America | T32: 1 | U32: Barbados | V32: Latin America and the Caribbean | W32: Latin America and Caribbean | X32: LACA | Y32: Latin America and the Caribbean | Z32: Americas | AA32: Americas | AB32: Latin America and the Caribbean | AC32: Caribbean | AD32: Emerging | AE32: Annex_II | AF32: Caribbean & Centra Am. | AG32: LACA | AH32: no_mech | AI32: =IF(Z32="Europe","Europe","Other") -> Other
A33: =VLOOKUP(Q33,regions_fabio!$A$2:$C$192,3,0) -> BLR | B33: =IFERROR(VLOOKUP(A33,polities_whep!$A$1:$G$199,2,0),"") -> Belarus | C33: 57 | D33: 57 | E33: BLR | F33: =VLOOKUP(D33,FAO_areas!$A$2:$C$246,3,0) -> Belarus | G33: FALSE | H33: Belarus | I33: Belarus | J33: Belarus | K33: 57 | L33: Belarus | M33: 112 | N33: 112 | O33: 11 | P33: TRUE | Q33: 57 | S33: Former USSR | T33: 1 | U33: Belarus | V33: Central Asia and Russian Federation | W33: South and Central Asia | X33: CAS & Russia | Y33: Eastern Europe | Z33: Europe | AA33: Europe and Central Asia | AB33: Eastern Europe | AC33: Eastern Europe | AD33: Emerging | AE33: Annex_I | AF33: FSU | AG33: FSU | AH33: mech | AI33: =IF(Z33="Europe","Europe","Other") -> Europe
A34: =VLOOKUP(Q34,regions_fabio!$A$2:$C$192,3,0) -> BEL | B34: =IFERROR(VLOOKUP(A34,polities_whep!$A$1:$G$199,2,0),"") -> Belgium | C34: 246 | D34: 255 | E34: BEL | F34: =VLOOKUP(D34,FAO_areas!$A$2:$C$246,3,0) -> Belgium | G34: TRUE | H34: Belgium | I34: Belgium | J34: Belgium | K34: 255 | L34: Belgium | M34: 56 | N34: 56 | O34: 9 | P34: TRUE | Q34: 255 | R34: BE | S34: OECD Europe | T34: 1 | U34: Belgium | V34: Western Europe | W34: West Europe | X34: Europe | Y34: Western Europe | Z34: Europe | AA34: Europe and Central Asia | AB34: Northern, Southern and Western Europe | AC34: Western Europe | AD34: Advanced | AE34: Annex_I | AF34: Western Europe | AG34: Europe | AH34: mech | AI34: =IF(Z34="Europe","Europe","Other") -> Europe
A35: =VLOOKUP(Q35,regions_fabio!$A$2:$C$192,3,0) -> BLX | B35: =IFERROR(VLOOKUP(A35,polities_whep!$A$1:$G$199,2,0),"") -> Belgium-Luxembourg | C35: 15 | D35: 15 | E35: BLX | F35: =VLOOKUP(D35,FAO_areas!$A$2:$C$246,3,0) -> Belgium-Luxembourg | G35: TRUE | H35: Belgium-Luxembourg | K35: 255 | L35: Belgium | M35: 58 | N35: 58 | O35: 9 | P35: TRUE | Q35: 15 | R35: BE_LU | S35: OECD Europe | T35: 1 | U35: Belgium-Luxemburg | V35: Western Europe | W35: West Europe | X35: Europe | Y35: Western Europe | Z35: Europe | AA35: Europe and Central Asia | AB35: Northern, Southern and Western Europe | AC35: Western Europe | AD35: Advanced | AE35: Annex_I | AF35: Western Europe | AG35: Europe | AH35: mech | AI35: =IF(Z35="Europe","Europe","Other") -> Europe
A36: =VLOOKUP(Q36,regions_fabio!$A$2:$C$192,3,0) -> BLZ | B36: =IFERROR(VLOOKUP(A36,polities_whep!$A$1:$G$199,2,0),"") -> Belize | C36: 23 | D36: 23 | E36: BLZ | F36: =VLOOKUP(D36,FAO_areas!$A$2:$C$246,3,0) -> Belize | G36: FALSE | H36: Belize | I36: Belize | K36: 23 | L36: Belize | M36: 84 | N36: 84 | O36: 3 | P36: TRUE | Q36: 23 | S36: Central America | T36: 1 | U36: Belize | V36: Latin America and the Caribbean | W36: Latin America and Caribbean | X36: LACA | Y36: Latin America and the Caribbean | Z36: Americas | AA36: Americas | AB36: Latin America and the Caribbean | AC36: Central America | AD36: Emerging | AE36: Annex_II | AF36: Caribbean & Centra Am. | AG36: LACA | AH36: no_mech | AI36: =IF(Z36="Europe","Europe","Other") -> Other
A37: =VLOOKUP(Q37,regions_fabio!$A$2:$C$192,3,0) -> BEN | B37: =IFERROR(VLOOKUP(A37,polities_whep!$A$1:$G$199,2,0),"") -> Benin | C37: 53 | D37: 53 | E37: BEN | F37: =VLOOKUP(D37,FAO_areas!$A$2:$C$246,3,0) -> Benin | G37: FALSE | H37: Benin | I37: Benin | J37: Benin | K37: 53 | L37: Benin | M37: 204 | N37: 204 | O37: 6 | P37: TRUE | Q37: 53 | S37: Western Africa | T37: 1 | U37: Benin | V37: Subsaharan Africa | W37: Sub-saharan Africa | X37: SSA | Y37: Sub-Saharan Africa | Z37: Africa | AA37: Africa | AB37: Sub-Saharan Africa | AC37: Western Africa | AD37: Emerging | AE37: Annex_II | AF37: Western Africa | AG37: SAA | AH37: no_mech | AI37: =IF(Z37="Europe","Europe","Other") -> Other
A38: =VLOOKUP(Q38,regions_fabio!$A$2:$C$192,3,0) -> BOL | B38: =IFERROR(VLOOKUP(A38,polities_whep!$A$1:$G$199,2,0),"") -> Bolivia | C38: 19 | D38: 19 | E38: BOL | F38: =VLOOKUP(D38,FAO_areas!$A$2:$C$246,3,0) -> Bolivia (Plurinational State of) | G38: FALSE | H38: Bolivia | I38: Bolivia | J38: Bolivia | K38: 19 | L38: Bolivia | M38: 68 | N38: 68 | O38: 4 | P38: TRUE | Q38: 19 | S38: South America | T38: 1 | U38: Bolivia (Plurinational State of) | V38: Latin America and the Caribbean | W38: Latin America and Caribbean | X38: LACA | Y38: Latin America and the Caribbean | Z38: Americas | AA38: Americas | AB38: Latin America and the Caribbean | AC38: South America | AD38: Emerging | AE38: Annex_II | AF38: Andean & Mexico | AG38: LACA | AH38: no_mech | AI38: =IF(Z38="Europe","Europe","Other") -> Other
A39: =VLOOKUP(Q39,regions_fabio!$A$2:$C$192,3,0) -> BIH | B39: =IFERROR(VLOOKUP(A39,polities_whep!$A$1:$G$199,2,0),"") -> Bosnia and Herzegovina | C39: 77 | D39: 80 | E39: BIH | F39: =VLOOKUP(D39,FAO_areas!$A$2:$C$246,3,0) -> Bosnia and Herzegovina | G39: FALSE | H39: Bosnia and Herzegovina | I39: Bosnia and Herzegovina | J39: Bosnia and Herzegovina | K39: 80 | L39: Bosnia and Herzegovina | M39: 70 | N39: 70 | O39: 10 | P39: TRUE | Q39: 80 | S39: Eastern Europe | T39: 1 | U39: Bosnia and Herzegovina | V39: Eastern and South Eastern Europe | W39: East Europe | X39: Europe | Y39: Southern Europe | Z39: Europe | AA39: Europe and Central Asia | AB39: Northern, Southern and Western Europe | AC39: Southern Europe | AD39: Emerging | AE39: Annex_II | AF39: Southern Europe | AG39: Europe | AH39: mech | AI39: =IF(Z39="Europe","Europe","Other") -> Europe
A40: =VLOOKUP(Q40,regions_fabio!$A$2:$C$192,3,0) -> BWA | B40: =IFERROR(VLOOKUP(A40,polities_whep!$A$1:$G$199,2,0),"") -> Botswana | C40: 20 | D40: 20 | E40: BWA | F40: =VLOOKUP(D40,FAO_areas!$A$2:$C$246,3,0) -> Botswana | G40: FALSE | H40: Botswana | I40: Botswana | J40: Botswana | K40: 20 | L40: Botswana | M40: 72 | N40: 72 | O40: 8 | P40: TRUE | Q40: 20 | S40: Southern Africa | T40: 1 | U40: Botswana | V40: Subsaharan Africa | W40: Sub-saharan Africa | X40: SSA | Y40: Sub-Saharan Africa | Z40: Africa | AA40: Africa | AB40: Sub-Saharan Africa | AC40: Southern Africa | AD40: Emerging | AE40: Annex_II | AF40: Southern Africa | AG40: SAA | AH40: mech | AI40: =IF(Z40="Europe","Europe","Other") -> Other
A41: =VLOOKUP(Q41,regions_fabio!$A$2:$C$192,3,0) -> BRA | B41: =IFERROR(VLOOKUP(A41,polities_whep!$A$1:$G$199,2,0),"") -> Brazil | C41: 21 | D41: 21 | E41: BRA | F41: =VLOOKUP(D41,FAO_areas!$A$2:$C$246,3,0) -> Brazil | G41: FALSE | H41: Brazil | I41: Brazil | J41: Brazil | K41: 21 | L41: Brazil | M41: 76 | N41: 76 | O41: 4 | P41: TRUE | Q41: 21 | S41: South America | T41: 1 | U41: Brazil | V41: Latin America and the Caribbean | W41: Latin America and Caribbean | X41: LACA | Y41: Latin America and the Caribbean | Z41: Americas | AA41: Americas | AB41: Latin America and the Caribbean | AC41: South America | AD41: Emerging | AE41: Annex_II | AF41: South America - South Cone | AG41: LACA | AH41: mech | AI41: =IF(Z41="Europe","Europe","Other") -> Other
A42: =VLOOKUP(Q42,regions_fabio!$A$2:$C$192,3,0) -> BRN | B42: =IFERROR(VLOOKUP(A42,polities_whep!$A$1:$G$199,2,0),"") -> Brunei Darussalam | C42: 26 | D42: 26 | E42: BRN | F42: =VLOOKUP(D42,FAO_areas!$A$2:$C$246,3,0) -> Brunei Darussalam | G42: FALSE | H42: Brunei Darussalam | I42: Brunei | J42: Brunei Darussalam | K42: 26 | L42: Brunei Darussalam | M42: 96 | N42: 96 | O42: 15 | P42: TRUE | Q42: 26 | S42: South East Asia | T42: 1 | U42: Brunei Darussalam | V42: Southeastern Asia | W42: South and Central Asia | X42: S&E Asia | Y42: South-eastern Asia | Z42: Asia | AA42: Asia and the Pacific | AB42: South-Eastern Asia and the Pacific | AC42: South-Eastern Asia | AD42: Emerging | AE42: Annex_II | AF42: South-eastern Asia | AG42: SE-Asia | AH42: no_mech | AI42: =IF(Z42="Europe","Europe","Other") -> Other
A43: =VLOOKUP(Q43,regions_fabio!$A$2:$C$192,3,0) -> BGR | B43: =IFERROR(VLOOKUP(A43,polities_whep!$A$1:$G$199,2,0),"") -> Bulgaria | C43: 27 | D43: 27 | E43: BGR | F43: =VLOOKUP(D43,FAO_areas!$A$2:$C$246,3,0) -> Bulgaria | G43: TRUE | H43: Bulgaria | I43: Bulgaria | J43: Bulgaria | K43: 27 | L43: Bulgaria | M43: 100 | N43: 100 | O43: 10 | P43: TRUE | Q43: 27 | R43: BG | S43: Eastern Europe | T43: 1 | U43: Bulgaria | V43: Eastern and South Eastern Europe | W43: East Europe | X43: Europe | Y43: Eastern Europe | Z43: Europe | AA43: Europe and Central Asia | AB43: Eastern Europe | AC43: Eastern Europe | AD43: Emerging | AE43: Annex_I | AF43: Eastern Europe | AG43: Europe | AH43: mech | AI43: =IF(Z43="Europe","Europe","Other") -> Europe
A44: =VLOOKUP(Q44,regions_fabio!$A$2:$C$192,3,0) -> BFA | B44: =IFERROR(VLOOKUP(A44,polities_whep!$A$1:$G$199,2,0),"") -> Burkina Faso | C44: 229 | D44: 233 | E44: BFA | F44: =VLOOKUP(D44,FAO_areas!$A$2:$C$246,3,0) -> Burkina Faso | G44: FALSE | H44: Burkina Faso | I44: Burkina Faso | K44: 233 | L44: Burkina Faso | M44: 854 | N44: 854 | O44: 6 | P44: TRUE | Q44: 233 | S44: Western Africa | T44: 1 | U44: Burkina Faso | V44: Subsaharan Africa | W44: Sub-saharan Africa | X44: SSA | Y44: Sub-Saharan Africa | Z44: Africa | AA44: Africa | AB44: Sub-Saharan Africa | AC44: Western Africa | AD44: Emerging | AE44: Annex_II | AF44: Western Africa | AG44: SAA | AH44: no_mech | AI44: =IF(Z44="Europe","Europe","Other") -> Other
A45: =VLOOKUP(Q45,regions_fabio!$A$2:$C$192,3,0) -> BDI | B45: =IFERROR(VLOOKUP(A45,polities_whep!$A$1:$G$199,2,0),"") -> Burundi | C45: 29 | D45: 29 | E45: BDI | F45: =VLOOKUP(D45,FAO_areas!$A$2:$C$246,3,0) -> Burundi | G45: FALSE | H45: Burundi | I45: Burundi | K45: 29 | L45: Burundi | M45: 108 | N45: 108 | O45: 7 | P45: TRUE | Q45: 29 | S45: Eastern Africa | T45: 1 | U45: Burundi | V45: Subsaharan Africa | W45: Sub-saharan Africa | X45: SSA | Y45: Sub-Saharan Africa | Z45: Africa | AA45: Africa | AB45: Sub-Saharan Africa | AC45: Eastern Africa | AD45: Emerging | AE45: Annex_II | AF45: Eastern Africa | AG45: SAA | AH45: no_mech | AI45: =IF(Z45="Europe","Europe","Other") -> Other
A46: =VLOOKUP(Q46,regions_fabio!$A$2:$C$192,3,0) -> CPV | B46: =IFERROR(VLOOKUP(A46,polities_whep!$A$1:$G$199,2,0),"") -> Cabo Verde | C46: 35 | D46: 35 | E46: CPV | F46: =VLOOKUP(D46,FAO_areas!$A$2:$C$246,3,0) -> Cabo Verde | G46: FALSE | H46: Cabo Verde | I46: Cape Verde | K46: 35 | L46: Cape Verde | M46: 132 | N46: 132 | O46: 6 | P46: TRUE | Q46: 35 | S46: Western Africa | T46: 1 | U46: Cape Verde | V46: Subsaharan Africa | W46: Sub-saharan Africa | X46: SSA | Y46: Sub-Saharan Africa | Z46: Africa | AA46: Africa | AB46: Sub-Saharan Africa | AC46: Western Africa | AD46: Emerging | AE46: Annex_II | AF46: Western Africa | AG46: SAA | AH46: no_mech | AI46: =IF(Z46="Europe","Europe","Other") -> Other
A47: =VLOOKUP(Q47,regions_fabio!$A$2:$C$192,3,0) -> KHM | B47: =IFERROR(VLOOKUP(A47,polities_whep!$A$1:$G$199,2,0),"") -> Cambodia | C47: 112 | D47: 115 | E47: KHM | F47: =VLOOKUP(D47,FAO_areas!$A$2:$C$246,3,0) -> Cambodia | G47: FALSE | H47: Cambodia | I47: Cambodia | J47: Cambodia | K47: 115 | L47: Cambodia | M47: 116 | N47: 116 | O47: 15 | P47: TRUE | Q47: 115 | S47: South East Asia | T47: 1 | U47: Cambodia | V47: Southeastern Asia | W47: South and Central Asia | X47: S&E Asia | Y47: South-eastern Asia | Z47: Asia | AA47: Asia and the Pacific | AB47: South-Eastern Asia and the Pacific | AC47: South-Eastern Asia | AD47: Emerging | AE47: Annex_II | AF47: South-eastern Asia | AG47: SE-Asia | AH47: no_mech | AI47: =IF(Z47="Europe","Europe","Other") -> Other
A48: =VLOOKUP(Q48,regions_fabio!$A$2:$C$192,3,0) -> CMR | B48: =IFERROR(VLOOKUP(A48,polities_whep!$A$1:$G$199,2,0),"") -> Cameroon | C48: 32 | D48: 32 | E48: CMR | F48: =VLOOKUP(D48,FAO_areas!$A$2:$C$246,3,0) -> Cameroon | G48: FALSE | H48: Cameroon | I48: Cameroon | J48: Cameroon | K48: 32 | L48: Cameroon | M48: 120 | N48: 120 | O48: 6 | P48: TRUE | Q48: 32 | S48: Western Africa | T48: 1 | U48: Cameroon | V48: Subsaharan Africa | W48: Sub-saharan Africa | X48: SSA | Y48: Sub-Saharan Africa | Z48: Africa | AA48: Africa | AB48: Sub-Saharan Africa | AC48: Central Africa | AD48: Emerging | AE48: Annex_II | AF48: Middle Africa | AG48: SAA | AH48: no_mech | AI48: =IF(Z48="Europe","Europe","Other") -> Other
A49: =VLOOKUP(Q49,regions_fabio!$A$2:$C$192,3,0) -> CAN | B49: =IFERROR(VLOOKUP(A49,polities_whep!$A$1:$G$199,2,0),"") -> Canada | C49: 33 | D49: 33 | E49: CAN | F49: =VLOOKUP(D49,FAO_areas!$A$2:$C$246,3,0) -> Canada | G49: FALSE | H49: Canada | I49: Canada | J49: Canada | K49: 33 | L49: Canada | M49: 124 | N49: 124 | O49: 1 | P49: TRUE | Q49: 33 | S49: Canada | T49: 1 | U49: Canada | V49: Northern America | W49: North America and Oceania | X49: Northern America | Y49: Northern America | Z49: Americas | AA49: Americas | AB49: Northern America | AC49: Northern America | AD49: Advanced | AE49: Annex_I | AF49: Northern America | AG49: NAME | AH49: mech | AI49: =IF(Z49="Europe","Europe","Other") -> Other
A50: =VLOOKUP(Q50,regions_fabio!$A$2:$C$192,3,0) -> CAF | B50: =IFERROR(VLOOKUP(A50,polities_whep!$A$1:$G$199,2,0),"") -> Central African Republic | C50: 37 | D50: 37 | E50: CAF | F50: =VLOOKUP(D50,FAO_areas!$A$2:$C$246,3,0) -> Central African Republic | G50: FALSE | H50: Central African Republic | I50: Central African Republic | K50: 37 | L50: Central African Republic | M50: 140 | N50: 140 | O50: 6 | P50: TRUE | Q50: 37 | S50: Western Africa | T50: 1 | U50: Central African Republic | V50: Subsaharan Africa | W50: Sub-saharan Africa | X50: SSA | Y50: Sub-Saharan Africa | Z50: Africa | AA50: Africa | AB50: Sub-Saharan Africa | AC50: Central Africa | AD50: Emerging | AE50: Annex_II | AF50: Middle Africa | AG50: SAA | AH50: no_mech | AI50: =IF(Z50="Europe","Europe","Other") -> Other
A51: =VLOOKUP(Q51,regions_fabio!$A$2:$C$192,3,0) -> TCD | B51: =IFERROR(VLOOKUP(A51,polities_whep!$A$1:$G$199,2,0),"") -> Chad | C51: 39 | D51: 39 | E51: TCD | F51: =VLOOKUP(D51,FAO_areas!$A$2:$C$246,3,0) -> Chad | G51: FALSE | H51: Chad | I51: Chad | K51: 39 | L51: Chad | M51: 148 | N51: 148 | O51: 6 | P51: TRUE | Q51: 39 | S51: Western Africa | T51: 1 | U51: Chad | V51: Subsaharan Africa | W51: Sub-saharan Africa | X51: SSA | Y51: Sub-Saharan Africa | Z51: Africa | AA51: Africa | AB51: Sub-Saharan Africa | AC51: Central Africa | AD51: Emerging | AE51: Annex_II | AF51: Middle Africa | AG51: SAA | AH51: no_mech | AI51: =IF(Z51="Europe","Europe","Other") -> Other
A52: =VLOOKUP(Q52,regions_fabio!$A$2:$C$192,3,0) -> CHL | B52: =IFERROR(VLOOKUP(A52,polities_whep!$A$1:$G$199,2,0),"") -> Chile | C52: 40 | D52: 40 | E52: CHL | F52: =VLOOKUP(D52,FAO_areas!$A$2:$C$246,3,0) -> Chile | G52: FALSE | H52: Chile | I52: Chile | J52: Chile | K52: 40 | L52: Chile | M52: 152 | N52: 152 | O52: 4 | P52: TRUE | Q52: 40 | S52: South America | T52: 1 | U52: Chile | V52: Latin America and the Caribbean | W52: Latin America and Caribbean | X52: LACA | Y52: Latin America and the Caribbean | Z52: Americas | AA52: Americas | AB52: Latin America and the Caribbean | AC52: South America | AD52: Emerging | AE52: Annex_II | AF52: Andean & Mexico | AG52: LACA | AH52: no_mech | AI52: =IF(Z52="Europe","Europe","Other") -> Other
A53: =VLOOKUP(Q53,regions_fabio!$A$2:$C$192,3,0) -> HKG | B53: =IFERROR(VLOOKUP(A53,polities_whep!$A$1:$G$199,2,0),"") -> China, Hong Kong SAR | C53: 93 | D53: 96 | E53: HKG | F53: =VLOOKUP(D53,FAO_areas!$A$2:$C$246,3,0) -> China, Hong Kong SAR | G53: FALSE | H53: China, Hong Kong SAR | I53: Hong Kong | J53: Hong Kong, China | K53: 351 | L53: China | M53: 344 | N53: 344 | O53: 14 | P53: TRUE | Q53: 96 | S53: East Asia | T53: 1 | U53: China | V53: Eastern Asia | W53: East Asia | X53: S&E Asia | Y53: Eastern Asia | Z53: Asia | AA53: Asia and the Pacific | AB53: Eastern Asia | AC53: Eastern Asia | AD53: Emerging | AE53: Annex_II | AF53: Eastern Asia | AG53: SE-Asia | AH53: no_mech | AI53: =IF(Z53="Europe","Europe","Other") -> Other
A54: =VLOOKUP(Q54,regions_fabio!$A$2:$C$192,3,0) -> MAC | B54: =IFERROR(VLOOKUP(A54,polities_whep!$A$1:$G$199,2,0),"") -> China, Macao SAR | C54: 125 | D54: 128 | E54: MAC | F54: =VLOOKUP(D54,FAO_areas!$A$2:$C$246,3,0) -> China, Macao SAR | G54: FALSE | H54: China, Macao SAR | I54: Macau | K54: 351 | L54: China | M54: 446 | N54: 446 | O54: 14 | P54: TRUE | Q54: 128 | S54: East Asia | T54: 1 | U54: China | V54: Eastern Asia | W54: East Asia | X54: S&E Asia | Y54: Eastern Asia | Z54: Asia | AA54: Asia and the Pacific | AB54: Eastern Asia | AC54: Eastern Asia | AD54: Emerging | AE54: Annex_II | AF54: Eastern Asia | AG54: SE-Asia | AH54: no_mech | AI54: =IF(Z54="Europe","Europe","Other") -> Other
A55: =VLOOKUP(Q55,regions_fabio!$A$2:$C$192,3,0) -> CHN | B55: =IFERROR(VLOOKUP(A55,polities_whep!$A$1:$G$199,2,0),"") -> China, mainland | C55: 41 | D55: 41 | E55: CHN | F55: =VLOOKUP(D55,FAO_areas!$A$2:$C$246,3,0) -> China, mainland | G55: FALSE | H55: China, mainland | I55: China | J55: People's Republic of China | K55: 351 | L55: China | M55: 156 | N55: 156 | O55: 14 | P55: TRUE | Q55: 41 | S55: East Asia | T55: 1 | U55: China | V55: Eastern Asia | W55: East Asia | X55: S&E Asia | Y55: Eastern Asia | Z55: Asia | AA55: Asia and the Pacific | AB55: Eastern Asia | AC55: Eastern Asia | AD55: Emerging | AE55: Annex_II | AF55: Eastern Asia | AG55: SE-Asia | AH55: no_mech | AI55: =IF(Z55="Europe","Europe","Other") -> Other
A56: TWN | B56: =IFERROR(VLOOKUP(A56,polities_whep!$A$1:$G$199,2,0),"") -> China, Taiwan | C56: 210 | D56: 214 | E56: TWN | F56: =VLOOKUP(D56,FAO_areas!$A$2:$C$246,3,0) -> China, Taiwan Province of | G56: FALSE | H56: China, Taiwan Province of | I56: Taiwan | J56: Chinese Taipei | K56: 351 | L56: China | M56: NA | N56: 158 | O56: 14 | P56: TRUE | Q56: 214 | S56: East Asia | T56: 1 | U56: China | V56: Eastern Asia | W56: East Asia | X56: S&E Asia | Y56: Eastern Asia | Z56: Asia | AA56: Asia and the Pacific | AB56: Eastern Asia | AC56: Eastern Asia | AD56: Emerging | AE56: Annex_II | AF56: Eastern Asia | AG56: SE-Asia | AH56: no_mech | AI56: =IF(Z56="Europe","Europe","Other") -> Other
A57: =VLOOKUP(Q57,regions_fabio!$A$2:$C$192,3,0) -> COL | B57: =IFERROR(VLOOKUP(A57,polities_whep!$A$1:$G$199,2,0),"") -> Colombia | C57: 44 | D57: 44 | E57: COL | F57: =VLOOKUP(D57,FAO_areas!$A$2:$C$246,3,0) -> Colombia | G57: FALSE | H57: Colombia | I57: Colombia | J57: Colombia | K57: 44 | L57: Colombia | M57: 170 | N57: 170 | O57: 4 | P57: TRUE | Q57: 44 | S57: South America | T57: 1 | U57: Colombia | V57: Latin America and the Caribbean | W57: Latin America and Caribbean | X57: LACA | Y57: Latin America and the Caribbean | Z57: Americas | AA57: Americas | AB57: Latin America and the Caribbean | AC57: South America | AD57: Emerging | AE57: Annex_II | AF57: Andean & Mexico | AG57: LACA | AH57: no_mech | AI57: =IF(Z57="Europe","Europe","Other") -> Other
A58: =VLOOKUP(Q58,regions_fabio!$A$2:$C$192,3,0) -> COG | B58: =IFERROR(VLOOKUP(A58,polities_whep!$A$1:$G$199,2,0),"") -> Congo | C58: 46 | D58: 46 | E58: COG | F58: =VLOOKUP(D58,FAO_areas!$A$2:$C$246,3,0) -> Congo | G58: FALSE | H58: Congo | I58: Congo (Brazzaville) | J58: Republic of the Congo | K58: 46 | L58: Congo | M58: 178 | N58: 178 | O58: 6 | P58: TRUE | Q58: 46 | S58: Western Africa | T58: 1 | U58: Congo | V58: Subsaharan Africa | W58: Sub-saharan Africa | X58: SSA | Y58: Sub-Saharan Africa | Z58: Africa | AA58: Africa | AB58: Sub-Saharan Africa | AC58: Central Africa | AD58: Emerging | AE58: Annex_II | AF58: Middle Africa | AG58: SAA | AH58: no_mech | AI58: =IF(Z58="Europe","Europe","Other") -> Other
A59: =VLOOKUP(Q59,regions_fabio!$A$2:$C$192,3,0) -> CRI | B59: =IFERROR(VLOOKUP(A59,polities_whep!$A$1:$G$199,2,0),"") -> Costa Rica | C59: 48 | D59: 48 | E59: CRI | F59: =VLOOKUP(D59,FAO_areas!$A$2:$C$246,3,0) -> Costa Rica | G59: FALSE | H59: Costa Rica | I59: Costa Rica | J59: Costa Rica | K59: 48 | L59: Costa Rica | M59: 188 | N59: 188 | O59: 3 | P59: TRUE | Q59: 48 | S59: Central America | T59: 1 | U59: Costa Rica | V59: Latin America and the Caribbean | W59: Latin America and Caribbean | X59: LACA | Y59: Latin America and the Caribbean | Z59: Americas | AA59: Americas | AB59: Latin America and the Caribbean | AC59: Central America | AD59: Emerging | AE59: Annex_II | AF59: Caribbean & Centra Am. | AG59: LACA | AH59: no_mech | AI59: =IF(Z59="Europe","Europe","Other") -> Other
A60: =VLOOKUP(Q60,regions_fabio!$A$2:$C$192,3,0) -> HRV | B60: =IFERROR(VLOOKUP(A60,polities_whep!$A$1:$G$199,2,0),"") -> Croatia | C60: 95 | D60: 98 | E60: HRV | F60: =VLOOKUP(D60,FAO_areas!$A$2:$C$246,3,0) -> Croatia | G60: TRUE | H60: Croatia | I60: Croatia | J60: Croatia | K60: 98 | L60: Croatia | M60: 191 | N60: 191 | O60: 10 | P60: TRUE | Q60: 98 | R60: HR | S60: Eastern Europe | T60: 1 | U60: Croatia | V60: Eastern and South Eastern Europe | W60: East Europe | X60: Europe | Y60: Southern Europe | Z60: Europe | AA60: Europe and Central Asia | AB60: Northern, Southern and Western Europe | AC60: Southern Europe | AD60: Emerging | AE60: Annex_II | AF60: Southern Europe | AG60: Europe | AH60: mech | AI60: =IF(Z60="Europe","Europe","Other") -> Europe
A61: =VLOOKUP(Q61,regions_fabio!$A$2:$C$192,3,0) -> CUB | B61: =IFERROR(VLOOKUP(A61,polities_whep!$A$1:$G$199,2,0),"") -> Cuba | C61: 49 | D61: 49 | E61: CUB | F61: =VLOOKUP(D61,FAO_areas!$A$2:$C$246,3,0) -> Cuba | G61: FALSE | H61: Cuba | I61: Cuba | J61: Cuba | K61: 49 | L61: Cuba | M61: 192 | N61: 192 | O61: 3 | P61: TRUE | Q61: 49 | S61: Central America | T61: 1 | U61: Cuba | V61: Latin America and the Caribbean | W61: Latin America and Caribbean | X61: LACA | Y61: Latin America and the Caribbean | Z61: Americas | AA61: Americas | AB61: Latin America and the Caribbean | AC61: Caribbean | AD61: Emerging | AE61: Annex_II | AF61: Caribbean & Centra Am. | AG61: LACA | AH61: no_mech | AI61: =IF(Z61="Europe","Europe","Other") -> Other
A62: =VLOOKUP(Q62,regions_fabio!$A$2:$C$192,3,0) -> CYP | B62: =IFERROR(VLOOKUP(A62,polities_whep!$A$1:$G$199,2,0),"") -> Cyprus | C62: 50 | D62: 50 | E62: CYP | F62: =VLOOKUP(D62,FAO_areas!$A$2:$C$246,3,0) -> Cyprus | G62: TRUE | H62: Cyprus | I62: Cyprus | J62: Cyprus | K62: 50 | L62: Cyprus | M62: 196 | N62: 196 | O62: 12 | P62: TRUE | Q62: 50 | S62: Middle East | T62: 1 | U62: Cyprus | V62: Northern Africa and Western Asia | W62: North Africa and West Asia | X62: MENA | Y62: Western Asia | Z62: Asia | AA62: Europe and Central Asia | AB62: Central and Western Asia | AC62: Western Asia | AD62: Emerging | AE62: Annex_II | AF62: Western Asia | AG62: MENA | AH62: no_mech | AI62: =IF(Z62="Europe","Europe","Other") -> Other
A63: =VLOOKUP(Q63,regions_fabio!$A$2:$C$192,3,0) -> CZE | B63: =IFERROR(VLOOKUP(A63,polities_whep!$A$1:$G$199,2,0),"") -> Czechia | C63: 164 | D63: 167 | E63: CZE | F63: =VLOOKUP(D63,FAO_areas!$A$2:$C$246,3,0) -> Czechia | G63: TRUE | H63: Czech Republic | I63: Czech Republic | J63: Czech Republic | K63: 167 | L63: Czech Republic | M63: 203 | N63: 203 | O63: 10 | P63: TRUE | Q63: 167 | R63: CZ | S63: Eastern Europe | T63: 1 | U63: Czech Republic | V63: Eastern and South Eastern Europe | W63: East Europe | X63: Europe | Y63: Eastern Europe | Z63: Europe | AA63: Europe and Central Asia | AB63: Eastern Europe | AC63: Eastern Europe | AD63: Advanced | AE63: Annex_I | AF63: Eastern Europe | AG63: Europe | AH63: mech | AI63: =IF(Z63="Europe","Europe","Other") -> Europe
A64: =VLOOKUP(Q64,regions_fabio!$A$2:$C$192,3,0) -> CSK | B64: =IFERROR(VLOOKUP(A64,polities_whep!$A$1:$G$199,2,0),"") -> Czechoslovakia | C64: 51 | D64: 51 | E64: CSK | F64: =VLOOKUP(D64,FAO_areas!$A$2:$C$246,3,0) -> Czechoslovakia | G64: TRUE | H64: Czechoslovakia | I64: Former Czechoslovakia | K64: 167 | L64: Czech Republic | M64: 200 | N64: 200 | O64: 9 | P64: TRUE | Q64: 51 | R64: CZ_SK | S64: OECD Europe | T64: 1 | U64: Czechoslovakia | V64: Western Europe | W64: West Europe | X64: Europe
A65: =VLOOKUP(Q65,regions_fabio!$A$2:$C$192,3,0) -> DNK | B65: =IFERROR(VLOOKUP(A65,polities_whep!$A$1:$G$199,2,0),"") -> Denmark | C65: 54 | D65: 54 | E65: DNK | F65: =VLOOKUP(D65,FAO_areas!$A$2:$C$246,3,0) -> Denmark | G65: TRUE | H65: Denmark | I65: Denmark | J65: Denmark | K65: 54 | L65: Denmark | M65: 208 | N65: 208 | O65: 9 | P65: TRUE | Q65: 54 | R65: DK | S65: OECD Europe | T65: 1 | U65: Denmark | V65: Western Europe | W65: West Europe | X65: Europe | Y65: Northern Europe | Z65: Europe | AA65: Europe and Central Asia | AB65: Northern, Southern and Western Europe | AC65: Northern Europe | AD65: Advanced | AE65: Annex_I | AF65: Northern Europe | AG65: Europe | AH65: mech | AI65: =IF(Z65="Europe","Europe","Other") -> Europe
A66: =VLOOKUP(Q66,regions_fabio!$A$2:$C$192,3,0) -> DJI | B66: =IFERROR(VLOOKUP(A66,polities_whep!$A$1:$G$199,2,0),"") -> Djibouti | C66: 72 | D66: 72 | E66: DJI | F66: =VLOOKUP(D66,FAO_areas!$A$2:$C$246,3,0) -> Djibouti | G66: FALSE | H66: Djibouti | I66: Djibouti | K66: 72 | L66: Djibouti | M66: 262 | N66: 262 | O66: 7 | P66: TRUE | Q66: 72 | S66: Eastern Africa | T66: 1 | U66: Djibouti | V66: Subsaharan Africa | W66: Sub-saharan Africa | X66: SSA | Y66: Sub-Saharan Africa | Z66: Africa | AA66: Africa | AB66: Sub-Saharan Africa | AC66: Eastern Africa | AD66: Emerging | AE66: Annex_II | AF66: Eastern Africa | AG66: SAA | AH66: no_mech | AI66: =IF(Z66="Europe","Europe","Other") -> Other
A67: =VLOOKUP(Q67,regions_fabio!$A$2:$C$192,3,0) -> DMA | B67: =IFERROR(VLOOKUP(A67,polities_whep!$A$1:$G$199,2,0),"") -> Dominica | C67: 55 | D67: 55 | E67: DMA | F67: =VLOOKUP(D67,FAO_areas!$A$2:$C$246,3,0) -> Dominica | G67: FALSE | H67: Dominica | I67: Dominica | K67: 55 | L67: Dominica | M67: 212 | N67: 212 | O67: 3 | P67: TRUE | Q67: 55 | S67: Central America | T67: 1 | U67: Dominica | V67: Latin America and the Caribbean | W67: Latin America and Caribbean | X67: LACA | Y67: Latin America and the Caribbean | Z67: Americas | AA67: Americas | AB67: Latin America and the Caribbean | AC67: Caribbean | AD67: Emerging | AE67: Annex_II | AF67: Caribbean & Centra Am. | AG67: LACA | AH67: no_mech | AI67: =IF(Z67="Europe","Europe","Other") -> Other
A68: =VLOOKUP(Q68,regions_fabio!$A$2:$C$192,3,0) -> DOM | B68: =IFERROR(VLOOKUP(A68,polities_whep!$A$1:$G$199,2,0),"") -> Dominican Republic | C68: 56 | D68: 56 | E68: DOM | F68: =VLOOKUP(D68,FAO_areas!$A$2:$C$246,3,0) -> Dominican Republic | G68: FALSE | H68: Dominican Republic | I68: Dominican Republic | J68: Dominican Republic | K68: 56 | L68: Dominican Republic | M68: 214 | N68: 214 | O68: 3 | P68: TRUE | Q68: 56 | S68: Central America | T68: 1 | U68: Dominican Republic | V68: Latin America and the Caribbean | W68: Latin America and Caribbean | X68: LACA | Y68: Latin America and the Caribbean | Z68: Americas | AA68: Americas | AB68: Latin America and the Caribbean | AC68: Caribbean | AD68: Emerging | AE68: Annex_II | AF68: Caribbean & Centra Am. | AG68: LACA | AH68: no_mech | AI68: =IF(Z68="Europe","Europe","Other") -> Other
A69: =VLOOKUP(Q69,regions_fabio!$A$2:$C$192,3,0) -> COD | B69: =IFERROR(VLOOKUP(A69,polities_whep!$A$1:$G$199,2,0),"") -> DR Congo | C69: 242 | D69: 250 | E69: COD | F69: =VLOOKUP(D69,FAO_areas!$A$2:$C$246,3,0) -> Democratic Republic of the Congo | G69: FALSE | H69: DR Congo | I69: Congo (Kinshasa) | J69: Democratic Republic of the Congo | K69: 250 | L69: Congo, Democratic Republic of | M69: 180 | N69: 180 | O69: 6 | P69: TRUE | Q69: 250 | S69: Western Africa | T69: 1 | U69: Democratic Republic of the Congo | V69: Subsaharan Africa | W69: Sub-saharan Africa | X69: SSA | Y69: Sub-Saharan Africa | Z69: Africa | AA69: Africa | AB69: Sub-Saharan Africa | AC69: Central Africa | AD69: Emerging | AE69: Annex_II | AF69: Middle Africa | AG69: SAA | AH69: no_mech | AI69: =IF(Z69="Europe","Europe","Other") -> Other
A70: =VLOOKUP(Q70,regions_fabio!$A$2:$C$192,3,0) -> ECU | B70: =IFERROR(VLOOKUP(A70,polities_whep!$A$1:$G$199,2,0),"") -> Ecuador | C70: 58 | D70: 58 | E70: ECU | F70: =VLOOKUP(D70,FAO_areas!$A$2:$C$246,3,0) -> Ecuador | G70: FALSE | H70: Ecuador | I70: Ecuador | J70: Ecuador | K70: 58 | L70: Ecuador | M70: 218 | N70: 218 | O70: 4 | P70: TRUE | Q70: 58 | S70: South America | T70: 1 | U70: Ecuador | V70: Latin America and the Caribbean | W70: Latin America and Caribbean | X70: LACA | Y70: Latin America and the Caribbean | Z70: Americas | AA70: Americas | AB70: Latin America and the Caribbean | AC70: South America | AD70: Emerging | AE70: Annex_II | AF70: Andean & Mexico | AG70: LACA | AH70: no_mech | AI70: =IF(Z70="Europe","Europe","Other") -> Other
A71: =VLOOKUP(Q71,regions_fabio!$A$2:$C$192,3,0) -> EGY | B71: =IFERROR(VLOOKUP(A71,polities_whep!$A$1:$G$199,2,0),"") -> Egypt | C71: 59 | D71: 59 | E71: EGY | F71: =VLOOKUP(D71,FAO_areas!$A$2:$C$246,3,0) -> Egypt | G71: FALSE | H71: Egypt | I71: Egypt | J71: Egypt | K71: 59 | L71: Egypt | M71: 818 | N71: 818 | O71: 5 | P71: TRUE | Q71: 59 | S71: Northern Africa | T71: 1 | U71: Egypt | V71: Northern Africa and Western Asia | W71: North Africa and West Asia | X71: MENA | Y71: Northern Africa | Z71: Africa | AA71: Africa | AB71: Northern Africa | AC71: Northern Africa | AD71: Emerging | AE71: Annex_II | AF71: Northern Africa | AG71: MENA | AH71: no_mech | AI71: =IF(Z71="Europe","Europe","Other") -> Other
A72: =VLOOKUP(Q72,regions_fabio!$A$2:$C$192,3,0) -> SLV | B72: =IFERROR(VLOOKUP(A72,polities_whep!$A$1:$G$199,2,0),"") -> El Salvador | C72: 60 | D72: 60 | E72: SLV | F72: =VLOOKUP(D72,FAO_areas!$A$2:$C$246,3,0) -> El Salvador | G72: FALSE | H72: El Salvador | I72: El Salvador | J72: El Salvador | K72: 60 | L72: El Salvador | M72: 222 | N72: 222 | O72: 3 | P72: TRUE | Q72: 60 | S72: Central America | T72: 1 | U72: El Salvador | V72: Latin America and the Caribbean | W72: Latin America and Caribbean | X72: LACA | Y72: Latin America and the Caribbean | Z72: Americas | AA72: Americas | AB72: Latin America and the Caribbean | AC72: Central America | AD72: Emerging | AE72: Annex_II | AF72: Caribbean & Centra Am. | AG72: LACA | AH72: no_mech | AI72: =IF(Z72="Europe","Europe","Other") -> Other
A73: GNQ | B73: =IFERROR(VLOOKUP(A73,polities_whep!$A$1:$G$199,2,0),"") -> Equatorial Guinea | C73: 61 | D73: 61 | E73: GNQ | F73: =VLOOKUP(D73,FAO_areas!$A$2:$C$246,3,0) -> Equatorial Guinea | G73: FALSE | H73: Equatorial Guinea | I73: Equatorial Guinea | K73: 61 | L73: Equatorial Guinea | M73: 226 | N73: 226 | O73: 6 | P73: FALSE | Q73: 999 | S73: Western Africa | T73: 1 | U73: Equatorial Guinea | V73: Subsaharan Africa | W73: Sub-saharan Africa | X73: SSA | Y73: Sub-Saharan Africa | Z73: Africa | AA73: Africa | AB73: Sub-Saharan Africa | AC73: Central Africa | AD73: Emerging | AE73: Annex_II | AF73: Middle Africa | AG73: SAA | AH73: no_mech | AI73: =IF(Z73="Europe","Europe","Other") -> Other
A74: =VLOOKUP(Q74,regions_fabio!$A$2:$C$192,3,0) -> ERI | B74: =IFERROR(VLOOKUP(A74,polities_whep!$A$1:$G$199,2,0),"") -> Eritrea | C74: 175 | D74: 178 | E74: ERI | F74: =VLOOKUP(D74,FAO_areas!$A$2:$C$246,3,0) -> Eritrea | G74: FALSE | H74: Eritrea | I74: Eritrea | J74: Eritrea | K74: 178 | L74: Eritrea | M74: 232 | N74: 232 | O74: 7 | P74: TRUE | Q74: 178 | S74: Eastern Africa | T74: 1 | U74: Eritrea | V74: Subsaharan Africa | W74: Sub-saharan Africa | X74: SSA | Y74: Sub-Saharan Africa | Z74: Africa | AA74: Africa | AB74: Sub-Saharan Africa | AC74: Eastern Africa | AD74: Emerging | AE74: Annex_II | AF74: Eastern Africa | AG74: SAA | AH74: no_mech | AI74: =IF(Z74="Europe","Europe","Other") -> Other
A75: =VLOOKUP(Q75,regions_fabio!$A$2:$C$192,3,0) -> EST | B75: =IFERROR(VLOOKUP(A75,polities_whep!$A$1:$G$199,2,0),"") -> Estonia | C75: 63 | D75: 63 | E75: EST | F75: =VLOOKUP(D75,FAO_areas!$A$2:$C$246,3,0) -> Estonia | G75: TRUE | H75: Estonia | I75: Estonia | J75: Estonia | K75: 63 | L75: Estonia | M75: 233 | N75: 233 | O75: 11 | P75: TRUE | Q75: 63 | R75: EE | S75: Former USSR | T75: 1 | U75: Estonia | V75: Eastern and South Eastern Europe | W75: East Europe | X75: Europe | Y75: Northern Europe | Z75: Europe | AA75: Europe and Central Asia | AB75: Northern, Southern and Western Europe | AC75: Northern Europe | AD75: Emerging | AE75: Annex_I | AF75: FSU | AG75: FSU | AH75: mech | AI75: =IF(Z75="Europe","Europe","Other") -> Europe
A76: SWZ | B76: =IFERROR(VLOOKUP(A76,polities_whep!$A$1:$G$199,2,0),"") -> Eswatini | C76: 205 | D76: 209 | E76: SWZ | F76: =VLOOKUP(D76,FAO_areas!$A$2:$C$246,3,0) -> Eswatini | G76: FALSE | H76: Eswatini | I76: Swaziland | K76: 209 | L76: Swaziland | M76: NA | N76: 748 | O76: 8 | P76: TRUE | Q76: 999 | S76: Southern Africa | T76: 1 | U76: Swaziland | V76: Subsaharan Africa | W76: Sub-saharan Africa | X76: SSA | Y76: Sub-Saharan Africa | Z76: Africa | AA76: Africa | AB76: Sub-Saharan Africa | AC76: Southern Africa | AD76: Emerging | AE76: Annex_II | AF76: Southern Africa | AG76: SAA | AH76: mech | AI76: =IF(Z76="Europe","Europe","Other") -> Other
A77: =VLOOKUP(Q77,regions_fabio!$A$2:$C$192,3,0) -> ETH | B77: =IFERROR(VLOOKUP(A77,polities_whep!$A$1:$G$199,2,0),"") -> Ethiopia | C77: 234 | D77: 238 | E77: ETH | F77: =VLOOKUP(D77,FAO_areas!$A$2:$C$246,3,0) -> Ethiopia | G77: FALSE | H77: Ethiopia | I77: Ethiopia | J77: Ethiopia | K77: 238 | L77: Ethiopia | M77: 231 | N77: 231 | O77: 7 | P77: TRUE | Q77: 238 | S77: Eastern Africa | T77: 1 | U77: Ethiopia | V77: Subsaharan Africa | W77: Sub-saharan Africa | X77: SSA | Y77: Sub-Saharan Africa | Z77: Africa | AA77: Africa | AB77: Sub-Saharan Africa | AC77: Eastern Africa | AD77: Emerging | AE77: Annex_II | AF77: Eastern Africa | AG77: SAA | AH77: no_mech | AI77: =IF(Z77="Europe","Europe","Other") -> Other
A78: =VLOOKUP(Q78,regions_fabio!$A$2:$C$192,3,0) -> ETH | B78: =IFERROR(VLOOKUP(A78,polities_whep!$A$1:$G$199,2,0),"") -> Ethiopia | C78: 62 | D78: 62 | E78: ETH | F78: =VLOOKUP(D78,FAO_areas!$A$2:$C$246,3,0) -> Ethiopia PDR | G78: FALSE | H78: Ethiopia PDR | K78: 999 | L78: Global average | M78: 231 | N78: 230 | O78: 7 | P78: TRUE | Q78: 238 | S78: Eastern Africa | T78: 0 | U78: Ethiopia PDR | V78: Subsaharan Africa | W78: Sub-saharan Africa | X78: SSA | Y78: Sub-Saharan Africa | Z78: Africa | AA78: Africa | AB78: Sub-Saharan Africa | AC78: Eastern Africa | AD78: Emerging | AE78: Annex_II | AF78: Eastern Africa | AG78: SAA | AH78: no_mech | AI78: =IF(Z78="Europe","Europe","Other") -> Other
A79: REUR | B79: =IFERROR(VLOOKUP(A79,polities_whep!$A$1:$G$199,2,0),"") -> Europe Other | C79: 6 | D79: 6 | E79: AND | F79: =VLOOKUP(D79,FAO_areas!$A$2:$C$246,3,0) -> #N/A | G79: FALSE | H79: Andorra | K79: 999 | L79: Global average | M79: 20 | N79: 20 | O79: 9 | P79: FALSE | Q79: 999 | S79: OECD Europe | T79: 1 | U79: Andorra | V79: Western Europe | W79: West Europe | X79: Europe | Y79: Southern Europe | Z79: Europe | AA79: Europe and Central Asia | AB79: Northern, Southern and Western Europe | AC79: Southern Europe | AD79: Emerging | AE79: Annex_II | AF79: Southern Europe | AG79: Europe | AH79: mech | AI79: =IF(Z79="Europe","Europe","Other") -> Europe
A80: REUR | B80: =IFERROR(VLOOKUP(A80,polities_whep!$A$1:$G$199,2,0),"") -> Europe Other | C80: 64 | D80: 64 | E80: FRO | F80: =VLOOKUP(D80,FAO_areas!$A$2:$C$246,3,0) -> Faroe Islands | G80: FALSE | H80: Faroe Islands | I80: Faroe Islands | K80: 64 | L80: Faroe Islands | M80: NA | N80: 234 | O80: 9 | P80: FALSE | Q80: 999 | S80: OECD Europe | T80: 1 | U80: Faroe Islands | V80: Western Europe | W80: West Europe | X80: Europe | Y80: Northern Europe | Z80: Europe | AA80: Europe and Central Asia | AB80: Northern, Southern and Western Europe | AC80: Northern Europe | AD80: Emerging | AE80: Annex_II | AF80: Northern Europe | AG80: Europe | AH80: mech | AI80: =IF(Z80="Europe","Europe","Other") -> Europe
A81: REUR | B81: =IFERROR(VLOOKUP(A81,polities_whep!$A$1:$G$199,2,0),"") -> Europe Other | C81: 79 | D81: 82 | E81: GIB | F81: =VLOOKUP(D81,FAO_areas!$A$2:$C$246,3,0) -> #N/A | G81: FALSE | H81: Gibraltar | I81: Gibraltar | J81: Gibraltar | K81: 999 | L81: Global average | M81: 292 | N81: 292 | O81: 9 | P81: FALSE | Q81: 999 | S81: OECD Europe | T81: 1 | U81: Gibraltar | V81: Western Europe | W81: West Europe | X81: Europe | Y81: Southern Europe | Z81: Europe | AA81: Europe and Central Asia | AB81: Northern, Southern and Western Europe | AC81: Southern Europe | AD81: Emerging | AE81: Annex_II | AF81: Southern Europe | AG81: Europe | AH81: mech | AI81: =IF(Z81="Europe","Europe","Other") -> Europe
A82: REUR | B82: =IFERROR(VLOOKUP(A82,polities_whep!$A$1:$G$199,2,0),"") -> Europe Other | C82: 82 | D82: 85 | E82: GRL | F82: =VLOOKUP(D82,FAO_areas!$A$2:$C$246,3,0) -> #N/A | G82: FALSE | H82: Greenland | I82: Greenland | K82: 999 | L82: Global average | M82: 304 | N82: 304 | O82: 9 | P82: FALSE | Q82: 999 | S82: OECD Europe | T82: 1 | U82: Greenland | V82: Western Europe | W82: West Europe | X82: Europe | Y82: Northern America | Z82: Americas | AA82: Americas | AB82: Northern America | AC82: Northern America | AD82: Emerging | AE82: Annex_II | AF82: Northern America | AG82: Europe | AH82: mech | AI82: =IF(Z82="Europe","Europe","Other") -> Other
A83: REUR | B83: =IFERROR(VLOOKUP(A83,polities_whep!$A$1:$G$199,2,0),"") -> Europe Other | C83: 91 | D83: 94 | E83: VAT | F83: =VLOOKUP(D83,FAO_areas!$A$2:$C$246,3,0) -> #N/A | G83: FALSE | H83: Holy See | K83: 999 | L83: Global average | M83: NA | N83: 336 | O83: 9 | P83: FALSE | Q83: 999 | S83: OECD Europe | T83: 1 | U83: Holy See | V83: Western Europe | W83: West Europe | X83: Europe | Y83: Southern Europe | Z83: Europe | AA83: Europe and Central Asia | AB83: Northern, Southern and Western Europe | AC83: Southern Europe | AD83: Advanced | AE83: Annex_I | AF83: Southern Europe | AG83: Europe | AH83: mech | AI83: =IF(Z83="Europe","Europe","Other") -> Europe
A84: REUR | B84: =IFERROR(VLOOKUP(A84,polities_whep!$A$1:$G$199,2,0),"") -> Europe Other | C84: 122 | D84: 125 | E84: LIE | F84: =VLOOKUP(D84,FAO_areas!$A$2:$C$246,3,0) -> #N/A | G84: FALSE | H84: Liechtenstein | K84: 999 | L84: Global average | M84: NA | N84: 438 | O84: 9 | P84: FALSE | Q84: 999 | S84: OECD Europe | T84: 1 | U84: Liechtenstein | V84: Western Europe | W84: West Europe | X84: Europe | Y84: Western Europe | Z84: Europe | AA84: Europe and Central Asia | AB84: Northern, Southern and Western Europe | AC84: Western Europe | AD84: Emerging | AE84: Annex_II | AF84: Western Europe | AG84: Europe | AH84: mech | AI84: =IF(Z84="Europe","Europe","Other") -> Europe
A85: REUR | B85: =IFERROR(VLOOKUP(A85,polities_whep!$A$1:$G$199,2,0),"") -> Europe Other | C85: 137 | D85: 140 | E85: MCO | F85: =VLOOKUP(D85,FAO_areas!$A$2:$C$246,3,0) -> #N/A | G85: FALSE | H85: Monaco | K85: 999 | L85: Global average | M85: NA | N85: 492 | O85: 9 | P85: FALSE | Q85: 999 | S85: OECD Europe | T85: 1 | U85: Monaco | V85: Western Europe | W85: West Europe | X85: Europe | Y85: Western Europe | Z85: Europe | AA85: Europe and Central Asia | AB85: Northern, Southern and Western Europe | AC85: Western Europe | AD85: Emerging | AE85: Annex_II | AF85: Western Europe | AG85: Europe | AH85: mech | AI85: =IF(Z85="Europe","Europe","Other") -> Europe
A86: REUR | B86: =IFERROR(VLOOKUP(A86,polities_whep!$A$1:$G$199,2,0),"") -> Europe Other | C86: 189 | D86: 192 | E86: SMR | F86: =VLOOKUP(D86,FAO_areas!$A$2:$C$246,3,0) -> #N/A | G86: FALSE | H86: San Marino | K86: 999 | L86: Global average | M86: 674 | N86: 674 | O86: 9 | P86: FALSE | Q86: 999 | S86: OECD Europe | T86: 1 | U86: San Marino | V86: Western Europe | W86: West Europe | X86: Europe | Y86: Southern Europe | Z86: Europe | AA86: Europe and Central Asia | AB86: Northern, Southern and Western Europe | AC86: Southern Europe | AD86: Emerging | AE86: Annex_II | AF86: Southern Europe | AG86: Europe | AH86: mech | AI86: =IF(Z86="Europe","Europe","Other") -> Europe
A87: REUR | B87: =IFERROR(VLOOKUP(A87,polities_whep!$A$1:$G$199,2,0),"") -> Europe Other | C87: 249 | D87: 260 | E87: SJM | F87: =VLOOKUP(D87,FAO_areas!$A$2:$C$246,3,0) -> #N/A | G87: FALSE | H87: Svalbard and Jan Mayen Islands | K87: 999 | L87: Global average | M87: NA | N87: 744 | O87: 9 | P87: FALSE | Q87: 999 | S87: OECD Europe | T87: 1 | U87: Svalbard and Jan Mayen Islands | V87: Western Europe | W87: West Europe | X87: Europe | Y87: Northern Europe | Z87: Europe | AF87: Northern Europe | AG87: Europe | AH87: mech | AI87: =IF(Z87="Europe","Europe","Other") -> Europe
A88: REUR | B88: Europe Other
A89: =VLOOKUP(Q89,regions_fabio!$A$2:$C$192,3,0) -> FJI | B89: =IFERROR(VLOOKUP(A89,polities_whep!$A$1:$G$199,2,0),"") -> Fiji | C89: 66 | D89: 66 | E89: FJI | F89: =VLOOKUP(D89,FAO_areas!$A$2:$C$246,3,0) -> Fiji | G89: FALSE | H89: Fiji | I89: Fiji | K89: 66 | L89: Fiji | M89: 242 | N89: 242 | O89: 16 | P89: TRUE | Q89: 66 | S89: Oceania | T89: 1 | U89: Fiji | V89: Australia and Oceania | W89: North America and Oceania | X89: Oceania | Y89: Melanesia | Z89: Oceania | AA89: Asia and the Pacific | AB89: South-Eastern Asia and the Pacific | AC89: Pacific Islands | AD89: Emerging | AE89: Annex_II | AF89: Pacific | AG89: AUS | AH89: no_mech | AI89: =IF(Z89="Europe","Europe","Other") -> Other
A90: =VLOOKUP(Q90,regions_fabio!$A$2:$C$192,3,0) -> FIN | B90: =IFERROR(VLOOKUP(A90,polities_whep!$A$1:$G$199,2,0),"") -> Finland | C90: 67 | D90: 67 | E90: FIN | F90: =VLOOKUP(D90,FAO_areas!$A$2:$C$246,3,0) -> Finland | G90: TRUE | H90: Finland | I90: Finland | J90: Finland | K90: 67 | L90: Finland | M90: 246 | N90: 246 | O90: 9 | P90: TRUE | Q90: 67 | R90: FI | S90: OECD Europe | T90: 1 | U90: Finland | V90: Western Europe | W90: West Europe | X90: Europe | Y90: Northern Europe | Z90: Europe | AA90: Europe and Central Asia | AB90: Northern, Southern and Western Europe | AC90: Northern Europe | AD90: Advanced | AE90: Annex_I | AF90: Northern Europe | AG90: Europe | AH90: mech | AI90: =IF(Z90="Europe","Europe","Other") -> Europe
A91: =VLOOKUP(Q91,regions_fabio!$A$2:$C$192,3,0) -> FRA | B91: =IFERROR(VLOOKUP(A91,polities_whep!$A$1:$G$199,2,0),"") -> France | C91: 68 | D91: 68 | E91: FRA | F91: =VLOOKUP(D91,FAO_areas!$A$2:$C$246,3,0) -> France | G91: TRUE | H91: France | I91: France | J91: France | K91: 68 | L91: France | M91: 251 | N91: 250 | O91: 9 | P91: TRUE | Q91: 68 | R91: FR | S91: OECD Europe | T91: 1 | U91: France | V91: Western Europe | W91: West Europe | X91: Europe | Y91: Western Europe | Z91: Europe | AA91: Europe and Central Asia | AB91: Northern, Southern and Western Europe | AC91: Western Europe | AD91: Advanced | AE91: Annex_I | AF91: Western Europe | AG91: Europe | AH91: mech | AI91: =IF(Z91="Europe","Europe","Other") -> Europe
A92: GUF | B92: =IFERROR(VLOOKUP(A92,polities_whep!$A$1:$G$199,2,0),"") -> French Guiana | C92: 69 | D92: 69 | E92: GUF | F92: =VLOOKUP(D92,FAO_areas!$A$2:$C$246,3,0) -> French Guiana | G92: FALSE | H92: French Guiana | I92: French Guiana | K92: 69 | L92: French Guiana | M92: NA | N92: 254 | O92: 4 | P92: FALSE | Q92: 999 | S92: South America | T92: 1 | U92: French Guiana | V92: Latin America and the Caribbean | W92: Latin America and Caribbean | X92: LACA | Y92: Latin America and the Caribbean | Z92: Americas | AA92: Americas | AB92: Latin America and the Caribbean | AC92: South America | AD92: Emerging | AE92: Annex_II | AF92: Andean & Mexico | AG92: LACA | AH92: no_mech | AI92: =IF(Z92="Europe","Europe","Other") -> Other
A93: =VLOOKUP(Q93,regions_fabio!$A$2:$C$192,3,0) -> PYF | B93: =IFERROR(VLOOKUP(A93,polities_whep!$A$1:$G$199,2,0),"") -> French Polynesia | C93: 70 | D93: 70 | E93: PYF | F93: =VLOOKUP(D93,FAO_areas!$A$2:$C$246,3,0) -> French Polynesia | G93: FALSE | H93: French Polynesia | I93: French Polynesia | K93: 70 | L93: French Polynesia | M93: 258 | N93: 258 | O93: 16 | P93: TRUE | Q93: 70 | S93: Oceania | T93: 1 | U93: French Polynesia | V93: Australia and Oceania | W93: North America and Oceania | X93: Oceania | Y93: Polynesia | Z93: Oceania | AA93: Asia and the Pacific | AB93: South-Eastern Asia and the Pacific | AC93: Pacific Islands | AD93: Emerging | AE93: Annex_II | AF93: Pacific | AG93: AUS | AH93: no_mech | AI93: =IF(Z93="Europe","Europe","Other") -> Other
A94: =VLOOKUP(Q94,regions_fabio!$A$2:$C$192,3,0) -> GAB | B94: =IFERROR(VLOOKUP(A94,polities_whep!$A$1:$G$199,2,0),"") -> Gabon | C94: 74 | D94: 74 | E94: GAB | F94: =VLOOKUP(D94,FAO_areas!$A$2:$C$246,3,0) -> Gabon | G94: FALSE | H94: Gabon | I94: Gabon | J94: Gabon | K94: 74 | L94: Gabon | M94: 266 | N94: 266 | O94: 6 | P94: TRUE | Q94: 74 | S94: Western Africa | T94: 1 | U94: Gabon | V94: Subsaharan Africa | W94: Sub-saharan Africa | X94: SSA | Y94: Sub-Saharan Africa | Z94: Africa | AA94: Africa | AB94: Sub-Saharan Africa | AC94: Central Africa | AD94: Emerging | AE94: Annex_II | AF94: Middle Africa | AG94: SAA | AH94: no_mech | AI94: =IF(Z94="Europe","Europe","Other") -> Other
A95: =VLOOKUP(Q95,regions_fabio!$A$2:$C$192,3,0) -> GMB | B95: =IFERROR(VLOOKUP(A95,polities_whep!$A$1:$G$199,2,0),"") -> Gambia | C95: 75 | D95: 75 | E95: GMB | F95: =VLOOKUP(D95,FAO_areas!$A$2:$C$246,3,0) -> Gambia | G95: FALSE | H95: Gambia | I95: Gambia, The | K95: 75 | L95: Gambia | M95: 270 | N95: 270 | O95: 6 | P95: TRUE | Q95: 75 | S95: Western Africa | T95: 1 | U95: Gambia | V95: Subsaharan Africa | W95: Sub-saharan Africa | X95: SSA | Y95: Sub-Saharan Africa | Z95: Africa | AA95: Africa | AB95: Sub-Saharan Africa | AC95: Western Africa | AD95: Emerging | AE95: Annex_II | AF95: Western Africa | AG95: SAA | AH95: no_mech | AI95: =IF(Z95="Europe","Europe","Other") -> Other
A96: =VLOOKUP(Q96,regions_fabio!$A$2:$C$192,3,0) -> GEO | B96: =IFERROR(VLOOKUP(A96,polities_whep!$A$1:$G$199,2,0),"") -> Georgia | C96: 73 | D96: 73 | E96: GEO | F96: =VLOOKUP(D96,FAO_areas!$A$2:$C$246,3,0) -> Georgia | G96: FALSE | H96: Georgia | I96: Georgia | J96: Georgia | K96: 73 | L96: Georgia | M96: 268 | N96: 268 | O96: 11 | P96: TRUE | Q96: 73 | S96: Former USSR | T96: 1 | U96: Georgia | V96: Central Asia and Russian Federation | W96: South and Central Asia | X96: CAS & Russia | Y96: Western Asia | Z96: Asia | AA96: Europe and Central Asia | AB96: Central and Western Asia | AC96: Western Asia | AD96: Emerging | AE96: Annex_II | AF96: FSU | AG96: FSU | AH96: no_mech | AI96: =IF(Z96="Europe","Europe","Other") -> Other
A97: =VLOOKUP(Q97,regions_fabio!$A$2:$C$192,3,0) -> DEU | B97: =IFERROR(VLOOKUP(A97,polities_whep!$A$1:$G$199,2,0),"") -> Germany | C97: 76 | D97: 79 | E97: DEU | F97: =VLOOKUP(D97,FAO_areas!$A$2:$C$246,3,0) -> Germany | G97: TRUE | H97: Germany | I97: Germany | J97: Germany | K97: 79 | L97: Germany | M97: 276 | N97: 276 | O97: 9 | P97: TRUE | Q97: 79 | R97: DE | S97: OECD Europe | T97: 1 | U97: Germany | V97: Western Europe | W97: West Europe | X97: Europe | Y97: Western Europe | Z97: Europe | AA97: Europe and Central Asia | AB97: Northern, Southern and Western Europe | AC97: Western Europe | AD97: Advanced | AE97: Annex_I | AF97: Western Europe | AG97: Europe | AH97: mech | AI97: =IF(Z97="Europe","Europe","Other") -> Europe
A98: =VLOOKUP(Q98,regions_fabio!$A$2:$C$192,3,0) -> GHA | B98: =IFERROR(VLOOKUP(A98,polities_whep!$A$1:$G$199,2,0),"") -> Ghana | C98: 78 | D98: 81 | E98: GHA | F98: =VLOOKUP(D98,FAO_areas!$A$2:$C$246,3,0) -> Ghana | G98: FALSE | H98: Ghana | I98: Ghana | J98: Ghana | K98: 81 | L98: Ghana | M98: 288 | N98: 288 | O98: 6 | P98: TRUE | Q98: 81 | S98: Western Africa | T98: 1 | U98: Ghana | V98: Subsaharan Africa | W98: Sub-saharan Africa | X98: SSA | Y98: Sub-Saharan Africa | Z98: Africa | AA98: Africa | AB98: Sub-Saharan Africa | AC98: Western Africa | AD98: Emerging | AE98: Annex_II | AF98: Western Africa | AG98: SAA | AH98: no_mech | AI98: =IF(Z98="Europe","Europe","Other") -> Other
A99: =VLOOKUP(Q99,regions_fabio!$A$2:$C$192,3,0) -> GRC | B99: =IFERROR(VLOOKUP(A99,polities_whep!$A$1:$G$199,2,0),"") -> Greece | C99: 81 | D99: 84 | E99: GRC | F99: =VLOOKUP(D99,FAO_areas!$A$2:$C$246,3,0) -> Greece | G99: TRUE | H99: Greece | I99: Greece | J99: Greece | K99: 84 | L99: Greece | M99: 300 | N99: 300 | O99: 9 | P99: TRUE | Q99: 84 | R99: GR | S99: OECD Europe | T99: 1 | U99: Greece | V99: Western Europe | W99: West Europe | X99: Europe | Y99: Southern Europe | Z99: Europe | AA99: Europe and Central Asia | AB99: Northern, Southern and Western Europe | AC99: Southern Europe | AD99: Advanced | AE99: Annex_I | AF99: Southern Europe | AG99: Europe | AH99: mech | AI99: =IF(Z99="Europe","Europe","Other") -> Europe
A100: =VLOOKUP(Q100,regions_fabio!$A$2:$C$192,3,0) -> GRD | B100: =IFERROR(VLOOKUP(A100,polities_whep!$A$1:$G$199,2,0),"") -> Grenada | C100: 83 | D100: 86 | E100: GRD | F100: =VLOOKUP(D100,FAO_areas!$A$2:$C$246,3,0) -> Grenada | G100: FALSE | H100: Grenada | I100: Grenada | K100: 86 | L100: Grenada | M100: 308 | N100: 308 | O100: 3 | P100: TRUE | Q100: 86 | S100: Central America | T100: 1 | U100: Grenada | V100: Latin America and the Caribbean | W100: Latin America and Caribbean | X100: LACA | Y100: Latin America and the Caribbean | Z100: Americas | AA100: Americas | AB100: Latin America and the Caribbean | AC100: Caribbean | AD100: Emerging | AE100: Annex_II | AF100: Caribbean & Centra Am. | AG100: LACA | AH100: no_mech | AI100: =IF(Z100="Europe","Europe","Other") -> Other
...

Sheet country_changes
A1: area_FAOold | B1: area_LUH
A2: Afghanistan | B2: Afghanistan
A3: Africa Other | B3: Africa Other
A4: Albania | B4: Albania
A5: Algeria | B5: Algeria
A6: Angola | B6: Angola
A7: Antigua and Barbuda | B7: Antigua and Barbuda
A8: Argentina | B8: Argentina
B9: Armenia
A10: Asia Other | B10: Asia Other
A11: Australia | B11: Australia
A12: Austria | B12: Austria
B13: Azerbaijan
A14: Bahamas | B14: Bahamas
A15: Bahrain | B15: Bahrain
A16: Bangladesh | B16: Bangladesh
A17: Barbados | B17: Barbados
B18: Belarus
A19: Belgium-Luxembourg | B19: Belgium
A20: Belize | B20: Belize
A21: Benin | B21: Benin
A22: Bolivia | B22: Bolivia
B23: Bosnia and Herzegovina
A24: Botswana | B24: Botswana
A25: Brazil | B25: Brazil
A26: Brunei Darussalam | B26: Brunei Darussalam
A27: Bulgaria | B27: Bulgaria
A28: Burkina Faso | B28: Burkina Faso
A29: Burundi | B29: Burundi
A30: Cabo Verde | B30: Cabo Verde
A31: Cambodia | B31: Cambodia
A32: Cameroon | B32: Cameroon
A33: Canada | B33: Canada
A34: Central African Republic | B34: Central African Republic
A35: Chad | B35: Chad
... A43: Costa Rica | B43: Costa Rica
B44: Croatia
A45: Cuba | B45: Cuba
A46: Cyprus | B46: Cyprus
A47: Czechia | B47: Czechia
A48: Czechoslovakia
A49: DR Congo | B49: DR Congo
A50: Denmark | B50: Denmark
A51: Djibouti | B51: Djibouti
A52: Dominica | B52: Dominica
A53: Dominican Republic | B53: Dominican Republic
A54: Ecuador | B54: Ecuador
A55: Egypt | B55: Egypt
A56: El Salvador | B56: El Salvador
A57: Equatorial Guinea | B57: Equatorial Guinea
B58: Eritrea
B59: Estonia
A60: Eswatini | B60: Eswatini
A61: Ethiopia | B61: Ethiopia
A62: Europe Other | B62: Europe Other
A63: Fiji | B63: Fiji
A64: Finland | B64: Finland
A65: France | B65: France
A66: French Guiana
A67: French Polynesia | B67: French Polynesia
A68: Gabon | B68: Gabon
A69: Gambia | B69: Gambia
B70: Georgia
A71: Germany | B71: Germany
A72: Ghana | B72: Ghana
A73: Greece | B73: Greece
A74: Grenada | B74: Grenada
A75: Guatemala | B75: Guatemala
A76: Guinea | B76: Guinea
A77: Guinea-Bissau | B77: Guinea-Bissau
A78: Guyana | B78: Guyana
A79: Haiti | B79: Haiti
A80: Honduras | B80: Honduras
A81: Hungary | B81: Hungary
A82: Iceland | B82: Iceland
... A93: Jordan | B93: Jordan
B94: Kazakhstan
A95: Kenya | B95: Kenya
A96: Kiribati | B96: Kiribati
A97: Kuwait | B97: Kuwait
B98: Kyrgyzstan
A99: Lao | B99: Lao
A100: Latin America Other | B100: Latin America Other
B101: Latvia
A102: Lebanon | B102: Lebanon
A103: Lesotho | B103: Lesotho
A104: Liberia | B104: Liberia
A105: Libya | B105: Libya
B106: Lithuania
B107: Luxembourg
A108: Madagascar | B108: Madagascar
A109: Malawi | B109: Malawi
A110: Malaysia | B110: Malaysia
A111: Maldives | B111: Maldives
A112: Mali | B112: Mali
A113: Malta | B113: Malta
A114: Mauritania | B114: Mauritania
A115: Mauritius | B115: Mauritius
A116: Mexico | B116: Mexico
A117: Mongolia | B117: Mongolia
...

Sheet new_old
A1: area_FAOold | B1: area_LUH
A2: Afghanistan | B2: Afghanistan
A3: Africa Other | B3: Africa Other
A4: Albania | B4: Albania
A5: Algeria | B5: Algeria
A6: Angola | B6: Angola
A7: Antigua and Barbuda | B7: Antigua and Barbuda
A8: Argentina | B8: Argentina
A9: USSR | B9: Armenia
A10: Asia Other | B10: Asia Other
A11: Australia | B11: Australia
A12: Austria | B12: Austria
... A56: Equatorial Guinea | B56: Equatorial Guinea
B57: Eritrea
A58: USSR | B58: Estonia
A59: Eswatini | B59: Eswatini
A60: Ethiopia | B60: Ethiopia
A61: Europe Other | B61: Europe Other
A62: Fiji | B62: Fiji
A63: Finland | B63: Finland
A64: France | B64: France
A65: French Guiana
A66: French Polynesia | B66: French Polynesia
A67: Gabon | B67: Gabon
A68: Gambia | B68: Gambia
A69: USSR | B69: Georgia
A70: Germany | B70: Germany
A71: Ghana | B71: Ghana
A72: Greece | B72: Greece
A73: Grenada | B73: Grenada
A74: Guatemala | B74: Guatemala
A75: Guinea | B75: Guinea
A76: Guinea-Bissau | B76: Guinea-Bissau
A77: Guyana | B77: Guyana
... A127: Nigeria | B127: Nigeria
B128: North America Other
A129: North Korea | B129: North Korea
A130: Yugoslav SFR | B130: North Macedonia
A131: Norway | B131: Norway
A132: Oceania Other | B132: Oceania Other
A133: Oman | B133: Oman
A134: Pakistan | B134: Pakistan
B135: Palestine
A136: Panama | B136: Panama
A137: Papua New Guinea | B137: Papua New Guinea
A138: Paraguay | B138: Paraguay
A139: Peru | B139: Peru
A140: Philippines | B140: Philippines
A141: Poland | B141: Poland
A142: Portugal | B142: Portugal
A143: Puerto Rico | B143: Puerto Rico
A144: Qatar | B144: Qatar
A145: Republic of Korea | B145: Republic of Korea
A146: Yugoslav SFR | B146: Republic of Moldova
A147: Romania | B147: Romania
... A164: South Africa | B164: South Africa
B165: South Sudan
A166: Spain | B166: Spain
A167: Sri Lanka | B167: Sri Lanka
A168: Sudan | B168: Sudan
A169: Suriname | B169: Suriname
A170: Sweden | B170: Sweden
A171: Switzerland | B171: Switzerland
A172: Syria | B172: Syria
A173: USSR | B173: Tajikistan
A174: Tanzania | B174: Tanzania
A175: Thailand | B175: Thailand
A176: Timor-Leste | B176: Timor-Leste
A177: Togo | B177: Togo
... A194: Zimbabwe | B194: Zimbabwe

Sheet region_krausmann
A1: region_krausmann | B1: region_HANPP
A2: Australia and Oceania | B2: North America and Oceania
A3: Central Asia and Russian Federation | B3: South and Central Asia
A4: Eastern and South Eastern Europe | B4: East Europe
A5: Eastern Asia | B5: East Asia
A6: Latin America and the Caribbean | B6: Latin America and Caribbean
A7: Northern Africa and Western Asia | B7: North Africa and West Asia
A8: Northern America | B8: North America and Oceania
A9: Southeastern Asia | B9: South and Central Asia
A10: Southern Asia | B10: South and Central Asia
A11: Subsaharan Africa | B11: Sub-saharan Africa
A12: Western Europe | B12: West Europe

Sheet regions_fabio
A1: area_code | B1: area | C1: iso3c | D1: continent | E1: Continent_Group | F1: EcoClass_Group | G1: GeoRegion_Group | H1: =regions_full!G1 -> EU27
A2: 4 | B2: Algeria | C2: DZA | D2: AFR | E2: Africa | F2: Other developing countries or areas | G2: Northern Africa | H2: =VLOOKUP($A2,regions_full!$D$2:$G$261,3,0) -> Algeria | I2: =A2 -> 4
A3: 7 | B3: Angola | C3: AGO | D3: AFR | E3: Africa | F3: Least Developed Countries | G3: Middle Africa | H3: =VLOOKUP($A3,regions_full!$D$2:$G$261,3,0) -> Angola | I3: =A3 -> 7
A4: 53 | B4: Benin | C4: BEN | D4: AFR | E4: Africa | F4: Least Developed Countries | G4: Western Africa | H4: =VLOOKUP($A4,regions_full!$D$2:$G$261,3,0) -> Benin | I4: =A4 -> 53
A5: 20 | B5: Botswana | C5: BWA | D5: AFR | E5: Africa | F5: Other developing countries or areas | G5: Southern Africa | H5: =VLOOKUP($A5,regions_full!$D$2:$G$261,3,0) -> Botswana | I5: =A5 -> 20
A6: 233 | B6: Burkina Faso | C6: BFA | D6: AFR | E6: Africa | F6: Least Developed Countries | G6: Western Africa | H6: =VLOOKUP($A6,regions_full!$D$2:$G$261,3,0) -> Burkina Faso | I6: =A6 -> 233
A7: 29 | B7: Burundi | C7: BDI | D7: AFR | E7: Africa | F7: Least Developed Countries | G7: Eastern Africa | H7: =VLOOKUP($A7,regions_full!$D$2:$G$261,3,0) -> Burundi | I7: =A7 -> 29
A8: 35 | B8: Cabo Verde | C8: CPV | D8: AFR | E8: Africa | F8: Other developing countries or areas | G8: Western Africa | H8: =VLOOKUP($A8,regions_full!$D$2:$G$261,3,0) -> Cabo Verde | I8: =A8 -> 35
A9: 32 | B9: Cameroon | C9: CMR | D9: AFR | E9: Africa | F9: Other developing countries or areas | G9: Middle Africa | H9: =VLOOKUP($A9,regions_full!$D$2:$G$261,3,0) -> Cameroon | I9: =A9 -> 32
A10: 37 | B10: Central African Republic | C10: CAF | D10: AFR | E10: Africa | F10: Least Developed Countries | G10: Middle Africa | H10: =VLOOKUP($A10,regions_full!$D$2:$G$261,3,0) -> Central African Republic | I10: =A10 -> 37
A11: 39 | B11: Chad | C11: TCD | D11: AFR | E11: Africa | F11: Least Developed Countries | G11: Middle Africa | H11: =VLOOKUP($A11,regions_full!$D$2:$G$261,3,0) -> Chad | I11: =A11 -> 39
A12: 46 | B12: Congo | C12: COG | D12: AFR | E12: Africa | F12: Other developing countries or areas | G12: Middle Africa | H12: =VLOOKUP($A12,regions_full!$D$2:$G$261,3,0) -> Congo | I12: =A12 -> 46
A13: 72 | B13: Djibouti | C13: DJI | D13: AFR | E13: Africa | F13: Least Developed Countries | G13: Eastern Africa | H13: =VLOOKUP($A13,regions_full!$D$2:$G$261,3,0) -> Djibouti | I13: =A13 -> 72
... A192: 999 | B192: RoW | C192: ROW | D192: ROW | E192: ROW | F192: ROW | G192: ROW | H192: =VLOOKUP($A192,regions_full!$D$2:$G$261,3,0) -> #N/A | I192: =A192 -> 999

Sheet polities_whep
A1: polity_code | B1: polity_name | C1: polity_name_full | D1: polity_code_full | E1: polity_name_FAO | F1: polity_name_FT | G1: polity_name_source | H1: polity_code_source | I1: start_year | J1: end_year | K1: Comments FT
A2: AFG | B2: Afghanistan | C2: =B2 -> Afghanistan | D2: =A2 -> AFG | E2: =VLOOKUP(A2,regions_full!E$2:$F$261,2,0) -> Afghanistan | G2: FAOSTAT | H2: ISO3 | I2: 1800
A3: ALB | B3: Albania | C3: =B3 -> Albania | D3: =A3 -> ALB | E3: =VLOOKUP(A3,regions_full!E$2:$F$261,2,0) -> Albania | G3: FAOSTAT | H3: ISO3 | I3: 1913
A4: DZA | B4: Algeria | C4: =B4 -> Algeria | D4: =A4 -> DZA | E4: =VLOOKUP(A4,regions_full!E$2:$F$261,2,0) -> Algeria | G4: FAOSTAT | H4: ISO3
A5: AGO | B5: Angola | C5: =B5 -> Angola | D5: =A5 -> AGO | E5: =VLOOKUP(A5,regions_full!E$2:$F$261,2,0) -> Angola | G5: FAOSTAT | H5: ISO3
A6: ATG | B6: Antigua and Barbuda | C6: =B6 -> Antigua and Barbuda | D6: =A6 -> ATG | E6: =VLOOKUP(A6,regions_full!E$2:$F$261,2,0) -> Antigua and Barbuda | F6: Leeward Islands (Antigua, Dominica, St.Christopher, Montserrat, Nevis, Virgin Island) | G6: FAOSTAT | H6: ISO3 | I6: 1816 | K6: in 1816 it was divided in two, with Antigua, Barbuda and Montserrat in one colony, and Saint Christopher, Nevis, Anguilla, and the Virgin Islands in another
A7: ARG | B7: Argentina | C7: =B7 -> Argentina | D7: =A7 -> ARG | E7: =VLOOKUP(A7,regions_full!E$2:$F$261,2,0) -> Argentina | G7: FAOSTAT | H7: ISO3
A8: ARM | B8: Armenia | C8: =B8 -> Armenia | D8: =A8 -> ARM | E8: =VLOOKUP(A8,regions_full!E$2:$F$261,2,0) -> Armenia | G8: FAOSTAT | H8: ISO3 | I8: 1992
A9: AUS | B9: Australia | C9: =B9 -> Australia | D9: =A9 -> AUS | E9: =VLOOKUP(A9,regions_full!E$2:$F$261,2,0) -> Australia | F9: Australia Commonwealth | G9: FAOSTAT | H9: ISO3 | I9: 1901
A10: AUT | B10: Austria | C10: =B10 -> Austria | D10: =A10 -> AUT | E10: =VLOOKUP(A10,regions_full!E$2:$F$261,2,0) -> Austria | G10: FAOSTAT | H10: ISO3
A11: AZE | B11: Azerbaijan | C11: =B11 -> Azerbaijan | D11: =A11 -> AZE | E11: =VLOOKUP(A11,regions_full!E$2:$F$261,2,0) -> Azerbaijan | G11: FAOSTAT | H11: ISO3 | I11: 1992
A12: BHS | B12: Bahamas | C12: =B12 -> Bahamas | D12: =A12 -> BHS | E12: =VLOOKUP(A12,regions_full!E$2:$F$261,2,0) -> Bahamas | G12: FAOSTAT | H12: ISO3
A13: BHR | B13: Bahrain | C13: =B13 -> Bahrain | D13: =A13 -> BHR | E13: =VLOOKUP(A13,regions_full!E$2:$F$261,2,0) -> Bahrain | G13: FAOSTAT | H13: ISO3
A14: BGD | B14: Bangladesh | C14: =B14 -> Bangladesh | D14: =A14 -> BGD | E14: =VLOOKUP(A14,regions_full!E$2:$F$261,2,0) -> Bangladesh | G14: FAOSTAT | H14: ISO3
A15: BRB | B15: Barbados | C15: =B15 -> Barbados | D15: =A15 -> BRB | E15: =VLOOKUP(A15,regions_full!E$2:$F$261,2,0) -> Barbados | G15: FAOSTAT | H15: ISO3
A16: BLR | B16: Belarus | C16: =B16 -> Belarus | D16: =A16 -> BLR | E16: =VLOOKUP(A16,regions_full!E$2:$F$261,2,0) -> Belarus | G16: FAOSTAT | H16: ISO3 | I16: 1992
A17: BEL | B17: Belgium | C17: =B17 -> Belgium | D17: =A17 -> BEL | E17: =VLOOKUP(A17,regions_full!E$2:$F$261,2,0) -> Belgium | G17: FAOSTAT | H17: ISO3 | I17: 2000
A18: BLX | B18: Belgium-Luxembourg | C18: =B18 -> Belgium-Luxembourg | D18: =A18 -> BLX | E18: =VLOOKUP(A18,regions_full!E$2:$F$261,2,0) -> Belgium-Luxembourg | G18: FAOSTAT | H18: ISO3 | J18: 1999
A19: BLZ | B19: Belize | C19: =B19 -> Belize | D19: =A19 -> BLZ | E19: =VLOOKUP(A19,regions_full!E$2:$F$261,2,0) -> Belize | G19: FAOSTAT | H19: ISO3
A20: BEN | B20: Benin | C20: =B20 -> Benin | D20: =A20 -> BEN | E20: =VLOOKUP(A20,regions_full!E$2:$F$261,2,0) -> Benin | G20: FAOSTAT | H20: ISO3
A21: BOL | B21: Bolivia | C21: =B21 -> Bolivia | D21: =A21 -> BOL | E21: =VLOOKUP(A21,regions_full!E$2:$F$261,2,0) -> Bolivia (Plurinational State of) | G21: FAOSTAT shortened | H21: ISO3
A22: BIH | B22: Bosnia and Herzegovina | C22: =B22 -> Bosnia and Herzegovina | D22: =A22 -> BIH | E22: =VLOOKUP(A22,regions_full!E$2:$F$261,2,0) -> Bosnia and Herzegovina | G22: FAOSTAT | H22: ISO3 | I22: 1992
A23: BWA | B23: Botswana | C23: =B23 -> Botswana | D23: =A23 -> BWA | E23: =VLOOKUP(A23,regions_full!E$2:$F$261,2,0) -> Botswana | G23: FAOSTAT | H23: ISO3
A24: BRA | B24: Brazil | C24: =B24 -> Brazil | D24: =A24 -> BRA | E24: =VLOOKUP(A24,regions_full!E$2:$F$261,2,0) -> Brazil | G24: FAOSTAT | H24: ISO3
A25: BRN | B25: Brunei Darussalam | C25: =B25 -> Brunei Darussalam | D25: =A25 -> BRN | E25: =VLOOKUP(A25,regions_full!E$2:$F$261,2,0) -> Brunei Darussalam | G25: FAOSTAT | H25: ISO3
A26: BGR | B26: Bulgaria | C26: =B26 -> Bulgaria | D26: =A26 -> BGR | E26: =VLOOKUP(A26,regions_full!E$2:$F$261,2,0) -> Bulgaria | G26: FAOSTAT | H26: ISO3
A27: BFA | B27: Burkina Faso | C27: =B27 -> Burkina Faso | D27: =A27 -> BFA | E27: =VLOOKUP(A27,regions_full!E$2:$F$261,2,0) -> Burkina Faso | G27: FAOSTAT | H27: ISO3
A28: BDI | B28: Burundi | C28: =B28 -> Burundi | D28: =A28 -> BDI | E28: =VLOOKUP(A28,regions_full!E$2:$F$261,2,0) -> Burundi | G28: FAOSTAT | H28: ISO3
A29: CPV | B29: Cabo Verde | C29: =B29 -> Cabo Verde | D29: =A29 -> CPV | E29: =VLOOKUP(A29,regions_full!E$2:$F$261,2,0) -> Cabo Verde | G29: FAOSTAT | H29: ISO3
A30: KHM | B30: Cambodia | C30: =B30 -> Cambodia | D30: =A30 -> KHM | E30: =VLOOKUP(A30,regions_full!E$2:$F$261,2,0) -> Cambodia | G30: FAOSTAT | H30: ISO3
A31: CMR | B31: Cameroon | C31: =B31 -> Cameroon | D31: =A31 -> CMR | E31: =VLOOKUP(A31,regions_full!E$2:$F$261,2,0) -> Cameroon | G31: FAOSTAT | H31: ISO3
A32: CAN | B32: Canada | C32: =B32 -> Canada | D32: =A32 -> CAN | E32: =VLOOKUP(A32,regions_full!E$2:$F$261,2,0) -> Canada | G32: FAOSTAT | H32: ISO3
A33: CAF | B33: Central African Republic | C33: =B33 -> Central African Republic | D33: =A33 -> CAF | E33: =VLOOKUP(A33,regions_full!E$2:$F$261,2,0) -> Central African Republic | G33: FAOSTAT | H33: ISO3
A34: TCD | B34: Chad | C34: =B34 -> Chad | D34: =A34 -> TCD | E34: =VLOOKUP(A34,regions_full!E$2:$F$261,2,0) -> Chad | G34: FAOSTAT | H34: ISO3
... A42: CRI | B42: Costa Rica | C42: =B42 -> Costa Rica | D42: =A42 -> CRI | E42: =VLOOKUP(A42,regions_full!E$2:$F$261,2,0) -> Costa Rica | G42: FAOSTAT | H42: ISO3
A43: HRV | B43: Croatia | C43: =B43 -> Croatia | D43: =A43 -> HRV | E43: =VLOOKUP(A43,regions_full!E$2:$F$261,2,0) -> Croatia | G43: FAOSTAT | H43: ISO3 | I43: 1992
A44: CUB | B44: Cuba | C44: =B44 -> Cuba | D44: =A44 -> CUB | E44: =VLOOKUP(A44,regions_full!E$2:$F$261,2,0) -> Cuba | G44: FAOSTAT | H44: ISO3
A45: CYP | B45: Cyprus | C45: =B45 -> Cyprus | D45: =A45 -> CYP | E45: =VLOOKUP(A45,regions_full!E$2:$F$261,2,0) -> Cyprus | G45: FAOSTAT | H45: ISO3
A46: CZE | B46: Czechia | C46: =B46 -> Czechia | D46: =A46 -> CZE | E46: =VLOOKUP(A46,regions_full!E$2:$F$261,2,0) -> Czechia | G46: FAOSTAT | H46: ISO3 | I46: 1993
A47: CSK | B47: Czechoslovakia | C47: =B47 -> Czechoslovakia | D47: =A47 -> CSK | E47: =VLOOKUP(A47,regions_full!E$2:$F$261,2,0) -> Czechoslovakia | G47: FAOSTAT | H47: ISO3 | J47: 1992
A48: DNK | B48: Denmark | C48: =B48 -> Denmark | D48: =A48 -> DNK | E48: =VLOOKUP(A48,regions_full!E$2:$F$261,2,0) -> Denmark | G48: FAOSTAT | H48: ISO3
A49: DJI | B49: Djibouti | C49: =B49 -> Djibouti | D49: =A49 -> DJI | E49: =VLOOKUP(A49,regions_full!E$2:$F$261,2,0) -> Djibouti | G49: FAOSTAT | H49: ISO3
A50: DMA | B50: Dominica | C50: =B50 -> Dominica | D50: =A50 -> DMA | E50: =VLOOKUP(A50,regions_full!E$2:$F$261,2,0) -> Dominica | G50: FAOSTAT | H50: ISO3
A51: DOM | B51: Dominican Republic | C51: =B51 -> Dominican Republic | D51: =A51 -> DOM | E51: =VLOOKUP(A51,regions_full!E$2:$F$261,2,0) -> Dominican Republic | G51: FAOSTAT | H51: ISO3
A52: COD | B52: DR Congo | C52: =B52 -> DR Congo | D52: =A52 -> COD | E52: =VLOOKUP(A52,regions_full!E$2:$F$261,2,0) -> Democratic Republic of the Congo | G52: FAOSTAT shortened | H52: ISO3
A53: ECU | B53: Ecuador | C53: =B53 -> Ecuador | D53: =A53 -> ECU | E53: =VLOOKUP(A53,regions_full!E$2:$F$261,2,0) -> Ecuador | G53: FAOSTAT | H53: ISO3
A54: EGY | B54: Egypt | C54: =B54 -> Egypt | D54: =A54 -> EGY | E54: =VLOOKUP(A54,regions_full!E$2:$F$261,2,0) -> Egypt | G54: FAOSTAT | H54: ISO3
A55: SLV | B55: El Salvador | C55: =B55 -> El Salvador | D55: =A55 -> SLV | E55: =VLOOKUP(A55,regions_full!E$2:$F$261,2,0) -> El Salvador | G55: FAOSTAT | H55: ISO3
A56: ERI | B56: Eritrea | C56: =B56 -> Eritrea | D56: =A56 -> ERI | E56: =VLOOKUP(A56,regions_full!E$2:$F$261,2,0) -> Eritrea | G56: FAOSTAT | H56: ISO3 | I56: 1993
A57: EST | B57: Estonia | C57: =B57 -> Estonia | D57: =A57 -> EST | E57: =VLOOKUP(A57,regions_full!E$2:$F$261,2,0) -> Estonia | G57: FAOSTAT | H57: ISO3 | I57: 1992
A58: ETH | B58: Ethiopia | C58: =B58 -> Ethiopia | D58: =A58 -> ETH | E58: =VLOOKUP(A58,regions_full!E$2:$F$261,2,0) -> Ethiopia | G58: FAOSTAT unified (Ethiopia and Ethiopia PDR) | H58: ISO3
A59: FJI | B59: Fiji | C59: =B59 -> Fiji | D59: =A59 -> FJI | E59: =VLOOKUP(A59,regions_full!E$2:$F$261,2,0) -> Fiji | G59: FAOSTAT | H59: ISO3
A60: FIN | B60: Finland | C60: =B60 -> Finland | D60: =A60 -> FIN | E60: =VLOOKUP(A60,regions_full!E$2:$F$261,2,0) -> Finland | G60: FAOSTAT | H60: ISO3
A61: FRA | B61: France | C61: =B61 -> France | D61: =A61 -> FRA | E61: =VLOOKUP(A61,regions_full!E$2:$F$261,2,0) -> France | G61: FAOSTAT | H61: ISO3
A62: PYF | B62: French Polynesia | C62: =B62 -> French Polynesia | D62: =A62 -> PYF | E62: =VLOOKUP(A62,regions_full!E$2:$F$261,2,0) -> French Polynesia | G62: FAOSTAT | H62: ISO3
A63: GAB | B63: Gabon | C63: =B63 -> Gabon | D63: =A63 -> GAB | E63: =VLOOKUP(A63,regions_full!E$2:$F$261,2,0) -> Gabon | G63: FAOSTAT | H63: ISO3
A64: GMB | B64: Gambia | C64: =B64 -> Gambia | D64: =A64 -> GMB | E64: =VLOOKUP(A64,regions_full!E$2:$F$261,2,0) -> Gambia | G64: FAOSTAT | H64: ISO3
A65: GEO | B65: Georgia | C65: =B65 -> Georgia | D65: =A65 -> GEO | E65: =VLOOKUP(A65,regions_full!E$2:$F$261,2,0) -> Georgia | G65: FAOSTAT | H65: ISO3 | I65: 1992
A66: DEU | B66: Germany | C66: =B66 -> Germany | D66: =A66 -> DEU | E66: =VLOOKUP(A66,regions_full!E$2:$F$261,2,0) -> Germany | G66: FAOSTAT | H66: ISO3
A67: GHA | B67: Ghana | C67: =B67 -> Ghana | D67: =A67 -> GHA | E67: =VLOOKUP(A67,regions_full!E$2:$F$261,2,0) -> Ghana | G67: FAOSTAT | H67: ISO3
A68: GRC | B68: Greece | C68: =B68 -> Greece | D68: =A68 -> GRC | E68: =VLOOKUP(A68,regions_full!E$2:$F$261,2,0) -> Greece | G68: FAOSTAT | H68: ISO3
A69: GRD | B69: Grenada | C69: =B69 -> Grenada | D69: =A69 -> GRD | E69: =VLOOKUP(A69,regions_full!E$2:$F$261,2,0) -> Grenada | G69: FAOSTAT | H69: ISO3
A70: GTM | B70: Guatemala | C70: =B70 -> Guatemala | D70: =A70 -> GTM | E70: =VLOOKUP(A70,regions_full!E$2:$F$261,2,0) -> Guatemala | G70: FAOSTAT | H70: ISO3
A71: GIN | B71: Guinea | C71: =B71 -> Guinea | D71: =A71 -> GIN | E71: =VLOOKUP(A71,regions_full!E$2:$F$261,2,0) -> Guinea | G71: FAOSTAT | H71: ISO3
A72: GNB | B72: Guinea-Bissau | C72: =B72 -> Guinea-Bissau | D72: =A72 -> GNB | E72: =VLOOKUP(A72,regions_full!E$2:$F$261,2,0) -> Guinea-Bissau | G72: FAOSTAT | H72: ISO3
A73: GUY | B73: Guyana | C73: =B73 -> Guyana | D73: =A73 -> GUY | E73: =VLOOKUP(A73,regions_full!E$2:$F$261,2,0) -> Guyana | G73: FAOSTAT | H73: ISO3
A74: HTI | B74: Haiti | C74: =B74 -> Haiti | D74: =A74 -> HTI | E74: =VLOOKUP(A74,regions_full!E$2:$F$261,2,0) -> Haiti | G74: FAOSTAT | H74: ISO3
A75: HND | B75: Honduras | C75: =B75 -> Honduras | D75: =A75 -> HND | E75: =VLOOKUP(A75,regions_full!E$2:$F$261,2,0) -> Honduras | G75: FAOSTAT | H75: ISO3
A76: HUN | B76: Hungary | C76: =B76 -> Hungary | D76: =A76 -> HUN | E76: =VLOOKUP(A76,regions_full!E$2:$F$261,2,0) -> Hungary | G76: FAOSTAT | H76: ISO3
A77: ISL | B77: Iceland | C77: =B77 -> Iceland | D77: =A77 -> ISL | E77: =VLOOKUP(A77,regions_full!E$2:$F$261,2,0) -> Iceland | G77: FAOSTAT | H77: ISO3
... A88: JOR | B88: Jordan | C88: =B88 -> Jordan | D88: =A88 -> JOR | E88: =VLOOKUP(A88,regions_full!E$2:$F$261,2,0) -> Jordan | G88: FAOSTAT | H88: ISO3
A89: KAZ | B89: Kazakhstan | C89: =B89 -> Kazakhstan | D89: =A89 -> KAZ | E89: =VLOOKUP(A89,regions_full!E$2:$F$261,2,0) -> Kazakhstan | G89: FAOSTAT | H89: ISO3 | I89: 1992
A90: KEN | B90: Kenya | C90: =B90 -> Kenya | D90: =A90 -> KEN | E90: =VLOOKUP(A90,regions_full!E$2:$F$261,2,0) -> Kenya | G90: FAOSTAT | H90: ISO3
A91: KIR | B91: Kiribati | C91: =B91 -> Kiribati | D91: =A91 -> KIR | E91: =VLOOKUP(A91,regions_full!E$2:$F$261,2,0) -> Kiribati | G91: FAOSTAT | H91: ISO3
A92: KWT | B92: Kuwait | C92: =B92 -> Kuwait | D92: =A92 -> KWT | E92: =VLOOKUP(A92,regions_full!E$2:$F$261,2,0) -> Kuwait | G92: FAOSTAT | H92: ISO3
A93: KGZ | B93: Kyrgyzstan | C93: =B93 -> Kyrgyzstan | D93: =A93 -> KGZ | E93: =VLOOKUP(A93,regions_full!E$2:$F$261,2,0) -> Kyrgyzstan | G93: FAOSTAT | H93: ISO3 | I93: 1992
A94: LAO | B94: Lao | C94: =B94 -> Lao | D94: =A94 -> LAO | E94: =VLOOKUP(A94,regions_full!E$2:$F$261,2,0) -> Lao People's Democratic Republic | G94: FAOSTAT shortened | H94: ISO3
A95: LVA | B95: Latvia | C95: =B95 -> Latvia | D95: =A95 -> LVA | E95: =VLOOKUP(A95,regions_full!E$2:$F$261,2,0) -> Latvia | G95: FAOSTAT | H95: ISO3 | I95: 1992
A96: LBN | B96: Lebanon | C96: =B96 -> Lebanon | D96: =A96 -> LBN | E96: =VLOOKUP(A96,regions_full!E$2:$F$261,2,0) -> Lebanon | G96: FAOSTAT | H96: ISO3
A97: LSO | B97: Lesotho | C97: =B97 -> Lesotho | D97: =A97 -> LSO | E97: =VLOOKUP(A97,regions_full!E$2:$F$261,2,0) -> Lesotho | G97: FAOSTAT | H97: ISO3
A98: LBR | B98: Liberia | C98: =B98 -> Liberia | D98: =A98 -> LBR | E98: =VLOOKUP(A98,regions_full!E$2:$F$261,2,0) -> Liberia | G98: FAOSTAT | H98: ISO3
A99: LBY | B99: Libya | C99: =B99 -> Libya | D99: =A99 -> LBY | E99: =VLOOKUP(A99,regions_full!E$2:$F$261,2,0) -> Libya | G99: FAOSTAT | H99: ISO3
A100: LTU | B100: Lithuania | C100: =B100 -> Lithuania | D100: =A100 -> LTU | E100: =VLOOKUP(A100,regions_full!E$2:$F$261,2,0) -> Lithuania | G100: FAOSTAT | H100: ISO3 | I100: 1992
A101: LUX | B101: Luxembourg | C101: =B101 -> Luxembourg | D101: =A101 -> LUX | E101: =VLOOKUP(A101,regions_full!E$2:$F$261,2,0) -> Luxembourg | G101: FAOSTAT | H101: ISO3 | I101: 2000
A102: MKD | B102: North Macedonia | C102: =B102 -> North Macedonia | D102: =A102 -> MKD | E102: =VLOOKUP(A102,regions_full!E$2:$F$261,2,0) -> North Macedonia | G102: FAOSTAT | H102: ISO3 | I102: 1992
A103: MDG | B103: Madagascar | C103: =B103 -> Madagascar | D103: =A103 -> MDG | E103: =VLOOKUP(A103,regions_full!E$2:$F$261,2,0) -> Madagascar | G103: FAOSTAT | H103: ISO3
A104: MWI | B104: Malawi | C104: =B104 -> Malawi | D104: =A104 -> MWI | E104: =VLOOKUP(A104,regions_full!E$2:$F$261,2,0) -> Malawi | G104: FAOSTAT | H104: ISO3
A105: MYS | B105: Malaysia | C105: =B105 -> Malaysia | D105: =A105 -> MYS | E105: =VLOOKUP(A105,regions_full!E$2:$F$261,2,0) -> Malaysia | G105: FAOSTAT | H105: ISO3
A106: MDV | B106: Maldives | C106: =B106 -> Maldives | D106: =A106 -> MDV | E106: =VLOOKUP(A106,regions_full!E$2:$F$261,2,0) -> Maldives | G106: FAOSTAT | H106: ISO3
A107: MLI | B107: Mali | C107: =B107 -> Mali | D107: =A107 -> MLI | E107: =VLOOKUP(A107,regions_full!E$2:$F$261,2,0) -> Mali | G107: FAOSTAT | H107: ISO3
A108: MLT | B108: Malta | C108: =B108 -> Malta | D108: =A108 -> MLT | E108: =VLOOKUP(A108,regions_full!E$2:$F$261,2,0) -> Malta | G108: FAOSTAT | H108: ISO3
A109: MRT | B109: Mauritania | C109: =B109 -> Mauritania | D109: =A109 -> MRT | E109: =VLOOKUP(A109,regions_full!E$2:$F$261,2,0) -> Mauritania | G109: FAOSTAT | H109: ISO3
A110: MUS | B110: Mauritius | C110: =B110 -> Mauritius | D110: =A110 -> MUS | E110: =VLOOKUP(A110,regions_full!E$2:$F$261,2,0) -> Mauritius | G110: FAOSTAT | H110: ISO3
A111: MEX | B111: Mexico | C111: =B111 -> Mexico | D111: =A111 -> MEX | E111: =VLOOKUP(A111,regions_full!E$2:$F$261,2,0) -> Mexico | G111: FAOSTAT | H111: ISO3
A112: MDA | B112: Republic of Moldova | C112: =B112 -> Republic of Moldova | D112: =A112 -> MDA | E112: =VLOOKUP(A112,regions_full!E$2:$F$261,2,0) -> Republic of Moldova | G112: FAOSTAT | H112: ISO3 | I112: 1992
A113: MNG | B113: Mongolia | C113: =B113 -> Mongolia | D113: =A113 -> MNG | E113: =VLOOKUP(A113,regions_full!E$2:$F$261,2,0) -> Mongolia | G113: FAOSTAT | H113: ISO3
A114: MNE | B114: Montenegro | C114: =B114 -> Montenegro | D114: =A114 -> MNE | E114: =VLOOKUP(A114,regions_full!E$2:$F$261,2,0) -> Montenegro | G114: FAOSTAT | H114: ISO3 | I114: 2006
A115: MAR | B115: Morocco | C115: =B115 -> Morocco | D115: =A115 -> MAR | E115: =VLOOKUP(A115,regions_full!E$2:$F$261,2,0) -> Morocco | G115: FAOSTAT | H115: ISO3
A116: MOZ | B116: Mozambique | C116: =B116 -> Mozambique | D116: =A116 -> MOZ | E116: =VLOOKUP(A116,regions_full!E$2:$F$261,2,0) -> Mozambique | G116: FAOSTAT | H116: ISO3
A117: MMR | B117: Myanmar | C117: =B117 -> Myanmar | D117: =A117 -> MMR | E117: =VLOOKUP(A117,regions_full!E$2:$F$261,2,0) -> Myanmar | G117: FAOSTAT | H117: ISO3
...

Sheet polities_cats
A1: =polities_whep!A1 -> polity_code | B1: =polities_whep!B1 -> polity_name | C1: =regions_full!C1 -> V1 | D1: =regions_full!D1 -> code | E1: =regions_full!E1 -> iso3c | F1: =regions_full!F1 -> FAOSTAT_name | G1: =regions_full!G1 -> EU27 | H1: =regions_full!H1 -> name | I1: =regions_full!I1 -> eia | J1: =regions_full!J1 -> iea | ... AN1: =regions_full!AN1 -> 0
A2: =polities_whep!A2 -> AFG | B2: =polities_whep!B2 -> Afghanistan | C2: =VLOOKUP($A2,regions_full!$A$2:$AI$267,MATCH(polities_cats!C$1,$A$1:$AN$1,0),0) -> 2 | D2: =VLOOKUP($A2,regions_full!$A$2:$AI$267,MATCH(polities_cats!D$1,$A$1:$AN$1,0),0) -> 2 | E2: =VLOOKUP($A2,regions_full!$A$2:$AI$267,MATCH(polities_cats!E$1,$A$1:$AN$1,0),0) -> AFG | F2: =VLOOKUP($A2,regions_full!$A$2:$AI$267,MATCH(polities_cats!F$1,$A$1:$AN$1,0),0) -> Afghanistan | G2: =VLOOKUP($A2,regions_full!$A$2:$AI$267,MATCH(polities_cats!G$1,$A$1:$AN$1,0),0) -> FALSE | H2: =VLOOKUP($A2,regions_full!$A$2:$AI$267,MATCH(polities_cats!H$1,$A$1:$AN$1,0),0) -> Afghanistan | I2: =VLOOKUP($A2,regions_full!$A$2:$AI$267,MATCH(polities_cats!I$1,$A$1:$AN$1,0),0) -> Afghanistan | J2: =VLOOKUP($A2,regions_full!$A$2:$AI$267,MATCH(polities_cats!J$1,$A$1:$AN$1,0),0) -> 0 | ... AN2: =VLOOKUP($A2,regions_full!$A$2:$AI$267,MATCH(polities_cats!AN$1,$A$1:$AN$1,0),0) -> #REF!
A3: =polities_whep!A3 -> ALB | B3: =polities_whep!B3 -> Albania | C3: =VLOOKUP($A3,regions_full!$A$2:$AI$267,MATCH(polities_cats!C$1,$A$1:$AN$1,0),0) -> 3 | D3: =VLOOKUP($A3,regions_full!$A$2:$AI$267,MATCH(polities_cats!D$1,$A$1:$AN$1,0),0) -> 3 | E3: =VLOOKUP($A3,regions_full!$A$2:$AI$267,MATCH(polities_cats!E$1,$A$1:$AN$1,0),0) -> ALB | F3: =VLOOKUP($A3,regions_full!$A$2:$AI$267,MATCH(polities_cats!F$1,$A$1:$AN$1,0),0) -> Albania | G3: =VLOOKUP($A3,regions_full!$A$2:$AI$267,MATCH(polities_cats!G$1,$A$1:$AN$1,0),0) -> FALSE | H3: =VLOOKUP($A3,regions_full!$A$2:$AI$267,MATCH(polities_cats!H$1,$A$1:$AN$1,0),0) -> Albania | I3: =VLOOKUP($A3,regions_full!$A$2:$AI$267,MATCH(polities_cats!I$1,$A$1:$AN$1,0),0) -> Albania | J3: =VLOOKUP($A3,regions_full!$A$2:$AI$267,MATCH(polities_cats!J$1,$A$1:$AN$1,0),0) -> Albania | ... AN3: =VLOOKUP($A3,regions_full!$A$2:$AI$267,MATCH(polities_cats!AN$1,$A$1:$AN$1,0),0) -> #REF!
A4: =polities_whep!A4 -> DZA | B4: =polities_whep!B4 -> Algeria | C4: =VLOOKUP($A4,regions_full!$A$2:$AI$267,MATCH(polities_cats!C$1,$A$1:$AN$1,0),0) -> 4 | D4: =VLOOKUP($A4,regions_full!$A$2:$AI$267,MATCH(polities_cats!D$1,$A$1:$AN$1,0),0) -> 4 | E4: =VLOOKUP($A4,regions_full!$A$2:$AI$267,MATCH(polities_cats!E$1,$A$1:$AN$1,0),0) -> DZA | F4: =VLOOKUP($A4,regions_full!$A$2:$AI$267,MATCH(polities_cats!F$1,$A$1:$AN$1,0),0) -> Algeria | G4: =VLOOKUP($A4,regions_full!$A$2:$AI$267,MATCH(polities_cats!G$1,$A$1:$AN$1,0),0) -> FALSE | H4: =VLOOKUP($A4,regions_full!$A$2:$AI$267,MATCH(polities_cats!H$1,$A$1:$AN$1,0),0) -> Algeria | I4: =VLOOKUP($A4,regions_full!$A$2:$AI$267,MATCH(polities_cats!I$1,$A$1:$AN$1,0),0) -> Algeria | J4: =VLOOKUP($A4,regions_full!$A$2:$AI$267,MATCH(polities_cats!J$1,$A$1:$AN$1,0),0) -> Algeria | ... AN4: =VLOOKUP($A4,regions_full!$A$2:$AI$267,MATCH(polities_cats!AN$1,$A$1:$AN$1,0),0) -> #REF!
A5: =polities_whep!A5 -> AGO | B5: =polities_whep!B5 -> Angola | C5: =VLOOKUP($A5,regions_full!$A$2:$AI$267,MATCH(polities_cats!C$1,$A$1:$AN$1,0),0) -> 7 | D5: =VLOOKUP($A5,regions_full!$A$2:$AI$267,MATCH(polities_cats!D$1,$A$1:$AN$1,0),0) -> 7 | E5: =VLOOKUP($A5,regions_full!$A$2:$AI$267,MATCH(polities_cats!E$1,$A$1:$AN$1,0),0) -> AGO | F5: =VLOOKUP($A5,regions_full!$A$2:$AI$267,MATCH(polities_cats!F$1,$A$1:$AN$1,0),0) -> Angola | G5: =VLOOKUP($A5,regions_full!$A$2:$AI$267,MATCH(polities_cats!G$1,$A$1:$AN$1,0),0) -> FALSE | H5: =VLOOKUP($A5,regions_full!$A$2:$AI$267,MATCH(polities_cats!H$1,$A$1:$AN$1,0),0) -> Angola | I5: =VLOOKUP($A5,regions_full!$A$2:$AI$267,MATCH(polities_cats!I$1,$A$1:$AN$1,0),0) -> Angola | J5: =VLOOKUP($A5,regions_full!$A$2:$AI$267,MATCH(polities_cats!J$1,$A$1:$AN$1,0),0) -> Angola | ... AN5: =VLOOKUP($A5,regions_full!$A$2:$AI$267,MATCH(polities_cats!AN$1,$A$1:$AN$1,0),0) -> #REF!
A6: =polities_whep!A6 -> ATG | B6: =polities_whep!B6 -> Antigua and Barbuda | C6: =VLOOKUP($A6,regions_full!$A$2:$AI$267,MATCH(polities_cats!C$1,$A$1:$AN$1,0),0) -> 8 | D6: =VLOOKUP($A6,regions_full!$A$2:$AI$267,MATCH(polities_cats!D$1,$A$1:$AN$1,0),0) -> 8 | E6: =VLOOKUP($A6,regions_full!$A$2:$AI$267,MATCH(polities_cats!E$1,$A$1:$AN$1,0),0) -> ATG | F6: =VLOOKUP($A6,regions_full!$A$2:$AI$267,MATCH(polities_cats!F$1,$A$1:$AN$1,0),0) -> Antigua and Barbuda | G6: =VLOOKUP($A6,regions_full!$A$2:$AI$267,MATCH(polities_cats!G$1,$A$1:$AN$1,0),0) -> FALSE | H6: =VLOOKUP($A6,regions_full!$A$2:$AI$267,MATCH(polities_cats!H$1,$A$1:$AN$1,0),0) -> Antigua and Barbuda | I6: =VLOOKUP($A6,regions_full!$A$2:$AI$267,MATCH(polities_cats!I$1,$A$1:$AN$1,0),0) -> Antigua and Barbuda | J6: =VLOOKUP($A6,regions_full!$A$2:$AI$267,MATCH(polities_cats!J$1,$A$1:$AN$1,0),0) -> 0 | ... AN6: =VLOOKUP($A6,regions_full!$A$2:$AI$267,MATCH(polities_cats!AN$1,$A$1:$AN$1,0),0) -> #REF!
A7: =polities_whep!A7 -> ARG | B7: =polities_whep!B7 -> Argentina | C7: =VLOOKUP($A7,regions_full!$A$2:$AI$267,MATCH(polities_cats!C$1,$A$1:$AN$1,0),0) -> 9 | D7: =VLOOKUP($A7,regions_full!$A$2:$AI$267,MATCH(polities_cats!D$1,$A$1:$AN$1,0),0) -> 9 | E7: =VLOOKUP($A7,regions_full!$A$2:$AI$267,MATCH(polities_cats!E$1,$A$1:$AN$1,0),0) -> ARG | F7: =VLOOKUP($A7,regions_full!$A$2:$AI$267,MATCH(polities_cats!F$1,$A$1:$AN$1,0),0) -> Argentina | G7: =VLOOKUP($A7,regions_full!$A$2:$AI$267,MATCH(polities_cats!G$1,$A$1:$AN$1,0),0) -> FALSE | H7: =VLOOKUP($A7,regions_full!$A$2:$AI$267,MATCH(polities_cats!H$1,$A$1:$AN$1,0),0) -> Argentina | I7: =VLOOKUP($A7,regions_full!$A$2:$AI$267,MATCH(polities_cats!I$1,$A$1:$AN$1,0),0) -> Argentina | J7: =VLOOKUP($A7,regions_full!$A$2:$AI$267,MATCH(polities_cats!J$1,$A$1:$AN$1,0),0) -> Argentina | ... AN7: =VLOOKUP($A7,regions_full!$A$2:$AI$267,MATCH(polities_cats!AN$1,$A$1:$AN$1,0),0) -> #REF!
A8: =polities_whep!A8 -> ARM | B8: =polities_whep!B8 -> Armenia | C8: =VLOOKUP($A8,regions_full!$A$2:$AI$267,MATCH(polities_cats!C$1,$A$1:$AN$1,0),0) -> 1 | D8: =VLOOKUP($A8,regions_full!$A$2:$AI$267,MATCH(polities_cats!D$1,$A$1:$AN$1,0),0) -> 1 | E8: =VLOOKUP($A8,regions_full!$A$2:$AI$267,MATCH(polities_cats!E$1,$A$1:$AN$1,0),0) -> ARM | F8: =VLOOKUP($A8,regions_full!$A$2:$AI$267,MATCH(polities_cats!F$1,$A$1:$AN$1,0),0) -> Armenia | G8: =VLOOKUP($A8,regions_full!$A$2:$AI$267,MATCH(polities_cats!G$1,$A$1:$AN$1,0),0) -> FALSE | H8: =VLOOKUP($A8,regions_full!$A$2:$AI$267,MATCH(polities_cats!H$1,$A$1:$AN$1,0),0) -> Armenia | I8: =VLOOKUP($A8,regions_full!$A$2:$AI$267,MATCH(polities_cats!I$1,$A$1:$AN$1,0),0) -> Armenia | J8: =VLOOKUP($A8,regions_full!$A$2:$AI$267,MATCH(polities_cats!J$1,$A$1:$AN$1,0),0) -> Armenia | ... AN8: =VLOOKUP($A8,regions_full!$A$2:$AI$267,MATCH(polities_cats!AN$1,$A$1:$AN$1,0),0) -> #REF!
A9: =polities_whep!A9 -> AUS | B9: =polities_whep!B9 -> Australia | C9: =VLOOKUP($A9,regions_full!$A$2:$AI$267,MATCH(polities_cats!C$1,$A$1:$AN$1,0),0) -> 10 | D9: =VLOOKUP($A9,regions_full!$A$2:$AI$267,MATCH(polities_cats!D$1,$A$1:$AN$1,0),0) -> 10 | E9: =VLOOKUP($A9,regions_full!$A$2:$AI$267,MATCH(polities_cats!E$1,$A$1:$AN$1,0),0) -> AUS | F9: =VLOOKUP($A9,regions_full!$A$2:$AI$267,MATCH(polities_cats!F$1,$A$1:$AN$1,0),0) -> Australia | G9: =VLOOKUP($A9,regions_full!$A$2:$AI$267,MATCH(polities_cats!G$1,$A$1:$AN$1,0),0) -> FALSE | H9: =VLOOKUP($A9,regions_full!$A$2:$AI$267,MATCH(polities_cats!H$1,$A$1:$AN$1,0),0) -> Australia | I9: =VLOOKUP($A9,regions_full!$A$2:$AI$267,MATCH(polities_cats!I$1,$A$1:$AN$1,0),0) -> Australia | J9: =VLOOKUP($A9,regions_full!$A$2:$AI$267,MATCH(polities_cats!J$1,$A$1:$AN$1,0),0) -> Australia | ... AN9: =VLOOKUP($A9,regions_full!$A$2:$AI$267,MATCH(polities_cats!AN$1,$A$1:$AN$1,0),0) -> #REF!
